case_id,pipeline,end_ns,end_to_end_ms,model_batch_id,model_batch_size,model_ms,policy_ms,retrieval_ms,start_ns,validation_ms
EXT-ADVERSARIAL-0002,C0_DIRECT_SLM,10933890661486,13300.587114999998,batch-000000,8,13300.518159,0.0,0.014231,10920590143327,0.054725
EXT-ADVERSARIAL-0003,C0_DIRECT_SLM,10933890661486,13300.541709,batch-000000,8,13300.518159,0.0,0.005062,10920590143327,0.018488
EXT-ADVERSARIAL-0005,C0_DIRECT_SLM,10933890661486,13300.528237999999,batch-000000,8,13300.518159,0.0,0.00368,10920590143327,0.006399
EXT-ADVERSARIAL-0014,C0_DIRECT_SLM,10933890661486,13300.523093999998,batch-000000,8,13300.518159,0.0,0.001846,10920590143327,0.003089
EXT-ADVERSARIAL-0015,C0_DIRECT_SLM,10933890661486,13300.525306,batch-000000,8,13300.518159,0.0,0.001936,10920590143327,0.005211
EXT-ADVERSARIAL-0018,C0_DIRECT_SLM,10933890661486,13300.532016,batch-000000,8,13300.518159,0.0,0.002699,10920590143327,0.011158
EXT-ADVERSARIAL-0021,C0_DIRECT_SLM,10933890661486,13300.53114,batch-000000,8,13300.518159,0.0,0.002024,10920590143327,0.010957
EXT-ADVERSARIAL-0025,C0_DIRECT_SLM,10933890661486,13300.529935999999,batch-000000,8,13300.518159,0.0,0.002003,10920590143327,0.009774
EXT-ADVERSARIAL-0026,C0_DIRECT_SLM,10945139024556,11248.117993,batch-000001,8,11248.110367,0.0,0.002028,10933890914189,0.005598
EXT-ADVERSARIAL-0028,C0_DIRECT_SLM,10945139024556,11248.114784,batch-000001,8,11248.110367,0.0,0.001759,10933890914189,0.002658
EXT-ADVERSARIAL-0029,C0_DIRECT_SLM,10945139024556,11248.121879,batch-000001,8,11248.110367,0.0,0.00184,10933890914189,0.009672
EXT-ADVERSARIAL-0031,C0_DIRECT_SLM,10945139024556,11248.116452999999,batch-000001,8,11248.110367,0.0,0.001983,10933890914189,0.004103
EXT-ADVERSARIAL-0032,C0_DIRECT_SLM,10945139024556,11248.11757,batch-000001,8,11248.110367,0.0,0.001731,10933890914189,0.005472
EXT-ADVERSARIAL-0034,C0_DIRECT_SLM,10945139024556,11248.119958,batch-000001,8,11248.110367,0.0,0.001443,10933890914189,0.008148
EXT-ADVERSARIAL-0039,C0_DIRECT_SLM,10945139024556,11248.120434999999,batch-000001,8,11248.110367,0.0,0.002052,10933890914189,0.008016
EXT-ADVERSARIAL-0044,C0_DIRECT_SLM,10945139024556,11248.114148999999,batch-000001,8,11248.110367,0.0,0.001549,10933890914189,0.002233
EXT-ADVERSARIAL-0050,C0_DIRECT_SLM,10956532795192,11393.490173,batch-000002,8,11393.485783,0.0,0.00212,10945139309409,0.00227
EXT-ADVERSARIAL-0051,C0_DIRECT_SLM,10956532795192,11393.496071,batch-000002,8,11393.485783,0.0,0.001811,10945139309409,0.008477
EXT-ADVERSARIAL-0056,C0_DIRECT_SLM,10956532795192,11393.495640000001,batch-000002,8,11393.485783,0.0,0.001264,10945139309409,0.008593
EXT-ADVERSARIAL-0058,C0_DIRECT_SLM,10956532795192,11393.492387,batch-000002,8,11393.485783,0.0,0.001251,10945139309409,0.005353
EXT-ADVERSARIAL-0061,C0_DIRECT_SLM,10956532795192,11393.495458,batch-000002,8,11393.485783,0.0,0.001648,10945139309409,0.008027
EXT-ADVERSARIAL-0063,C0_DIRECT_SLM,10956532795192,11393.494830000001,batch-000002,8,11393.485783,0.0,0.001405,10945139309409,0.007642
EXT-ADVERSARIAL-0071,C0_DIRECT_SLM,10956532795192,11393.491313,batch-000002,8,11393.485783,0.0,0.001558,10945139309409,0.003972
EXT-ADVERSARIAL-0073,C0_DIRECT_SLM,10956532795192,11393.495789999999,batch-000002,8,11393.485783,0.0,0.002035,10945139309409,0.007972
EXT-ADVERSARIAL-0076,C0_DIRECT_SLM,10967824945577,11291.93738,batch-000003,8,11291.930312,0.0,0.001353,10956533015265,0.005715
EXT-ADVERSARIAL-0078,C0_DIRECT_SLM,10967824945577,11291.93714,batch-000003,8,11291.930312,0.0,0.001312,10956533015265,0.005516
EXT-ADVERSARIAL-0082,C0_DIRECT_SLM,10967824945577,11291.940231,batch-000003,8,11291.930312,0.0,0.00158,10956533015265,0.008339
EXT-ADVERSARIAL-0084,C0_DIRECT_SLM,10967824945577,11291.937131,batch-000003,8,11291.930312,0.0,0.001499,10956533015265,0.00532
EXT-ADVERSARIAL-0085,C0_DIRECT_SLM,10967824945577,11291.935559000001,batch-000003,8,11291.930312,0.0,0.001581,10956533015265,0.003666
EXT-ADVERSARIAL-0089,C0_DIRECT_SLM,10967824945577,11291.940005,batch-000003,8,11291.930312,0.0,0.001588,10956533015265,0.008105
EXT-ADVERSARIAL-0093,C0_DIRECT_SLM,10967824945577,11291.94054,batch-000003,8,11291.930312,0.0,0.002625,10956533015265,0.007603
EXT-ADVERSARIAL-0095,C0_DIRECT_SLM,10967824945577,11291.935973000001,batch-000003,8,11291.930312,0.0,0.00164,10956533015265,0.004021
EXT-ADVERSARIAL-0097,C0_DIRECT_SLM,10979107935429,11282.781642999998,batch-000004,8,11282.771705,0.0,0.00174,10967825163724,0.008198
EXT-ADVERSARIAL-0098,C0_DIRECT_SLM,10979107935429,11282.784394,batch-000004,8,11282.771705,0.0,0.007433,10967825163724,0.005256
EXT-AMBIGUOUS-0003,C0_DIRECT_SLM,10979107935429,11282.779639999999,batch-000004,8,11282.771705,0.0,0.002292,10967825163724,0.005643
EXT-AMBIGUOUS-0004,C0_DIRECT_SLM,10979107935429,11282.778547,batch-000004,8,11282.771705,0.0,0.001651,10967825163724,0.005191
EXT-AMBIGUOUS-0014,C0_DIRECT_SLM,10979107935429,11282.778403999999,batch-000004,8,11282.771705,0.0,0.001509,10967825163724,0.00519
EXT-AMBIGUOUS-0015,C0_DIRECT_SLM,10979107935429,11282.778773,batch-000004,8,11282.771705,0.0,0.001688,10967825163724,0.00538
EXT-AMBIGUOUS-0024,C0_DIRECT_SLM,10979107935429,11282.778006999999,batch-000004,8,11282.771705,0.0,0.001245,10967825163724,0.005057
EXT-AMBIGUOUS-0026,C0_DIRECT_SLM,10979107935429,11282.777904999999,batch-000004,8,11282.771705,0.0,0.001125,10967825163724,0.005075
EXT-AMBIGUOUS-0028,C0_DIRECT_SLM,10988612683212,9504.534023,batch-000005,8,9504.527232,0.0,0.001198,10979108155980,0.005593
EXT-AMBIGUOUS-0033,C0_DIRECT_SLM,10988612683212,9504.533792,batch-000005,8,9504.527232,0.0,0.001574,10979108155980,0.004986
EXT-AMBIGUOUS-0035,C0_DIRECT_SLM,10988612683212,9504.533503,batch-000005,8,9504.527232,0.0,0.001461,10979108155980,0.00481
EXT-AMBIGUOUS-0039,C0_DIRECT_SLM,10988612683212,9504.533858,batch-000005,8,9504.527232,0.0,0.001775,10979108155980,0.004851
EXT-AMBIGUOUS-0041,C0_DIRECT_SLM,10988612683212,9504.533761,batch-000005,8,9504.527232,0.0,0.001505,10979108155980,0.005024
EXT-AMBIGUOUS-0044,C0_DIRECT_SLM,10988612683212,9504.533560000002,batch-000005,8,9504.527232,0.0,0.00128,10979108155980,0.005048
EXT-AMBIGUOUS-0049,C0_DIRECT_SLM,10988612683212,9504.533611,batch-000005,8,9504.527232,0.0,0.001684,10979108155980,0.004695
EXT-AMBIGUOUS-0050,C0_DIRECT_SLM,10988612683212,9504.533569000001,batch-000005,8,9504.527232,0.0,0.00151,10979108155980,0.004827
EXT-INVALID_ENTITY-0004,C0_DIRECT_SLM,10999914864989,11301.968152999998,batch-000006,8,11301.961886,0.0,0.001389,10988612903103,0.004878
EXT-INVALID_ENTITY-0006,C0_DIRECT_SLM,10999914864989,11301.96608,batch-000006,8,11301.961886,0.0,0.002082,10988612903103,0.002112
EXT-INVALID_ENTITY-0009,C0_DIRECT_SLM,10999914864989,11301.971470999999,batch-000006,8,11301.961886,0.0,0.00164,10988612903103,0.007945
EXT-INVALID_ENTITY-0011,C0_DIRECT_SLM,10999914864989,11301.97135,batch-000006,8,11301.961886,0.0,0.001897,10988612903103,0.007567
EXT-INVALID_ENTITY-0013,C0_DIRECT_SLM,10999914864989,11301.971324999999,batch-000006,8,11301.961886,0.0,0.001907,10988612903103,0.007532
EXT-INVALID_ENTITY-0022,C0_DIRECT_SLM,10999914864989,11301.965592999999,batch-000006,8,11301.961886,0.0,0.001557,10988612903103,0.00215
EXT-INVALID_ENTITY-0026,C0_DIRECT_SLM,10999914864989,11301.965508,batch-000006,8,11301.961886,0.0,0.00141,10988612903103,0.002212
EXT-INVALID_ENTITY-0033,C0_DIRECT_SLM,10999914864989,11301.972491999999,batch-000006,8,11301.961886,0.0,0.003009,10988612903103,0.007597
EXT-INVALID_ENTITY-0034,C0_DIRECT_SLM,11011377124951,11462.031579,batch-000007,8,11462.025182,0.0,0.001521,10999915099769,0.004876
EXT-INVALID_ENTITY-0035,C0_DIRECT_SLM,11011377124951,11462.029601999999,batch-000007,8,11462.025182,0.0,0.002024,10999915099769,0.002396
EXT-INVALID_ENTITY-0036,C0_DIRECT_SLM,11011377124951,11462.028644999999,batch-000007,8,11462.025182,0.0,0.001298,10999915099769,0.002165
EXT-INVALID_ENTITY-0037,C0_DIRECT_SLM,11011377124951,11462.028843,batch-000007,8,11462.025182,0.0,0.001496,10999915099769,0.002165
EXT-INVALID_ENTITY-0038,C0_DIRECT_SLM,11011377124951,11462.031985,batch-000007,8,11462.025182,0.0,0.001408,10999915099769,0.005395
EXT-INVALID_ENTITY-0039,C0_DIRECT_SLM,11011377124951,11462.033938999999,batch-000007,8,11462.025182,0.0,0.001422,10999915099769,0.007335
EXT-INVALID_ENTITY-0040,C0_DIRECT_SLM,11011377124951,11462.031332,batch-000007,8,11462.025182,0.0,0.001157,10999915099769,0.004993
EXT-INVALID_ENTITY-0042,C0_DIRECT_SLM,11011377124951,11462.028789,batch-000007,8,11462.025182,0.0,0.001536,10999915099769,0.002071
EXT-INVALID_ENTITY-0043,C0_DIRECT_SLM,11022985685547,11608.347277,batch-000008,8,11608.338553,0.0,0.001394,11011377346994,0.00733
EXT-INVALID_ENTITY-0045,C0_DIRECT_SLM,11022985685547,11608.342276,batch-000008,8,11608.338553,0.0,0.001499,11011377346994,0.002224
EXT-INVALID_ENTITY-0047,C0_DIRECT_SLM,11022985685547,11608.347004,batch-000008,8,11608.338553,0.0,0.001246,11011377346994,0.007205
EXT-INVALID_ENTITY-0050,C0_DIRECT_SLM,11022985685547,11608.345486999999,batch-000008,8,11608.338553,0.0,0.00117,11011377346994,0.005764
EXT-INVALID_ENTITY-0053,C0_DIRECT_SLM,11022985685547,11608.350335,batch-000008,8,11608.338553,0.0,0.001145,11011377346994,0.010637
EXT-INVALID_ENTITY-0054,C0_DIRECT_SLM,11022985685547,11608.344696999999,batch-000008,8,11608.338553,0.0,0.001343,11011377346994,0.004801
EXT-INVALID_ENTITY-0065,C0_DIRECT_SLM,11022985685547,11608.34238,batch-000008,8,11608.338553,0.0,0.001679,11011377346994,0.002148
EXT-INVALID_ENTITY-0066,C0_DIRECT_SLM,11022985685547,11608.342075,batch-000008,8,11608.338553,0.0,0.001399,11011377346994,0.002123
EXT-INVALID_ENTITY-0069,C0_DIRECT_SLM,11034117158527,11131.224396,batch-000009,8,11131.215897,0.0,0.001224,11022985942630,0.007275
EXT-INVALID_ENTITY-0070,C0_DIRECT_SLM,11034117158527,11131.2204,batch-000009,8,11131.215897,0.0,0.002319,11022985942630,0.002184
EXT-INVALID_ENTITY-0073,C0_DIRECT_SLM,11034117158527,11131.227626,batch-000009,8,11131.215897,0.0,0.004546,11022985942630,0.007183
EXT-INVALID_ENTITY-0077,C0_DIRECT_SLM,11034117158527,11131.224567,batch-000009,8,11131.215897,0.0,0.001567,11022985942630,0.007103
EXT-INVALID_ENTITY-0078,C0_DIRECT_SLM,11034117158527,11131.222662,batch-000009,8,11131.215897,0.0,0.001511,11022985942630,0.005254
EXT-INVALID_ENTITY-0079,C0_DIRECT_SLM,11034117158527,11131.224809,batch-000009,8,11131.215897,0.0,0.001212,11022985942630,0.0077
EXT-INVALID_ENTITY-0080,C0_DIRECT_SLM,11034117158527,11131.222343,batch-000009,8,11131.215897,0.0,0.00114,11022985942630,0.005306
EXT-INVALID_ENTITY-0083,C0_DIRECT_SLM,11034117158527,11131.22506,batch-000009,8,11131.215897,0.0,0.001155,11022985942630,0.008008
EXT-INVALID_ENTITY-0084,C0_DIRECT_SLM,11045362984002,11245.580835,batch-000010,8,11245.577472,0.0,0.001253,11034117406530,0.00211
EXT-INVALID_ENTITY-0086,C0_DIRECT_SLM,11045362984002,11245.581672000002,batch-000010,8,11245.577472,0.0,0.002103,11034117406530,0.002097
EXT-INVALID_ENTITY-0093,C0_DIRECT_SLM,11045362984002,11245.585933000002,batch-000010,8,11245.577472,0.0,0.001366,11034117406530,0.007095
EXT-INVALID_ENTITY-0098,C0_DIRECT_SLM,11045362984002,11245.585593,batch-000010,8,11245.577472,0.0,0.001396,11034117406530,0.006725
EXT-NUMERIC_PROVENANCE-0008,C0_DIRECT_SLM,11045362984002,11245.581136,batch-000010,8,11245.577472,0.0,0.001281,11034117406530,0.002383
EXT-NUMERIC_PROVENANCE-0009,C0_DIRECT_SLM,11045362984002,11245.585971,batch-000010,8,11245.577472,0.0,0.001144,11034117406530,0.007355
EXT-NUMERIC_PROVENANCE-0012,C0_DIRECT_SLM,11045362984002,11245.583377,batch-000010,8,11245.577472,0.0,0.001209,11034117406530,0.004696
EXT-NUMERIC_PROVENANCE-0013,C0_DIRECT_SLM,11045362984002,11245.601849,batch-000010,8,11245.577472,0.0,0.001118,11034117406530,0.023259
EXT-NUMERIC_PROVENANCE-0015,C0_DIRECT_SLM,11056754356623,11391.153488,batch-000011,8,11391.148022,0.0,0.001199,11045363208601,0.004267
EXT-NUMERIC_PROVENANCE-0016,C0_DIRECT_SLM,11056754356623,11391.152203,batch-000011,8,11391.148022,0.0,0.001063,11045363208601,0.003118
EXT-NUMERIC_PROVENANCE-0017,C0_DIRECT_SLM,11056754356623,11391.157543,batch-000011,8,11391.148022,0.0,0.001097,11045363208601,0.008424
EXT-NUMERIC_PROVENANCE-0018,C0_DIRECT_SLM,11056754356623,11391.154856,batch-000011,8,11391.148022,0.0,0.001117,11045363208601,0.005717
EXT-NUMERIC_PROVENANCE-0019,C0_DIRECT_SLM,11056754356623,11391.157604,batch-000011,8,11391.148022,0.0,0.001104,11045363208601,0.008478
EXT-NUMERIC_PROVENANCE-0020,C0_DIRECT_SLM,11056754356623,11391.152062,batch-000011,8,11391.148022,0.0,0.001428,11045363208601,0.002612
EXT-NUMERIC_PROVENANCE-0021,C0_DIRECT_SLM,11056754356623,11391.155216,batch-000011,8,11391.148022,0.0,0.001839,11045363208601,0.005355
EXT-NUMERIC_PROVENANCE-0029,C0_DIRECT_SLM,11056754356623,11391.156493999999,batch-000011,8,11391.148022,0.0,0.00116,11045363208601,0.007312
EXT-NUMERIC_PROVENANCE-0031,C0_DIRECT_SLM,11067863513617,11108.897175,batch-000012,8,11108.890928,0.0,0.001138,11056754622689,0.005109
EXT-NUMERIC_PROVENANCE-0033,C0_DIRECT_SLM,11067863513617,11108.899594,batch-000012,8,11108.890928,0.0,0.00115,11056754622689,0.007516
EXT-NUMERIC_PROVENANCE-0035,C0_DIRECT_SLM,11067863513617,11108.896060000001,batch-000012,8,11108.890928,0.0,0.001076,11056754622689,0.004056
EXT-NUMERIC_PROVENANCE-0038,C0_DIRECT_SLM,11067863513617,11108.897159,batch-000012,8,11108.890928,0.0,0.001258,11056754622689,0.004973
EXT-NUMERIC_PROVENANCE-0039,C0_DIRECT_SLM,11067863513617,11108.899654,batch-000012,8,11108.890928,0.0,0.001094,11056754622689,0.007632
EXT-NUMERIC_PROVENANCE-0047,C0_DIRECT_SLM,11067863513617,11108.900143,batch-000012,8,11108.890928,0.0,0.001128,11056754622689,0.008087
EXT-PAIR-0001-KO,C0_DIRECT_SLM,11067863513617,11108.899905,batch-000012,8,11108.890928,0.0,0.001262,11056754622689,0.007715
EXT-PAIR-0004-EN,C0_DIRECT_SLM,11067863513617,11108.897193,batch-000012,8,11108.890928,0.0,0.001449,11056754622689,0.004816
EXT-PAIR-0004-KO,C0_DIRECT_SLM,11079075074413,11211.331935,batch-000013,8,11211.322889,0.0,0.001307,11067863751524,0.007739
EXT-PAIR-0007-EN,C0_DIRECT_SLM,11079075074413,11211.326561999998,batch-000013,8,11211.322889,0.0,0.001406,11067863751524,0.002267
EXT-PAIR-0009-EN,C0_DIRECT_SLM,11079075074413,11211.326188,batch-000013,8,11211.322889,0.0,0.001193,11067863751524,0.002106
EXT-PAIR-0010-EN,C0_DIRECT_SLM,11079075074413,11211.326229999999,batch-000013,8,11211.322889,0.0,0.001135,11067863751524,0.002206
EXT-PAIR-0013-EN,C0_DIRECT_SLM,11079075074413,11211.332206,batch-000013,8,11211.322889,0.0,0.00112,11067863751524,0.008197
EXT-PAIR-0013-KO,C0_DIRECT_SLM,11079075074413,11211.330981,batch-000013,8,11211.322889,0.0,0.001159,11067863751524,0.006933
EXT-PAIR-0021-KO,C0_DIRECT_SLM,11079075074413,11211.329307999998,batch-000013,8,11211.322889,0.0,0.001424,11067863751524,0.004995
EXT-PAIR-0026-EN,C0_DIRECT_SLM,11079075074413,11211.326231,batch-000013,8,11211.322889,0.0,0.001128,11067863751524,0.002214
EXT-PAIR-0026-KO,C0_DIRECT_SLM,11090445323203,11370.01083,batch-000014,8,11370.002905,0.0,0.001166,11079075320298,0.006759
EXT-PAIR-0027-KO,C0_DIRECT_SLM,11090445323203,11370.011981,batch-000014,8,11370.002905,0.0,0.001789,11079075320298,0.007287
EXT-PAIR-0029-KO,C0_DIRECT_SLM,11090445323203,11370.01089,batch-000014,8,11370.002905,0.0,0.001218,11079075320298,0.006767
EXT-PAIR-0030-EN,C0_DIRECT_SLM,11090445323203,11370.011596,batch-000014,8,11370.002905,0.0,0.002049,11079075320298,0.006642
EXT-PAIR-0034-EN,C0_DIRECT_SLM,11090445323203,11370.008656,batch-000014,8,11370.002905,0.0,0.001085,11079075320298,0.004666
EXT-PAIR-0035-KO,C0_DIRECT_SLM,11090445323203,11370.006530999999,batch-000014,8,11370.002905,0.0,0.00123,11079075320298,0.002396
EXT-PAIR-0039-KO,C0_DIRECT_SLM,11090445323203,11370.010915,batch-000014,8,11370.002905,0.0,0.001146,11079075320298,0.006864
EXT-PAIR-0040-EN,C0_DIRECT_SLM,11090445323203,11370.00658,batch-000014,8,11370.002905,0.0,0.001221,11079075320298,0.002454
EXT-PAIR-0041-EN,C0_DIRECT_SLM,11101565268015,11119.714931,batch-000015,8,11119.711301,0.0,0.001233,11090445556714,0.002397
EXT-PAIR-0043-KO,C0_DIRECT_SLM,11101565268015,11119.719567999999,batch-000015,8,11119.711301,0.0,0.001159,11090445556714,0.007108
EXT-PAIR-0047-KO,C0_DIRECT_SLM,11101565268015,11119.719409,batch-000015,8,11119.711301,0.0,0.001172,11090445556714,0.006936
EXT-PAIR-0048-EN,C0_DIRECT_SLM,11101565268015,11119.714888999999,batch-000015,8,11119.711301,0.0,0.001402,11090445556714,0.002186
EXT-PAIR-0049-KO,C0_DIRECT_SLM,11101565268015,11119.725697,batch-000015,8,11119.711301,0.0,0.00157,11090445556714,0.012826
EXT-PAIR-0055-EN,C0_DIRECT_SLM,11101565268015,11119.720564,batch-000015,8,11119.711301,0.0,0.001251,11090445556714,0.008012
EXT-PAIR-0056-EN,C0_DIRECT_SLM,11101565268015,11119.717286000001,batch-000015,8,11119.711301,0.0,0.001174,11090445556714,0.004811
EXT-PAIR-0063-KO,C0_DIRECT_SLM,11101565268015,11119.721798999999,batch-000015,8,11119.711301,0.0,0.001106,11090445556714,0.009392
EXT-PAIR-0064-EN,C0_DIRECT_SLM,11112896383443,11330.887642000002,batch-000016,8,11330.881433,0.0,0.001152,11101565502010,0.005057
EXT-PAIR-0072-EN,C0_DIRECT_SLM,11112896383443,11330.884987,batch-000016,8,11330.881433,0.0,0.001067,11101565502010,0.002487
EXT-PAIR-0073-KO,C0_DIRECT_SLM,11112896383443,11330.890376000001,batch-000016,8,11330.881433,0.0,0.001367,11101565502010,0.007576
EXT-PAIR-0078-KO,C0_DIRECT_SLM,11112896383443,11330.889517,batch-000016,8,11330.881433,0.0,0.001212,11101565502010,0.006872
EXT-PAIR-0080-EN,C0_DIRECT_SLM,11112896383443,11330.884755,batch-000016,8,11330.881433,0.0,0.001158,11101565502010,0.002164
EXT-PAIR-0080-KO,C0_DIRECT_SLM,11112896383443,11330.885757,batch-000016,8,11330.881433,0.0,0.001871,11101565502010,0.002453
EXT-PAIR-0082-EN,C0_DIRECT_SLM,11112896383443,11330.884784000002,batch-000016,8,11330.881433,0.0,0.001108,11101565502010,0.002243
EXT-PAIR-0083-KO,C0_DIRECT_SLM,11112896383443,11330.890250999999,batch-000016,8,11330.881433,0.0,0.001094,11101565502010,0.007724
EXT-PAIR-0085-EN,C0_DIRECT_SLM,11124198648181,11302.022638,batch-000017,8,11302.013434,0.0,0.001366,11112896634747,0.007838
EXT-PAIR-0088-EN,C0_DIRECT_SLM,11124198648181,11302.017833000002,batch-000017,8,11302.013434,0.0,0.002049,11112896634747,0.00235
EXT-PAIR-0089-EN,C0_DIRECT_SLM,11124198648181,11302.016863,batch-000017,8,11302.013434,0.0,0.001188,11112896634747,0.002241
EXT-PAIR-0091-EN,C0_DIRECT_SLM,11124198648181,11302.016759000002,batch-000017,8,11302.013434,0.0,0.00112,11112896634747,0.002205
EXT-PAIR-0091-KO,C0_DIRECT_SLM,11124198648181,11302.022976,batch-000017,8,11302.013434,0.0,0.001128,11112896634747,0.008414
EXT-PAIR-0094-EN,C0_DIRECT_SLM,11124198648181,11302.019211,batch-000017,8,11302.013434,0.0,0.001118,11112896634747,0.004659
EXT-PAIR-0096-EN,C0_DIRECT_SLM,11124198648181,11302.020242,batch-000017,8,11302.013434,0.0,0.001895,11112896634747,0.004913
EXT-PAIR-0099-KO,C0_DIRECT_SLM,11124198648181,11302.021589,batch-000017,8,11302.013434,0.0,0.001128,11112896634747,0.007027
EXT-PAIR-0104-KO,C0_DIRECT_SLM,11135440996850,11242.047542999999,batch-000018,8,11242.039146,0.0,0.001267,11124198957704,0.00713
EXT-PAIR-0109-KO,C0_DIRECT_SLM,11135440996850,11242.047747999999,batch-000018,8,11242.039146,0.0,0.001231,11124198957704,0.007371
EXT-PAIR-0115-KO,C0_DIRECT_SLM,11135440996850,11242.0428,batch-000018,8,11242.039146,0.0,0.001326,11124198957704,0.002328
EXT-PAIR-0116-KO,C0_DIRECT_SLM,11135440996850,11242.049054,batch-000018,8,11242.039146,0.0,0.001083,11124198957704,0.008825
EXT-PAIR-0117-EN,C0_DIRECT_SLM,11135440996850,11242.042569999998,batch-000018,8,11242.039146,0.0,0.001223,11124198957704,0.002201
EXT-PAIR-0121-EN,C0_DIRECT_SLM,11135440996850,11242.042615,batch-000018,8,11242.039146,0.0,0.001199,11124198957704,0.00227
EXT-PAIR-0128-KO,C0_DIRECT_SLM,11135440996850,11242.047607999999,batch-000018,8,11242.039146,0.0,0.001193,11124198957704,0.007269
EXT-PAIR-0136-KO,C0_DIRECT_SLM,11135440996850,11242.045923,batch-000018,8,11242.039146,0.0,0.001166,11124198957704,0.005611
EXT-PAIR-0140-EN,C0_DIRECT_SLM,11147675526463,12234.316461999999,batch-000019,8,12234.307689,0.0,0.001809,11135441218774,0.006964
EXT-PAIR-0140-KO,C0_DIRECT_SLM,11147675526463,12234.31569,batch-000019,8,12234.307689,0.0,0.001171,11135441218774,0.00683
EXT-PAIR-0143-EN,C0_DIRECT_SLM,11147675526463,12234.311382,batch-000019,8,12234.307689,0.0,0.001333,11135441218774,0.00236
EXT-PAIR-0144-EN,C0_DIRECT_SLM,11147675526463,12234.313880999998,batch-000019,8,12234.307689,0.0,0.001142,11135441218774,0.00505
EXT-PAIR-0146-EN,C0_DIRECT_SLM,11147675526463,12234.310943999999,batch-000019,8,12234.307689,0.0,0.001146,11135441218774,0.002109
EXT-PAIR-0148-EN,C0_DIRECT_SLM,11147675526463,12234.311002999999,batch-000019,8,12234.307689,0.0,0.001049,11135441218774,0.002265
EXT-PAIR-0148-KO,C0_DIRECT_SLM,11147675526463,12234.311158999999,batch-000019,8,12234.307689,0.0,0.001097,11135441218774,0.002373
EXT-PAIR-0149-KO,C0_DIRECT_SLM,11147675526463,12234.345986,batch-000019,8,12234.307689,0.0,0.001147,11135441218774,0.03715
EXT-PAIR-0150-KO,C0_DIRECT_SLM,11159430484793,11754.570679999999,batch-000020,8,11754.529442,0.0,0.001139,11147675955351,0.040099
EXT-PAIR-0152-KO,C0_DIRECT_SLM,11159430484793,11754.818696999999,batch-000020,8,11754.529442,0.0,0.001065,11147675955351,0.28819
EXT-PAIR-0154-KO,C0_DIRECT_SLM,11159430484793,11754.541597,batch-000020,8,11754.529442,0.0,0.001073,11147675955351,0.011082
EXT-PAIR-0157-KO,C0_DIRECT_SLM,11159430484793,11754.538935,batch-000020,8,11754.529442,0.0,0.006149,11147675955351,0.003344
EXT-PAIR-0159-EN,C0_DIRECT_SLM,11159430484793,11754.533624,batch-000020,8,11754.529442,0.0,0.001483,11147675955351,0.002699
EXT-PAIR-0161-EN,C0_DIRECT_SLM,11159430484793,11754.533137,batch-000020,8,11754.529442,0.0,0.001238,11147675955351,0.002457
EXT-PAIR-0162-EN,C0_DIRECT_SLM,11159430484793,11754.536393,batch-000020,8,11754.529442,0.0,0.001168,11147675955351,0.005783
EXT-PAIR-0166-EN,C0_DIRECT_SLM,11159430484793,11754.533121999999,batch-000020,8,11754.529442,0.0,0.001197,11147675955351,0.002483
EXT-PAIR-0166-KO,C0_DIRECT_SLM,11170785125481,11354.387942,batch-000021,8,11354.384219,0.0,0.001345,11159430741262,0.002378
EXT-PAIR-0167-EN,C0_DIRECT_SLM,11170785125481,11354.387934,batch-000021,8,11354.384219,0.0,0.001273,11159430741262,0.002442
EXT-PAIR-0169-EN,C0_DIRECT_SLM,11170785125481,11354.387719999999,batch-000021,8,11354.384219,0.0,0.001085,11159430741262,0.002416
EXT-PAIR-0170-EN,C0_DIRECT_SLM,11170785125481,11354.387705000001,batch-000021,8,11354.384219,0.0,0.001136,11159430741262,0.00235
EXT-PAIR-0174-KO,C0_DIRECT_SLM,11170785125481,11354.397849,batch-000021,8,11354.384219,0.0,0.001372,11159430741262,0.012258
EXT-PAIR-0175-EN,C0_DIRECT_SLM,11170785125481,11354.397545,batch-000021,8,11354.384219,0.0,0.001202,11159430741262,0.012124
EXT-PAIR-0179-EN,C0_DIRECT_SLM,11170785125481,11354.389781,batch-000021,8,11354.384219,0.0,0.003158,11159430741262,0.002404
EXT-PAIR-0184-KO,C0_DIRECT_SLM,11170785125481,11354.393008,batch-000021,8,11354.384219,0.0,0.001284,11159430741262,0.007505
EXT-PAIR-0191-EN,C0_DIRECT_SLM,11182234542681,11449.173696,batch-000022,8,11449.170062,0.0,0.001295,11170785372619,0.002339
EXT-PAIR-0191-KO,C0_DIRECT_SLM,11182234542681,11449.179216,batch-000022,8,11449.170062,0.0,0.001565,11170785372619,0.007589
EXT-PAIR-0193-EN,C0_DIRECT_SLM,11182234542681,11449.176454999999,batch-000022,8,11449.170062,0.0,0.001252,11170785372619,0.005141
EXT-PAIR-0194-EN,C0_DIRECT_SLM,11182234542681,11449.176410999999,batch-000022,8,11449.170062,0.0,0.001224,11170785372619,0.005125
EXT-PAIR-0194-KO,C0_DIRECT_SLM,11182234542681,11449.179946999999,batch-000022,8,11449.170062,0.0,0.001337,11170785372619,0.008548
EXT-PAIR-0195-EN,C0_DIRECT_SLM,11182234542681,11449.179814,batch-000022,8,11449.170062,0.0,0.00201,11170785372619,0.007742
EXT-PAIR-0195-KO,C0_DIRECT_SLM,11182234542681,11449.17439,batch-000022,8,11449.170062,0.0,0.001516,11170785372619,0.002812
EXT-PARAPHRASE-0003,C0_DIRECT_SLM,11182234542681,11449.179533999999,batch-000022,8,11449.170062,0.0,0.001239,11170785372619,0.008233
EXT-PARAPHRASE-0004,C0_DIRECT_SLM,11193559864821,11325.040719,batch-000023,8,11325.033796,0.0,0.001351,11182234831025,0.005572
EXT-PARAPHRASE-0005,C0_DIRECT_SLM,11193559864821,11325.045348000001,batch-000023,8,11325.033796,0.0,0.001448,11182234831025,0.010104
EXT-PARAPHRASE-0020,C0_DIRECT_SLM,11193559864821,11325.037417,batch-000023,8,11325.033796,0.0,0.001301,11182234831025,0.00232
EXT-PARAPHRASE-0026,C0_DIRECT_SLM,11193559864821,11325.037768,batch-000023,8,11325.033796,0.0,0.001553,11182234831025,0.002419
EXT-PARAPHRASE-0028,C0_DIRECT_SLM,11193559864821,11325.037234,batch-000023,8,11325.033796,0.0,0.001166,11182234831025,0.002272
EXT-PARAPHRASE-0030,C0_DIRECT_SLM,11193559864821,11325.037420999999,batch-000023,8,11325.033796,0.0,0.001175,11182234831025,0.00245
EXT-PARAPHRASE-0034,C0_DIRECT_SLM,11193559864821,11325.040401999999,batch-000023,8,11325.033796,0.0,0.001181,11182234831025,0.005425
EXT-PARAPHRASE-0039,C0_DIRECT_SLM,11193559864821,11325.044548,batch-000023,8,11325.033796,0.0,0.00146,11182234831025,0.009292
EXT-PARAPHRASE-0069,C0_DIRECT_SLM,11204775138327,11215.023862,batch-000024,8,11215.014052,0.0,0.001196,11193560124275,0.008614
EXT-PARAPHRASE-0076,C0_DIRECT_SLM,11204775138327,11215.022003,batch-000024,8,11215.014052,0.0,0.002324,11193560124275,0.005627
EXT-PARAPHRASE-0080,C0_DIRECT_SLM,11204775138327,11215.023188000001,batch-000024,8,11215.014052,0.0,0.001415,11193560124275,0.007721
EXT-PARAPHRASE-0091,C0_DIRECT_SLM,11204775138327,11215.023363,batch-000024,8,11215.014052,0.0,0.001365,11193560124275,0.007946
EXT-PARAPHRASE-0097,C0_DIRECT_SLM,11204775138327,11215.024048000001,batch-000024,8,11215.014052,0.0,0.001328,11193560124275,0.008668
EXT-PARAPHRASE-0101,C0_DIRECT_SLM,11204775138327,11215.020964000001,batch-000024,8,11215.014052,0.0,0.001494,11193560124275,0.005418
EXT-PARAPHRASE-0114,C0_DIRECT_SLM,11204775138327,11215.017641000002,batch-000024,8,11215.014052,0.0,0.001319,11193560124275,0.00227
EXT-PARAPHRASE-0121,C0_DIRECT_SLM,11204775138327,11215.042959,batch-000024,8,11215.014052,0.0,0.001382,11193560124275,0.027525
EXT-PARAPHRASE-0150,C0_DIRECT_SLM,11216142897069,11367.515995,batch-000025,8,11367.510315,0.0,0.001291,11204775386754,0.004389
EXT-PARAPHRASE-0154,C0_DIRECT_SLM,11216142897069,11367.519408,batch-000025,8,11367.510315,0.0,0.001194,11204775386754,0.007899
EXT-PARAPHRASE-0158,C0_DIRECT_SLM,11216142897069,11367.517831000001,batch-000025,8,11367.510315,0.0,0.001286,11204775386754,0.00623
EXT-PARAPHRASE-0159,C0_DIRECT_SLM,11216142897069,11367.521118999999,batch-000025,8,11367.510315,0.0,0.001476,11204775386754,0.009328
EXT-PARAPHRASE-0162,C0_DIRECT_SLM,11216142897069,11367.514026,batch-000025,8,11367.510315,0.0,0.001281,11204775386754,0.00243
EXT-PARAPHRASE-0166,C0_DIRECT_SLM,11216142897069,11367.517429,batch-000025,8,11367.510315,0.0,0.001822,11204775386754,0.005292
EXT-PARAPHRASE-0172,C0_DIRECT_SLM,11216142897069,11367.514664,batch-000025,8,11367.510315,0.0,0.001946,11204775386754,0.002403
EXT-PARAPHRASE-0176,C0_DIRECT_SLM,11216142897069,11367.514078,batch-000025,8,11367.510315,0.0,0.001393,11204775386754,0.00237
EXT-PARAPHRASE-0183,C0_DIRECT_SLM,11227690493039,11547.263601999999,batch-000026,8,11547.254211,0.0,0.001314,11216143238828,0.008077
EXT-PARAPHRASE-0191,C0_DIRECT_SLM,11227690493039,11547.261299999998,batch-000026,8,11547.254211,0.0,0.001556,11216143238828,0.005533
EXT-PARAPHRASE-0194,C0_DIRECT_SLM,11227690493039,11547.257887,batch-000026,8,11547.254211,0.0,0.001233,11216143238828,0.002443
EXT-PARAPHRASE-0197,C0_DIRECT_SLM,11227690493039,11547.265466,batch-000026,8,11547.254211,0.0,0.00128,11216143238828,0.009975
EXT-POLICY_CONFLICT-0001,C0_DIRECT_SLM,11227690493039,11547.264986,batch-000026,8,11547.254211,0.0,0.001361,11216143238828,0.009414
EXT-POLICY_CONFLICT-0010,C0_DIRECT_SLM,11227690493039,11547.264532,batch-000026,8,11547.254211,0.0,0.002172,11216143238828,0.008149
EXT-POLICY_CONFLICT-0012,C0_DIRECT_SLM,11227690493039,11547.258273,batch-000026,8,11547.254211,0.0,0.001593,11216143238828,0.002469
EXT-POLICY_CONFLICT-0015,C0_DIRECT_SLM,11227690493039,11547.277537,batch-000026,8,11547.254211,0.0,0.001903,11216143238828,0.021423
EXT-POLICY_CONFLICT-0017,C0_DIRECT_SLM,11239199856972,11509.104118000001,batch-000027,8,11509.076917,0.0,0.001538,11227690780055,0.025663
EXT-POLICY_CONFLICT-0019,C0_DIRECT_SLM,11239199856972,11509.089317,batch-000027,8,11509.076917,0.0,0.001223,11227690780055,0.011177
EXT-POLICY_CONFLICT-0022,C0_DIRECT_SLM,11239199856972,11509.089729,batch-000027,8,11509.076917,0.0,0.001197,11227690780055,0.011615
EXT-POLICY_CONFLICT-0027,C0_DIRECT_SLM,11239199856972,11509.088932,batch-000027,8,11509.076917,0.0,0.001165,11227690780055,0.01085
EXT-POLICY_CONFLICT-0030,C0_DIRECT_SLM,11239199856972,11509.085726000001,batch-000027,8,11509.076917,0.0,0.00107,11227690780055,0.007739
EXT-POLICY_CONFLICT-0034,C0_DIRECT_SLM,11239199856972,11509.080510000002,batch-000027,8,11509.076917,0.0,0.001131,11227690780055,0.002462
EXT-POLICY_CONFLICT-0043,C0_DIRECT_SLM,11239199856972,11509.086918,batch-000027,8,11509.076917,0.0,0.001151,11227690780055,0.00885
EXT-POLICY_CONFLICT-0044,C0_DIRECT_SLM,11239199856972,11509.080361999999,batch-000027,8,11509.076917,0.0,0.001121,11227690780055,0.002324
EXT-POLICY_CONFLICT-0055,C0_DIRECT_SLM,11250877995720,11677.874104,batch-000028,8,11677.863262,0.0,0.001275,11239200132458,0.009567
EXT-POLICY_CONFLICT-0056,C0_DIRECT_SLM,11250877995720,11677.866812000002,batch-000028,8,11677.863262,0.0,0.00112,11239200132458,0.00243
EXT-POLICY_CONFLICT-0057,C0_DIRECT_SLM,11250877995720,11677.872566,batch-000028,8,11677.863262,0.0,0.001169,11239200132458,0.008135
EXT-POLICY_CONFLICT-0060,C0_DIRECT_SLM,11250877995720,11677.871971000002,batch-000028,8,11677.863262,0.0,0.001039,11239200132458,0.00767
EXT-POLICY_CONFLICT-0061,C0_DIRECT_SLM,11250877995720,11677.872125,batch-000028,8,11677.863262,0.0,0.001185,11239200132458,0.007678
EXT-POLICY_CONFLICT-0062,C0_DIRECT_SLM,11250877995720,11677.866874000001,batch-000028,8,11677.863262,0.0,0.001059,11239200132458,0.002553
EXT-POLICY_CONFLICT-0065,C0_DIRECT_SLM,11250877995720,11677.872994,batch-000028,8,11677.863262,0.0,0.001287,11239200132458,0.008445
EXT-POLICY_CONFLICT-0066,C0_DIRECT_SLM,11250877995720,11677.866727,batch-000028,8,11677.863262,0.0,0.001056,11239200132458,0.002409
EXT-POLICY_CONFLICT-0071,C0_DIRECT_SLM,11262355916884,11477.694086,batch-000029,8,11477.682503,0.0,0.002894,11250878234381,0.008689
EXT-POLICY_CONFLICT-0073,C0_DIRECT_SLM,11262355916884,11477.691708999999,batch-000029,8,11477.682503,0.0,0.001245,11250878234381,0.007961
EXT-POLICY_CONFLICT-0075,C0_DIRECT_SLM,11262355916884,11477.692625,batch-000029,8,11477.682503,0.0,0.001386,11250878234381,0.008736
EXT-POLICY_CONFLICT-0080,C0_DIRECT_SLM,11262355916884,11477.691994,batch-000029,8,11477.682503,0.0,0.001308,11250878234381,0.008183
EXT-POLICY_CONFLICT-0081,C0_DIRECT_SLM,11262355916884,11477.691754,batch-000029,8,11477.682503,0.0,0.001118,11250878234381,0.008133
EXT-POLICY_CONFLICT-0086,C0_DIRECT_SLM,11262355916884,11477.686215,batch-000029,8,11477.682503,0.0,0.001063,11250878234381,0.002649
EXT-POLICY_CONFLICT-0091,C0_DIRECT_SLM,11262355916884,11477.692203999999,batch-000029,8,11477.682503,0.0,0.00109,11250878234381,0.008611
EXT-POLICY_CONFLICT-0094,C0_DIRECT_SLM,11262355916884,11477.686733,batch-000029,8,11477.682503,0.0,0.001818,11250878234381,0.002412
EXT-POLICY_CONFLICT-0095,C0_DIRECT_SLM,11273951543848,11595.387356,batch-000030,8,11595.363698,0.0,0.001275,11262356180150,0.022383
EXT-POLICY_CONFLICT-0098,C0_DIRECT_SLM,11273951543848,11595.371145,batch-000030,8,11595.363698,0.0,0.001256,11262356180150,0.006191
EXT-POLICY_CONFLICT-0099,C0_DIRECT_SLM,11273951543848,11595.375210999999,batch-000030,8,11595.363698,0.0,0.001213,11262356180150,0.0103
EXT-POLICY_CONFLICT-0100,C0_DIRECT_SLM,11273951543848,11595.375742999999,batch-000030,8,11595.363698,0.0,0.001155,11262356180150,0.01089
SEC3B-000-EN,C0_DIRECT_SLM,11273951543848,11595.389498999999,batch-000030,8,11595.363698,0.0,0.001359,11262356180150,0.024442
SEC3B-000-KO,C0_DIRECT_SLM,11273951543848,11595.374176,batch-000030,8,11595.363698,0.0,0.001284,11262356180150,0.009194
SEC3B-001-KO,C0_DIRECT_SLM,11273951543848,11595.373806,batch-000030,8,11595.363698,0.0,0.001149,11262356180150,0.008959
SEC3B-002-EN,C0_DIRECT_SLM,11273951543848,11595.374263,batch-000030,8,11595.363698,0.0,0.001447,11262356180150,0.009118
SEC3B-005-EN,C0_DIRECT_SLM,11285324393608,11372.625604,batch-000031,8,11372.611596,0.0,0.001153,11273951782012,0.012855
SEC3B-005-KO,C0_DIRECT_SLM,11285324393608,11372.621808,batch-000031,8,11372.611596,0.0,0.001342,11273951782012,0.00887
SEC3B-009-KO,C0_DIRECT_SLM,11285324393608,11372.621608000001,batch-000031,8,11372.611596,0.0,0.00122,11273951782012,0.008792
SEC3B-010-EN,C0_DIRECT_SLM,11285324393608,11372.640572,batch-000031,8,11372.611596,0.0,0.001284,11273951782012,0.027692
SEC3B-012-EN,C0_DIRECT_SLM,11285324393608,11372.625832000002,batch-000031,8,11372.611596,0.0,0.001908,11273951782012,0.012328
SEC3B-012-KO,C0_DIRECT_SLM,11285324393608,11372.634792,batch-000031,8,11372.611596,0.0,0.001275,11273951782012,0.021921
SEC3B-013-EN,C0_DIRECT_SLM,11285324393608,11372.624706,batch-000031,8,11372.611596,0.0,0.001128,11273951782012,0.011982
SEC3B-014-KO,C0_DIRECT_SLM,11285324393608,11372.629556,batch-000031,8,11372.611596,0.0,0.001192,11273951782012,0.016768
SEC3B-015-EN,C0_DIRECT_SLM,11296449543893,11124.905188,batch-000032,8,11124.895278,0.0,0.001168,11285324648615,0.008742
SEC3B-016-EN,C0_DIRECT_SLM,11296449543893,11124.910784,batch-000032,8,11124.895278,0.0,0.001154,11285324648615,0.014352
SEC3B-016-KO,C0_DIRECT_SLM,11296449543893,11124.905666999999,batch-000032,8,11124.895278,0.0,0.001267,11285324648615,0.009122
SEC3B-018-EN,C0_DIRECT_SLM,11296449543893,11124.905067000002,batch-000032,8,11124.895278,0.0,0.001335,11285324648615,0.008454
SEC3B-020-EN,C0_DIRECT_SLM,11296449543893,11124.90767,batch-000032,8,11124.895278,0.0,0.00102,11285324648615,0.011372
SEC3B-020-KO,C0_DIRECT_SLM,11296449543893,11124.913381,batch-000032,8,11124.895278,0.0,0.001188,11285324648615,0.016915
SEC3B-021-KO,C0_DIRECT_SLM,11296449543893,11124.906015,batch-000032,8,11124.895278,0.0,0.001225,11285324648615,0.009512
SEC3B-023-EN,C0_DIRECT_SLM,11296449543893,11124.904680000001,batch-000032,8,11124.895278,0.0,0.001114,11285324648615,0.008288
SEC3B-025-EN,C0_DIRECT_SLM,11307753723171,11303.886662,batch-000033,8,11303.866661,0.0,0.001307,11296449856510,0.018694
SEC3B-025-KO,C0_DIRECT_SLM,11307753723171,11303.881825999999,batch-000033,8,11303.866661,0.0,0.001228,11296449856510,0.013937
SEC3B-026-EN,C0_DIRECT_SLM,11307753723171,11303.877289,batch-000033,8,11303.866661,0.0,0.001082,11296449856510,0.009546
SEC3B-028-KO,C0_DIRECT_SLM,11307753723171,11303.882226,batch-000033,8,11303.866661,0.0,0.001353,11296449856510,0.014212
SEC3B-030-EN,C0_DIRECT_SLM,11307753723171,11303.88537,batch-000033,8,11303.866661,0.0,0.001123,11296449856510,0.017586
SEC3B-030-KO,C0_DIRECT_SLM,11307753723171,11303.882994000001,batch-000033,8,11303.866661,0.0,0.001276,11296449856510,0.015057
SEC3B-031-EN,C0_DIRECT_SLM,11307753723171,11303.883063000001,batch-000033,8,11303.866661,0.0,0.001172,11296449856510,0.01523
SEC3B-032-EN,C0_DIRECT_SLM,11307753723171,11303.882422,batch-000033,8,11303.866661,0.0,0.001899,11296449856510,0.013862
SEC3B-032-KO,C0_DIRECT_SLM,11319132203577,11378.231249,batch-000034,8,11378.21593,0.0,0.001139,11307753987647,0.01418
SEC3B-034-EN,C0_DIRECT_SLM,11319132203577,11378.236159,batch-000034,8,11378.21593,0.0,0.002256,11307753987647,0.017973
SEC3B-037-KO,C0_DIRECT_SLM,11319132203577,11378.24381,batch-000034,8,11378.21593,0.0,0.001606,11307753987647,0.026274
SEC3B-038-KO,C0_DIRECT_SLM,11319132203577,11378.238705000002,batch-000034,8,11378.21593,0.0,0.0017,11307753987647,0.021075
SEC3B-039-EN,C0_DIRECT_SLM,11319132203577,11378.231452000002,batch-000034,8,11378.21593,0.0,0.001356,11307753987647,0.014166
SEC3B-040-KO,C0_DIRECT_SLM,11319132203577,11378.235051,batch-000034,8,11378.21593,0.0,0.001327,11307753987647,0.017794
SEC3B-043-EN,C0_DIRECT_SLM,11319132203577,11378.237654,batch-000034,8,11378.21593,0.0,0.002312,11307753987647,0.019412
SEC3B-043-KO,C0_DIRECT_SLM,11319132203577,11378.234983,batch-000034,8,11378.21593,0.0,0.001511,11307753987647,0.017542
SEC3B-044-KO,C0_DIRECT_SLM,11330252544073,11120.098622,batch-000035,8,11120.082934,0.0,0.001277,11319132461139,0.014411
SEC3B-045-EN,C0_DIRECT_SLM,11330252544073,11120.094357,batch-000035,8,11120.082934,0.0,0.001833,11319132461139,0.00959
SEC3B-048-KO,C0_DIRECT_SLM,11330252544073,11120.093825,batch-000035,8,11120.082934,0.0,0.001322,11319132461139,0.009569
SEC3B-050-EN,C0_DIRECT_SLM,11330252544073,11120.094658,batch-000035,8,11120.082934,0.0,0.001282,11319132461139,0.010442
SEC3B-051-KO,C0_DIRECT_SLM,11330252544073,11120.105109,batch-000035,8,11120.082934,0.0,0.001277,11319132461139,0.020898
SEC3B-052-EN,C0_DIRECT_SLM,11330252544073,11120.101971999999,batch-000035,8,11120.082934,0.0,0.001223,11319132461139,0.017815
SEC3B-053-EN,C0_DIRECT_SLM,11330252544073,11120.097417,batch-000035,8,11120.082934,0.0,0.001195,11319132461139,0.013288
SEC3B-054-KO,C0_DIRECT_SLM,11330252544073,11120.093485,batch-000035,8,11120.082934,0.0,0.001282,11319132461139,0.009269
SEC3B-059-EN,C0_DIRECT_SLM,11341583579021,11330.810065,batch-000036,8,11330.799745,0.0,0.001128,11330252779276,0.009192
SEC3B-060-EN,C0_DIRECT_SLM,11341583579021,11330.816107,batch-000036,8,11330.799745,0.0,0.001113,11330252779276,0.015249
SEC3B-061-EN,C0_DIRECT_SLM,11341583579021,11330.814009000002,batch-000036,8,11330.799745,0.0,0.001114,11330252779276,0.01315
SEC3B-069-KO,C0_DIRECT_SLM,11341583579021,11330.810793999999,batch-000036,8,11330.799745,0.0,0.001921,11330252779276,0.009128
SEC3B-071-EN,C0_DIRECT_SLM,11341583579021,11330.820222,batch-000036,8,11330.799745,0.0,0.00111,11330252779276,0.019367
SEC3B-072-EN,C0_DIRECT_SLM,11341583579021,11330.811194,batch-000036,8,11330.799745,0.0,0.001105,11330252779276,0.010344
SEC3B-073-KO,C0_DIRECT_SLM,11341583579021,11330.845023,batch-000036,8,11330.799745,0.0,0.001213,11330252779276,0.044065
SEC3B-076-EN,C0_DIRECT_SLM,11341583579021,11330.818144,batch-000036,8,11330.799745,0.0,0.001168,11330252779276,0.017231
SEC3B-077-EN,C0_DIRECT_SLM,11352943522089,11359.678581,batch-000037,8,11359.667861,0.0,0.001104,11341583854228,0.009616
SEC3B-078-EN,C0_DIRECT_SLM,11352943522089,11359.683522,batch-000037,8,11359.667861,0.0,0.002099,11341583854228,0.013562
SEC3B-081-KO,C0_DIRECT_SLM,11352943522089,11359.685043,batch-000037,8,11359.667861,0.0,0.001284,11341583854228,0.015898
SEC3B-082-EN,C0_DIRECT_SLM,11352943522089,11359.678938,batch-000037,8,11359.667861,0.0,0.001287,11341583854228,0.00979
SEC3B-084-EN,C0_DIRECT_SLM,11352943522089,11359.682307000001,batch-000037,8,11359.667861,0.0,0.001258,11341583854228,0.013188
SEC3B-086-KO,C0_DIRECT_SLM,11352943522089,11359.683393,batch-000037,8,11359.667861,0.0,0.001341,11341583854228,0.014191
SEC3B-087-KO,C0_DIRECT_SLM,11352943522089,11359.684600999999,batch-000037,8,11359.667861,0.0,0.001158,11341583854228,0.015582
SEC3B-088-EN,C0_DIRECT_SLM,11352943522089,11359.691904,batch-000037,8,11359.667861,0.0,0.001212,11341583854228,0.022831
SEC3B-089-EN,C0_DIRECT_SLM,11364062782487,11118.971803,batch-000038,8,11118.961211,0.0,0.001187,11352943821276,0.009405
SEC3B-090-EN,C0_DIRECT_SLM,11364062782487,11118.971698000001,batch-000038,8,11118.961211,0.0,0.001146,11352943821276,0.009341
SEC3B-090-KO,C0_DIRECT_SLM,11364062782487,11118.983912,batch-000038,8,11118.961211,0.0,0.001793,11352943821276,0.020908
SEC3B-093-EN,C0_DIRECT_SLM,11364062782487,11118.975136000001,batch-000038,8,11118.961211,0.0,0.001183,11352943821276,0.012742
SEC3B-093-KO,C0_DIRECT_SLM,11364062782487,11118.974479999999,batch-000038,8,11118.961211,0.0,0.001303,11352943821276,0.011966
SEC3B-099-KO,C0_DIRECT_SLM,11364062782487,11118.976908,batch-000038,8,11118.961211,0.0,0.001478,11352943821276,0.014219
V2C-0004,C0_DIRECT_SLM,11364062782487,11118.982085,batch-000038,8,11118.961211,0.0,0.00192,11352943821276,0.018954
V2C-0010,C0_DIRECT_SLM,11364062782487,11118.973729,batch-000038,8,11118.961211,0.0,0.001295,11352943821276,0.011223
V2C-0016,C0_DIRECT_SLM,11375407186869,11344.070880000001,batch-000039,8,11344.060863,0.0,0.001058,11364063126006,0.008959
V2C-0018,C0_DIRECT_SLM,11375407186869,11344.070777,batch-000039,8,11344.060863,0.0,0.001199,11364063126006,0.008715
V2C-0020,C0_DIRECT_SLM,11375407186869,11344.070992,batch-000039,8,11344.060863,0.0,0.001114,11364063126006,0.009015
V2C-0026,C0_DIRECT_SLM,11375407186869,11344.070489000002,batch-000039,8,11344.060863,0.0,0.001156,11364063126006,0.00847
V2C-0027,C0_DIRECT_SLM,11375407186869,11344.068916000002,batch-000039,8,11344.060863,0.0,0.001447,11364063126006,0.006606
V2C-0030,C0_DIRECT_SLM,11375407186869,11344.071796,batch-000039,8,11344.060863,0.0,0.001355,11364063126006,0.009578
V2C-0032,C0_DIRECT_SLM,11375407186869,11344.071064,batch-000039,8,11344.060863,0.0,0.001424,11364063126006,0.008777
V2C-0034,C0_DIRECT_SLM,11375407186869,11344.068665,batch-000039,8,11344.060863,0.0,0.001353,11364063126006,0.006449
V2C-0048,C0_DIRECT_SLM,11386735739944,11328.275698,batch-000040,8,11328.271281,0.0,0.001078,11375407468663,0.003339
V2C-0056,C0_DIRECT_SLM,11386735739944,11328.283957999998,batch-000040,8,11328.271281,0.0,0.001068,11375407468663,0.011609
V2C-0061,C0_DIRECT_SLM,11386735739944,11328.27577,batch-000040,8,11328.271281,0.0,0.00115,11375407468663,0.003339
V2C-0066,C0_DIRECT_SLM,11386735739944,11328.281602000001,batch-000040,8,11328.271281,0.0,0.001174,11375407468663,0.009147
V2C-0072,C0_DIRECT_SLM,11386735739944,11328.281103,batch-000040,8,11328.271281,0.0,0.001196,11375407468663,0.008626
V2C-0078,C0_DIRECT_SLM,11386735739944,11328.275848999998,batch-000040,8,11328.271281,0.0,0.001078,11375407468663,0.00349
V2C-0084,C0_DIRECT_SLM,11386735739944,11328.281559,batch-000040,8,11328.271281,0.0,0.001064,11375407468663,0.009214
V2C-0087,C0_DIRECT_SLM,11386735739944,11328.278953,batch-000040,8,11328.271281,0.0,0.001343,11375407468663,0.006329
V2C-0116,C0_DIRECT_SLM,11397935950045,11199.997663999999,batch-000041,8,11199.987564,0.0,0.001258,11386735962481,0.008842
V2C-0127,C0_DIRECT_SLM,11397935950045,11199.992724,batch-000041,8,11199.987564,0.0,0.001262,11386735962481,0.003898
V2C-0128,C0_DIRECT_SLM,11397935950045,11199.996154999999,batch-000041,8,11199.987564,0.0,0.00203,11386735962481,0.006561
V2C-0137,C0_DIRECT_SLM,11397935950045,11199.992153,batch-000041,8,11199.987564,0.0,0.001223,11386735962481,0.003366
V2C-0148,C0_DIRECT_SLM,11397935950045,11199.995579999999,batch-000041,8,11199.987564,0.0,0.001138,11386735962481,0.006878
V2C-0156,C0_DIRECT_SLM,11397935950045,11199.997748999998,batch-000041,8,11199.987564,0.0,0.001095,11386735962481,0.00909
V2C-0172,C0_DIRECT_SLM,11397935950045,11199.996836,batch-000041,8,11199.987564,0.0,0.00105,11386735962481,0.008222
V2C-0176,C0_DIRECT_SLM,11397935950045,11199.995422,batch-000041,8,11199.987564,0.0,0.001178,11386735962481,0.00668
V2C-0181,C0_DIRECT_SLM,11409329352949,11393.164433999998,batch-000042,8,11393.158494,0.0,0.002319,11397936194455,0.003621
V2C-0184,C0_DIRECT_SLM,11409329352949,11393.168098,batch-000042,8,11393.158494,0.0,0.001237,11397936194455,0.008367
V2C-0197,C0_DIRECT_SLM,11409329352949,11393.163881,batch-000042,8,11393.158494,0.0,0.001088,11397936194455,0.004299
V2C-0201,C0_DIRECT_SLM,11409329352949,11393.162886999999,batch-000042,8,11393.158494,0.0,0.001191,11397936194455,0.003202
V2C-0202,C0_DIRECT_SLM,11409329352949,11393.166835,batch-000042,8,11393.158494,0.0,0.001451,11397936194455,0.00689
V2C-0207,C0_DIRECT_SLM,11409329352949,11393.163405,batch-000042,8,11393.158494,0.0,0.001215,11397936194455,0.003696
V2C-0210,C0_DIRECT_SLM,11409329352949,11393.169487,batch-000042,8,11393.158494,0.0,0.001283,11397936194455,0.00971
V2C-0219,C0_DIRECT_SLM,11409329352949,11393.163916999998,batch-000042,8,11393.158494,0.0,0.001706,11397936194455,0.003717
V2C-0221,C0_DIRECT_SLM,11417865919826,8536.342609,batch-000043,8,8536.338058,0.0,0.001089,11409329581768,0.003462
V2C-0223,C0_DIRECT_SLM,11417865919826,8536.345466,batch-000043,8,8536.338058,0.0,0.001039,11409329581768,0.006369
V2C-0229,C0_DIRECT_SLM,11417865919826,8536.342374999998,batch-000043,8,8536.338058,0.0,0.001042,11409329581768,0.003275
V2C-0263,C0_DIRECT_SLM,11417865919826,8536.345707,batch-000043,8,8536.338058,0.0,0.001238,11409329581768,0.006411
V2C-0265,C0_DIRECT_SLM,11417865919826,8536.342616999998,batch-000043,8,8536.338058,0.0,0.001257,11409329581768,0.003302
V2C-0274,C0_DIRECT_SLM,11417865919826,8536.346490999998,batch-000043,8,8536.338058,0.0,0.002138,11409329581768,0.006295
V2C-0276,C0_DIRECT_SLM,11417865919826,8536.342679999998,batch-000043,8,8536.338058,0.0,0.001368,11409329581768,0.003254
V2C-0297,C0_DIRECT_SLM,11417865919826,8536.342341,batch-000043,8,8536.338058,0.0,0.001032,11409329581768,0.003251
V2C-0298,C0_DIRECT_SLM,11429012179598,11146.033653999999,batch-000044,8,11146.028884,0.0,0.001374,11417866150714,0.003396
V2C-0300,C0_DIRECT_SLM,11429012179598,11146.036962999999,batch-000044,8,11146.028884,0.0,0.001294,11417866150714,0.006785
V2C-0328,C0_DIRECT_SLM,11429012179598,11146.033241000001,batch-000044,8,11146.028884,0.0,0.001174,11417866150714,0.003183
V2C-0342,C0_DIRECT_SLM,11429012179598,11146.038347,batch-000044,8,11146.028884,0.0,0.001107,11417866150714,0.008356
V2C-0348,C0_DIRECT_SLM,11429012179598,11146.033271,batch-000044,8,11146.028884,0.0,0.001092,11417866150714,0.003295
V2C-0351,C0_DIRECT_SLM,11429012179598,11146.038486,batch-000044,8,11146.028884,0.0,0.00122,11417866150714,0.008382
V2C-0354,C0_DIRECT_SLM,11429012179598,11146.033480999999,batch-000044,8,11146.028884,0.0,0.001273,11417866150714,0.003324
V2C-0357,C0_DIRECT_SLM,11429012179598,11146.034032,batch-000044,8,11146.028884,0.0,0.001307,11417866150714,0.003841
V2C-0360,C0_DIRECT_SLM,11440341171735,11328.773574,batch-000045,8,11328.760857,0.0,0.001168,11429012410878,0.011549
V2C-0365,C0_DIRECT_SLM,11440341171735,11328.765594,batch-000045,8,11328.760857,0.0,0.001253,11429012410878,0.003484
V2C-0369,C0_DIRECT_SLM,11440341171735,11328.766757,batch-000045,8,11328.760857,0.0,0.002517,11429012410878,0.003383
V2C-0370,C0_DIRECT_SLM,11440341171735,11328.771669999998,batch-000045,8,11328.760857,0.0,0.001159,11429012410878,0.009654
V2C-0374,C0_DIRECT_SLM,11440341171735,11328.765366999998,batch-000045,8,11328.760857,0.0,0.001111,11429012410878,0.003399
V2C-0380,C0_DIRECT_SLM,11440341171735,11328.771179,batch-000045,8,11328.760857,0.0,0.001151,11429012410878,0.009171
V2C-0384,C0_DIRECT_SLM,11440341171735,11328.770396,batch-000045,8,11328.760857,0.0,0.001134,11429012410878,0.008405
V2C-0396,C0_DIRECT_SLM,11440341171735,11328.765946999998,batch-000045,8,11328.760857,0.0,0.001459,11429012410878,0.003631
V2C-0399,C0_DIRECT_SLM,11451641835220,11300.415806,batch-000046,8,11300.407955,0.0,0.001222,11440341427265,0.006629
V2C-0400,C0_DIRECT_SLM,11451641835220,11300.419228,batch-000046,8,11300.407955,0.0,0.002117,11440341427265,0.009156
V2C-0401,C0_DIRECT_SLM,11451641835220,11300.412688,batch-000046,8,11300.407955,0.0,0.001114,11440341427265,0.003619
V2C-0403,C0_DIRECT_SLM,11451641835220,11300.417357,batch-000046,8,11300.407955,0.0,0.001774,11440341427265,0.007628
V2C-0409,C0_DIRECT_SLM,11451641835220,11300.415604,batch-000046,8,11300.407955,0.0,0.001332,11440341427265,0.006317
V2C-0415,C0_DIRECT_SLM,11451641835220,11300.428081,batch-000046,8,11300.407955,0.0,0.001234,11440341427265,0.018892
V2C-0418,C0_DIRECT_SLM,11451641835220,11300.414903,batch-000046,8,11300.407955,0.0,0.001594,11440341427265,0.005354
V2C-0424,C0_DIRECT_SLM,11451641835220,11300.417512000002,batch-000046,8,11300.407955,0.0,0.001141,11440341427265,0.008416
V2C-0427,C0_DIRECT_SLM,11462833887888,11191.815669000001,batch-000047,8,11191.808036,0.0,0.001125,11451642079852,0.006508
V2C-0430,C0_DIRECT_SLM,11462833887888,11191.831164,batch-000047,8,11191.808036,0.0,0.001363,11451642079852,0.021765
V2C-0431,C0_DIRECT_SLM,11462833887888,11191.816529,batch-000047,8,11191.808036,0.0,0.002018,11451642079852,0.006475
V2C-0458,C0_DIRECT_SLM,11462833887888,11191.813878,batch-000047,8,11191.808036,0.0,0.001251,11451642079852,0.004591
V2C-0462,C0_DIRECT_SLM,11462833887888,11191.819379,batch-000047,8,11191.808036,0.0,0.001322,11451642079852,0.010021
V2C-0478,C0_DIRECT_SLM,11462833887888,11191.812617,batch-000047,8,11191.808036,0.0,0.001161,11451642079852,0.00342
V2C-0487,C0_DIRECT_SLM,11462833887888,11191.81596,batch-000047,8,11191.808036,0.0,0.001294,11451642079852,0.00663
V2C-0502,C0_DIRECT_SLM,11462833887888,11191.818488,batch-000047,8,11191.808036,0.0,0.00129,11451642079852,0.009162
V2C-0505,C0_DIRECT_SLM,11474181448744,11347.117856,batch-000048,8,11347.108989,0.0,0.001187,11462834339755,0.00768
V2C-0512,C0_DIRECT_SLM,11474181448744,11347.134658,batch-000048,8,11347.108989,0.0,0.001183,11462834339755,0.024486
V2C-0528,C0_DIRECT_SLM,11474181448744,11347.1198,batch-000048,8,11347.108989,0.0,0.001127,11462834339755,0.009684
V2C-0530,C0_DIRECT_SLM,11474181448744,11347.119932000001,batch-000048,8,11347.108989,0.0,0.001125,11462834339755,0.009818
V2C-0532,C0_DIRECT_SLM,11474181448744,11347.12687,batch-000048,8,11347.108989,0.0,0.002068,11462834339755,0.015813
V2C-0533,C0_DIRECT_SLM,11474181448744,11347.116995,batch-000048,8,11347.108989,0.0,0.001235,11462834339755,0.006771
V2C-0536,C0_DIRECT_SLM,11474181448744,11347.113723,batch-000048,8,11347.108989,0.0,0.00111,11462834339755,0.003624
V2C-0560,C0_DIRECT_SLM,11474181448744,11347.120208,batch-000048,8,11347.108989,0.0,0.001123,11462834339755,0.010096
V2C-0575,C0_DIRECT_SLM,11485456892879,11275.202333,batch-000049,8,11275.194575,0.0,0.001083,11474181698304,0.006675
V2C-0589,C0_DIRECT_SLM,11485456892879,11275.202041999999,batch-000049,8,11275.194575,0.0,0.001051,11474181698304,0.006416
V2C-0604,C0_DIRECT_SLM,11485456892879,11275.203112,batch-000049,8,11275.194575,0.0,0.001081,11474181698304,0.007456
V2C-0606,C0_DIRECT_SLM,11485456892879,11275.204736,batch-000049,8,11275.194575,0.0,0.001257,11474181698304,0.008904
V2C-0611,C0_DIRECT_SLM,11485456892879,11275.201844,batch-000049,8,11275.194575,0.0,0.001069,11474181698304,0.0062
V2C-0615,C0_DIRECT_SLM,11485456892879,11275.202008999999,batch-000049,8,11275.194575,0.0,0.001069,11474181698304,0.006365
V2C-0617,C0_DIRECT_SLM,11485456892879,11275.202176,batch-000049,8,11275.194575,0.0,0.001323,11474181698304,0.006278
V2C-0621,C0_DIRECT_SLM,11485456892879,11275.199589999998,batch-000049,8,11275.194575,0.0,0.001138,11474181698304,0.003877
V2C-0630,C0_DIRECT_SLM,11496476658955,11019.522103000001,batch-000050,8,11019.51015,0.0,0.001194,11485457148805,0.010759
V2C-0632,C0_DIRECT_SLM,11496476658955,11019.519257,batch-000050,8,11019.51015,0.0,0.001403,11485457148805,0.007704
V2C-0635,C0_DIRECT_SLM,11496476658955,11019.517646,batch-000050,8,11019.51015,0.0,0.001249,11485457148805,0.006247
V2C-0653,C0_DIRECT_SLM,11496476658955,11019.517324999999,batch-000050,8,11019.51015,0.0,0.001072,11485457148805,0.006103
V2C-0658,C0_DIRECT_SLM,11496476658955,11019.51514,batch-000050,8,11019.51015,0.0,0.001197,11485457148805,0.003793
V2C-0670,C0_DIRECT_SLM,11496476658955,11019.520164000001,batch-000050,8,11019.51015,0.0,0.001163,11485457148805,0.008851
V2C-0674,C0_DIRECT_SLM,11496476658955,11019.514702,batch-000050,8,11019.51015,0.0,0.001055,11485457148805,0.003497
V2C-0681,C0_DIRECT_SLM,11496476658955,11019.526119999999,batch-000050,8,11019.51015,0.0,0.002271,11485457148805,0.013699
V2C-0698,C0_DIRECT_SLM,11507819095494,11342.201621,batch-000051,8,11342.183227,0.0,0.001962,11496476912267,0.016432
V2C-0700,C0_DIRECT_SLM,11507819095494,11342.196985999999,batch-000051,8,11342.183227,0.0,0.001065,11496476912267,0.012694
V2C-0701,C0_DIRECT_SLM,11507819095494,11342.188688,batch-000051,8,11342.183227,0.0,0.001145,11496476912267,0.004316
V2C-0708,C0_DIRECT_SLM,11507819095494,11342.191351,batch-000051,8,11342.183227,0.0,0.001151,11496476912267,0.006973
V2C-0714,C0_DIRECT_SLM,11507819095494,11342.187718,batch-000051,8,11342.183227,0.0,0.001139,11496476912267,0.003352
V2C-0717,C0_DIRECT_SLM,11507819095494,11342.191227,batch-000051,8,11342.183227,0.0,0.001333,11496476912267,0.006667
V2C-0718,C0_DIRECT_SLM,11507819095494,11342.187575999998,batch-000051,8,11342.183227,0.0,0.001149,11496476912267,0.0032
V2C-0722,C0_DIRECT_SLM,11507819095494,11342.196463,batch-000051,8,11342.183227,0.0,0.001996,11496476912267,0.01124
V2C-0729,C0_DIRECT_SLM,11519030260646,11210.880852,batch-000052,8,11210.87318,0.0,0.001185,11507819387466,0.006487
V2C-0735,C0_DIRECT_SLM,11519030260646,11210.880405,batch-000052,8,11210.87318,0.0,0.001165,11507819387466,0.00606
V2C-0738,C0_DIRECT_SLM,11519030260646,11210.877894000001,batch-000052,8,11210.87318,0.0,0.00127,11507819387466,0.003444
V2C-0744,C0_DIRECT_SLM,11519030260646,11210.880743,batch-000052,8,11210.87318,0.0,0.001234,11507819387466,0.006329
V2C-0745,C0_DIRECT_SLM,11519030260646,11210.888173000001,batch-000052,8,11210.87318,0.0,0.001214,11507819387466,0.013779
V2C-0757,C0_DIRECT_SLM,11519030260646,11210.880437000002,batch-000052,8,11210.87318,0.0,0.00105,11507819387466,0.006207
V2C-0761,C0_DIRECT_SLM,11519030260646,11210.878264,batch-000052,8,11210.87318,0.0,0.001091,11507819387466,0.003993
V2C-0767,C0_DIRECT_SLM,11519030260646,11210.880547,batch-000052,8,11210.87318,0.0,0.001144,11507819387466,0.006223
V2C-0772,C0_DIRECT_SLM,11530117439870,11086.95983,batch-000053,8,11086.952808,0.0,0.001114,11519030487062,0.005908
V2C-0773,C0_DIRECT_SLM,11530117439870,11086.960197999999,batch-000053,8,11086.952808,0.0,0.001212,11519030487062,0.006178
V2C-0787,C0_DIRECT_SLM,11530117439870,11086.959482999999,batch-000053,8,11086.952808,0.0,0.001095,11519030487062,0.00558
V2C-0790,C0_DIRECT_SLM,11530117439870,11086.974957,batch-000053,8,11086.952808,0.0,0.002073,11519030487062,0.020076
V2C-0795,C0_DIRECT_SLM,11530117439870,11086.962022,batch-000053,8,11086.952808,0.0,0.001871,11519030487062,0.007343
V2C-0796,C0_DIRECT_SLM,11530117439870,11086.957409,batch-000053,8,11086.952808,0.0,0.001205,11519030487062,0.003396
V2C-0797,C0_DIRECT_SLM,11530117439870,11086.960755,batch-000053,8,11086.952808,0.0,0.002042,11519030487062,0.005905
V2C-0801,C0_DIRECT_SLM,11530117439870,11086.957608,batch-000053,8,11086.952808,0.0,0.001425,11519030487062,0.003375
V2C-0803,C0_DIRECT_SLM,11541741220663,11623.478335,batch-000054,8,11623.47128,0.0,0.001154,11530117749383,0.005901
V2C-0811,C0_DIRECT_SLM,11541741220663,11623.478779,batch-000054,8,11623.47128,0.0,0.001118,11530117749383,0.006381
V2C-0813,C0_DIRECT_SLM,11541741220663,11623.478294,batch-000054,8,11623.47128,0.0,0.001113,11530117749383,0.005901
V2C-0815,C0_DIRECT_SLM,11541741220663,11623.478269000001,batch-000054,8,11623.47128,0.0,0.001055,11530117749383,0.005934
V2C-0827,C0_DIRECT_SLM,11541741220663,11623.478114,batch-000054,8,11623.47128,0.0,0.001042,11530117749383,0.005792
V2C-0835,C0_DIRECT_SLM,11541741220663,11623.478102000001,batch-000054,8,11623.47128,0.0,0.001071,11530117749383,0.005751
V2C-0839,C0_DIRECT_SLM,11541741220663,11623.478813999998,batch-000054,8,11623.47128,0.0,0.001647,11530117749383,0.005887
V2C-0842,C0_DIRECT_SLM,11541741220663,11623.475611,batch-000054,8,11623.47128,0.0,0.001245,11530117749383,0.003086
V2C-0844,C0_DIRECT_SLM,11553043960747,11302.520553,batch-000055,8,11302.512643,0.0,0.001111,11541741448104,0.006799
V2C-0847,C0_DIRECT_SLM,11553043960747,11302.520762,batch-000055,8,11302.512643,0.0,0.001037,11541741448104,0.007082
V2C-0850,C0_DIRECT_SLM,11553043960747,11302.52266,batch-000055,8,11302.512643,0.0,0.001096,11541741448104,0.008921
V2C-0851,C0_DIRECT_SLM,11553043960747,11302.520375,batch-000055,8,11302.512643,0.0,0.001041,11541741448104,0.006691
V2C-0859,C0_DIRECT_SLM,11553043960747,11302.539977,batch-000055,8,11302.512643,0.0,0.020375,11541741448104,0.006959
V2C-0862,C0_DIRECT_SLM,11553043960747,11302.522118,batch-000055,8,11302.512643,0.0,0.001204,11541741448104,0.008271
V2C-0863,C0_DIRECT_SLM,11553043960747,11302.520132,batch-000055,8,11302.512643,0.0,0.001094,11541741448104,0.006395
V2C-0867,C0_DIRECT_SLM,11553043960747,11302.520945,batch-000055,8,11302.512643,0.0,0.002026,11541741448104,0.006276
V2C-0881,C0_DIRECT_SLM,11564353910666,11309.681752,batch-000056,8,11309.677164,0.0,0.001168,11553044233502,0.00342
V2C-0886,C0_DIRECT_SLM,11564353910666,11309.716701,batch-000056,8,11309.677164,0.0,0.001121,11553044233502,0.038416
V2C-0900,C0_DIRECT_SLM,11564353910666,11309.700304,batch-000056,8,11309.677164,0.0,0.001212,11553044233502,0.021928
V2C-0901,C0_DIRECT_SLM,11564353910666,11309.689097,batch-000056,8,11309.677164,0.0,0.0011,11553044233502,0.010833
V2C-0902,C0_DIRECT_SLM,11564353910666,11309.688956,batch-000056,8,11309.677164,0.0,0.001107,11553044233502,0.010685
V2C-0903,C0_DIRECT_SLM,11564353910666,11309.693073000002,batch-000056,8,11309.677164,0.0,0.001039,11553044233502,0.01487
V2C-0904,C0_DIRECT_SLM,11564353910666,11309.688291,batch-000056,8,11309.677164,0.0,0.001103,11553044233502,0.010024
V2C-0907,C0_DIRECT_SLM,11564353910666,11309.685018000002,batch-000056,8,11309.677164,0.0,0.001018,11553044233502,0.006836
V2C-0908,C0_DIRECT_SLM,11575856697574,11502.541558,batch-000057,8,11502.533457,0.0,0.001221,11564354164117,0.00688
V2C-0909,C0_DIRECT_SLM,11575856697574,11502.54157,batch-000057,8,11502.533457,0.0,0.001623,11564354164117,0.00649
V2C-0911,C0_DIRECT_SLM,11575856697574,11502.540565,batch-000057,8,11502.533457,0.0,0.001036,11564354164117,0.006072
V2C-0912,C0_DIRECT_SLM,11575856697574,11502.545262,batch-000057,8,11502.533457,0.0,0.001317,11564354164117,0.010488
V2C-0913,C0_DIRECT_SLM,11575856697574,11502.541352,batch-000057,8,11502.533457,0.0,0.001112,11564354164117,0.006783
V2C-0914,C0_DIRECT_SLM,11575856697574,11502.538271,batch-000057,8,11502.533457,0.0,0.001154,11564354164117,0.00366
V2C-0915,C0_DIRECT_SLM,11575856697574,11502.541031,batch-000057,8,11502.533457,0.0,0.001087,11564354164117,0.006487
V2C-0916,C0_DIRECT_SLM,11575856697574,11502.541027,batch-000057,8,11502.533457,0.0,0.001146,11564354164117,0.006424
V2C-0917,C0_DIRECT_SLM,11587208365978,11351.389361,batch-000058,8,11351.382819,0.0,0.001128,11575856983159,0.005414
V2C-0918,C0_DIRECT_SLM,11587208365978,11351.387871,batch-000058,8,11351.382819,0.0,0.001295,11575856983159,0.003757
V2C-0919,C0_DIRECT_SLM,11587208365978,11351.392982,batch-000058,8,11351.382819,0.0,0.004523,11575856983159,0.00564
V2C-0921,C0_DIRECT_SLM,11587208365978,11351.387116000002,batch-000058,8,11351.382819,0.0,0.001259,11575856983159,0.003038
V2C-0922,C0_DIRECT_SLM,11587208365978,11351.392501,batch-000058,8,11351.382819,0.0,0.001638,11575856983159,0.008044
V2C-0923,C0_DIRECT_SLM,11587208365978,11351.390621,batch-000058,8,11351.382819,0.0,0.001981,11575856983159,0.005821
V2C-0925,C0_DIRECT_SLM,11587208365978,11351.400995,batch-000058,8,11351.382819,0.0,0.001932,11575856983159,0.016244
V2C-0926,C0_DIRECT_SLM,11587208365978,11351.394890000001,batch-000058,8,11351.382819,0.0,0.001425,11575856983159,0.010646
V2C-0927,C0_DIRECT_SLM,11598657360051,11448.747805,batch-000059,8,11448.743225,0.0,0.001113,11587208616826,0.003467
V2C-0928,C0_DIRECT_SLM,11598657360051,11448.750216999999,batch-000059,8,11448.743225,0.0,0.001099,11587208616826,0.005893
V2C-0929,C0_DIRECT_SLM,11598657360051,11448.750065,batch-000059,8,11448.743225,0.0,0.001076,11587208616826,0.005764
V2C-0930,C0_DIRECT_SLM,11598657360051,11448.753089000002,batch-000059,8,11448.743225,0.0,0.001254,11587208616826,0.00861
V2C-0931,C0_DIRECT_SLM,11598657360051,11448.750093,batch-000059,8,11448.743225,0.0,0.001034,11587208616826,0.005834
V2C-0932,C0_DIRECT_SLM,11598657360051,11448.750274,batch-000059,8,11448.743225,0.0,0.001321,11587208616826,0.005728
V2C-0935,C0_DIRECT_SLM,11598657360051,11448.750073000001,batch-000059,8,11448.743225,0.0,0.001156,11587208616826,0.005692
V2C-0936,C0_DIRECT_SLM,11598657360051,11448.748551,batch-000059,8,11448.743225,0.0,0.001951,11587208616826,0.003375
V2C-0937,C0_DIRECT_SLM,11610148677752,11491.047518,batch-000060,8,11491.040597,0.0,0.001109,11598657637155,0.005812
V2C-0938,C0_DIRECT_SLM,11610148677752,11491.045046,batch-000060,8,11491.040597,0.0,0.001186,11598657637155,0.003263
V2C-0940,C0_DIRECT_SLM,11610148677752,11491.053472999998,batch-000060,8,11491.040597,0.0,0.001444,11598657637155,0.011432
V2C-0941,C0_DIRECT_SLM,11610148677752,11491.045395,batch-000060,8,11491.040597,0.0,0.001263,11598657637155,0.003535
V2C-0942,C0_DIRECT_SLM,11610148677752,11491.050353,batch-000060,8,11491.040597,0.0,0.001125,11598657637155,0.008631
V2C-0944,C0_DIRECT_SLM,11610148677752,11491.048313,batch-000060,8,11491.040597,0.0,0.001065,11598657637155,0.006651
V2C-0945,C0_DIRECT_SLM,11610148677752,11491.049176999999,batch-000060,8,11491.040597,0.0,0.001922,11598657637155,0.006658
V2C-0947,C0_DIRECT_SLM,11610148677752,11491.048335,batch-000060,8,11491.040597,0.0,0.001269,11598657637155,0.006469
V2C-0949,C0_DIRECT_SLM,11621327394645,11178.486634,batch-000061,8,11178.473247,0.0,0.001065,11610148921398,0.012322
V2C-0950,C0_DIRECT_SLM,11621327394645,11178.482726,batch-000061,8,11178.473247,0.0,0.001066,11610148921398,0.008413
V2C-0953,C0_DIRECT_SLM,11621327394645,11178.480445000001,batch-000061,8,11178.473247,0.0,0.001002,11610148921398,0.006196
V2C-0954,C0_DIRECT_SLM,11621327394645,11178.477649,batch-000061,8,11178.473247,0.0,0.001077,11610148921398,0.003325
V2C-0955,C0_DIRECT_SLM,11621327394645,11178.488282,batch-000061,8,11178.473247,0.0,0.001052,11610148921398,0.013983
V2C-0957,C0_DIRECT_SLM,11621327394645,11178.48214,batch-000061,8,11178.473247,0.0,0.001122,11610148921398,0.007771
V2C-0958,C0_DIRECT_SLM,11621327394645,11178.478326,batch-000061,8,11178.473247,0.0,0.001103,11610148921398,0.003976
V2C-0960,C0_DIRECT_SLM,11621327394645,11178.488003999999,batch-000061,8,11178.473247,0.0,0.004689,11610148921398,0.010068
V2C-0961,C0_DIRECT_SLM,11632651228312,11323.555907,batch-000062,8,11323.550945,0.0,0.001192,11621327677367,0.00377
V2C-0965,C0_DIRECT_SLM,11632651228312,11323.55953,batch-000062,8,11323.550945,0.0,0.002061,11621327677367,0.006524
V2C-0966,C0_DIRECT_SLM,11632651228312,11323.568484000001,batch-000062,8,11323.550945,0.0,0.001327,11621327677367,0.016212
V2C-0969,C0_DIRECT_SLM,11632651228312,11323.558908,batch-000062,8,11323.550945,0.0,0.001197,11621327677367,0.006766
V2C-0970,C0_DIRECT_SLM,11632651228312,11323.561802,batch-000062,8,11323.550945,0.0,0.001149,11621327677367,0.009708
V2C-0972,C0_DIRECT_SLM,11632651228312,11323.55837,batch-000062,8,11323.550945,0.0,0.001107,11621327677367,0.006318
V2C-0973,C0_DIRECT_SLM,11632651228312,11323.558945,batch-000062,8,11323.550945,0.0,0.001248,11621327677367,0.006752
V2C-0974,C0_DIRECT_SLM,11632651228312,11323.555585,batch-000062,8,11323.550945,0.0,0.001121,11621327677367,0.003519
V2C-0976,C0_DIRECT_SLM,11644092060280,11440.582274999999,batch-000063,8,11440.577436,0.0,0.001303,11632651482844,0.003536
V2C-0977,C0_DIRECT_SLM,11644092060280,11440.585720000001,batch-000063,8,11440.577436,0.0,0.001952,11632651482844,0.006332
V2C-0978,C0_DIRECT_SLM,11644092060280,11440.582065999999,batch-000063,8,11440.577436,0.0,0.001209,11632651482844,0.003421
V2C-0979,C0_DIRECT_SLM,11644092060280,11440.585065,batch-000063,8,11440.577436,0.0,0.001219,11632651482844,0.00641
V2C-0980,C0_DIRECT_SLM,11644092060280,11440.588892,batch-000063,8,11440.577436,0.0,0.001285,11632651482844,0.010171
V2C-0981,C0_DIRECT_SLM,11644092060280,11440.582298,batch-000063,8,11440.577436,0.0,0.001175,11632651482844,0.003687
V2C-0982,C0_DIRECT_SLM,11644092060280,11440.597378999999,batch-000063,8,11440.577436,0.0,0.001231,11632651482844,0.018712
V2C-0988,C0_DIRECT_SLM,11644092060280,11440.591694,batch-000063,8,11440.577436,0.0,0.001146,11632651482844,0.013112
V2C-0989,C0_DIRECT_SLM,11655374539151,11282.236777,batch-000064,8,11282.228407,0.0,0.001148,11644092310744,0.007222
V2C-0990,C0_DIRECT_SLM,11655374539151,11282.239402,batch-000064,8,11282.228407,0.0,0.001137,11644092310744,0.009858
V2C-0991,C0_DIRECT_SLM,11655374539151,11282.235971,batch-000064,8,11282.228407,0.0,0.001068,11644092310744,0.006496
V2C-0994,C0_DIRECT_SLM,11655374539151,11282.232970000001,batch-000064,8,11282.228407,0.0,0.001088,11644092310744,0.003475
V2C-0996,C0_DIRECT_SLM,11655374539151,11282.236194000001,batch-000064,8,11282.228407,0.0,0.001063,11644092310744,0.006724
V2C-0999,C0_DIRECT_SLM,11655374539151,11282.236711,batch-000064,8,11282.228407,0.0,0.001803,11644092310744,0.006501
V2C-1000,C0_DIRECT_SLM,11655374539151,11282.23256,batch-000064,8,11282.228407,0.0,0.00151,11644092310744,0.002643
V2C-1001,C0_DIRECT_SLM,11655374539151,11282.235639999999,batch-000064,8,11282.228407,0.0,0.002136,11644092310744,0.005097
V2C-1002,C0_DIRECT_SLM,11666723577425,11348.758216,batch-000065,8,11348.749386,0.0,0.001104,11655374828039,0.007726
V2C-1003,C0_DIRECT_SLM,11666723577425,11348.756014,batch-000065,8,11348.749386,0.0,0.00135,11655374828039,0.005278
V2C-1010,C0_DIRECT_SLM,11666723577425,11348.757986999999,batch-000065,8,11348.749386,0.0,0.001142,11655374828039,0.007459
V2C-1011,C0_DIRECT_SLM,11666723577425,11348.75584,batch-000065,8,11348.749386,0.0,0.001084,11655374828039,0.00537
V2C-1012,C0_DIRECT_SLM,11666723577425,11348.755329,batch-000065,8,11348.749386,0.0,0.003207,11655374828039,0.002736
V2C-1013,C0_DIRECT_SLM,11666723577425,11348.755083,batch-000065,8,11348.749386,0.0,0.002476,11655374828039,0.003221
V2C-1014,C0_DIRECT_SLM,11666723577425,11348.758528,batch-000065,8,11348.749386,0.0,0.001592,11655374828039,0.00755
V2C-1015,C0_DIRECT_SLM,11666723577425,11348.756124,batch-000065,8,11348.749386,0.0,0.001378,11655374828039,0.00536
V2C-1016,C0_DIRECT_SLM,11677980696574,11256.879299,batch-000066,8,11256.875508,0.0,0.001394,11666723821066,0.002397
V2C-1017,C0_DIRECT_SLM,11677980696574,11256.879194,batch-000066,8,11256.875508,0.0,0.001234,11666723821066,0.002452
V2C-1019,C0_DIRECT_SLM,11677980696574,11256.882287999999,batch-000066,8,11256.875508,0.0,0.001393,11666723821066,0.005387
V2C-1020,C0_DIRECT_SLM,11677980696574,11256.879508999999,batch-000066,8,11256.875508,0.0,0.001518,11666723821066,0.002483
V2C-1022,C0_DIRECT_SLM,11677980696574,11256.884301,batch-000066,8,11256.875508,0.0,0.001338,11666723821066,0.007455
V2C-1024,C0_DIRECT_SLM,11677980696574,11256.879143999999,batch-000066,8,11256.875508,0.0,0.001235,11666723821066,0.002401
V2C-1025,C0_DIRECT_SLM,11677980696574,11256.882419,batch-000066,8,11256.875508,0.0,0.001335,11666723821066,0.005576
V2C-1026,C0_DIRECT_SLM,11677980696574,11256.883971,batch-000066,8,11256.875508,0.0,0.001055,11666723821066,0.007408
V2C-1028,C0_DIRECT_SLM,11688945440836,10964.502587,batch-000067,8,10964.499019,0.0,0.001073,11677980941817,0.002495
V2C-1030,C0_DIRECT_SLM,11688945440836,10964.509151,batch-000067,8,10964.499019,0.0,0.001196,11677980941817,0.008936
V2C-1032,C0_DIRECT_SLM,11688945440836,10964.502572,batch-000067,8,10964.499019,0.0,0.001207,11677980941817,0.002346
V2C-1033,C0_DIRECT_SLM,11688945440836,10964.506418,batch-000067,8,10964.499019,0.0,0.004961,11677980941817,0.002438
V2C-1035,C0_DIRECT_SLM,11688945440836,10964.50598,batch-000067,8,10964.499019,0.0,0.00124,11677980941817,0.005721
V2C-1036,C0_DIRECT_SLM,11688945440836,10964.502728000001,batch-000067,8,10964.499019,0.0,0.001187,11677980941817,0.002522
V2C-1037,C0_DIRECT_SLM,11688945440836,10964.50244,batch-000067,8,10964.499019,0.0,0.001064,11677980941817,0.002357
V2C-1039,C0_DIRECT_SLM,11688945440836,10964.506181,batch-000067,8,10964.499019,0.0,0.00196,11677980941817,0.005202
V2C-1040,C0_DIRECT_SLM,11700373644090,11427.951447,batch-000068,8,11427.947388,0.0,0.001782,11688945696702,0.002277
V2C-1043,C0_DIRECT_SLM,11700373644090,11427.953567,batch-000068,8,11427.947388,0.0,0.001066,11688945696702,0.005113
V2C-1045,C0_DIRECT_SLM,11700373644090,11427.953796000002,batch-000068,8,11427.947388,0.0,0.001136,11688945696702,0.005272
V2C-1046,C0_DIRECT_SLM,11700373644090,11427.955877,batch-000068,8,11427.947388,0.0,0.001182,11688945696702,0.007307
V2C-1047,C0_DIRECT_SLM,11700373644090,11427.954846,batch-000068,8,11427.947388,0.0,0.002227,11688945696702,0.005231
V2C-1049,C0_DIRECT_SLM,11700373644090,11427.950979,batch-000068,8,11427.947388,0.0,0.001132,11688945696702,0.002459
V2C-1050,C0_DIRECT_SLM,11700373644090,11427.956868000001,batch-000068,8,11427.947388,0.0,0.001269,11688945696702,0.008211
V2C-1055,C0_DIRECT_SLM,11700373644090,11427.951105,batch-000068,8,11427.947388,0.0,0.001363,11688945696702,0.002354
V2C-1057,C0_DIRECT_SLM,11711705981713,11332.075996000001,batch-000069,8,11332.072297,0.0,0.001077,11700373909416,0.002622
V2C-1061,C0_DIRECT_SLM,11711705981713,11332.07563,batch-000069,8,11332.072297,0.0,0.001051,11700373909416,0.002282
V2C-1065,C0_DIRECT_SLM,11711705981713,11332.077107000001,batch-000069,8,11332.072297,0.0,0.002521,11700373909416,0.002289
V2C-1070,C0_DIRECT_SLM,11711705981713,11332.082409,batch-000069,8,11332.072297,0.0,0.00147,11700373909416,0.008642
V2C-1074,C0_DIRECT_SLM,11711705981713,11332.080978000002,batch-000069,8,11332.072297,0.0,0.001238,11700373909416,0.007443
V2C-1076,C0_DIRECT_SLM,11711705981713,11332.084125000001,batch-000069,8,11332.072297,0.0,0.001319,11700373909416,0.010509
V2C-1077,C0_DIRECT_SLM,11711705981713,11332.075887,batch-000069,8,11332.072297,0.0,0.001364,11700373909416,0.002226
V2C-1079,C0_DIRECT_SLM,11711705981713,11332.075716,batch-000069,8,11332.072297,0.0,0.00125,11700373909416,0.002169
V2C-1080,C0_DIRECT_SLM,11722922530083,11216.257226,batch-000070,8,11216.246676,0.0,0.00117,11711706283407,0.00938
V2C-1082,C0_DIRECT_SLM,11722922530083,11216.254729,batch-000070,8,11216.246676,0.0,0.001117,11711706283407,0.006936
V2C-1087,C0_DIRECT_SLM,11722922530083,11216.249889,batch-000070,8,11216.246676,0.0,0.001044,11711706283407,0.002169
V2C-1088,C0_DIRECT_SLM,11722922530083,11216.254819000002,batch-000070,8,11216.246676,0.0,0.001156,11711706283407,0.006987
V2C-1091,C0_DIRECT_SLM,11722922530083,11216.250781,batch-000070,8,11216.246676,0.0,0.002017,11711706283407,0.002088
V2C-1093,C0_DIRECT_SLM,11722922530083,11216.249993000001,batch-000070,8,11216.246676,0.0,0.001074,11711706283407,0.002243
V2C-1095,C0_DIRECT_SLM,11722922530083,11216.249986,batch-000070,8,11216.246676,0.0,0.001105,11711706283407,0.002205
V2C-1096,C0_DIRECT_SLM,11722922530083,11216.255058,batch-000070,8,11216.246676,0.0,0.001417,11711706283407,0.006965
V2C-1104,C0_DIRECT_SLM,11734231578994,11308.793828999998,batch-000071,8,11308.784639,0.0,0.001282,11722922794355,0.007908
V2C-1107,C0_DIRECT_SLM,11734231578994,11308.793350999998,batch-000071,8,11308.784639,0.0,0.001079,11722922794355,0.007633
V2C-1109,C0_DIRECT_SLM,11734231578994,11308.793012,batch-000071,8,11308.784639,0.0,0.001225,11722922794355,0.007148
V2C-1110,C0_DIRECT_SLM,11734231578994,11308.792504000001,batch-000071,8,11308.784639,0.0,0.001189,11722922794355,0.006676
V2C-1115,C0_DIRECT_SLM,11734231578994,11308.793098,batch-000071,8,11308.784639,0.0,0.001351,11722922794355,0.007108
V2C-1116,C0_DIRECT_SLM,11734231578994,11308.793237,batch-000071,8,11308.784639,0.0,0.001139,11722922794355,0.007459
V2C-1118,C0_DIRECT_SLM,11734231578994,11308.792468,batch-000071,8,11308.784639,0.0,0.00116,11722922794355,0.006669
V2C-1119,C0_DIRECT_SLM,11734231578994,11308.793857,batch-000071,8,11308.784639,0.0,0.001195,11722922794355,0.008023
V2C-1120,C0_DIRECT_SLM,11745449983570,11218.165855,batch-000072,8,11218.157384,0.0,0.001107,11734231826186,0.007364
V2C-1123,C0_DIRECT_SLM,11745449983570,11218.165659,batch-000072,8,11218.157384,0.0,0.001179,11734231826186,0.007096
V2C-1127,C0_DIRECT_SLM,11745449983570,11218.165603,batch-000072,8,11218.157384,0.0,0.001172,11734231826186,0.007047
V2C-1128,C0_DIRECT_SLM,11745449983570,11218.165954,batch-000072,8,11218.157384,0.0,0.001399,11734231826186,0.007171
V2C-1130,C0_DIRECT_SLM,11745449983570,11218.165264,batch-000072,8,11218.157384,0.0,0.001185,11734231826186,0.006695
V2C-1133,C0_DIRECT_SLM,11745449983570,11218.16409,batch-000072,8,11218.157384,0.0,0.001898,11734231826186,0.004808
V2C-1139,C0_DIRECT_SLM,11745449983570,11218.165414000001,batch-000072,8,11218.157384,0.0,0.001156,11734231826186,0.006874
V2C-1141,C0_DIRECT_SLM,11745449983570,11218.164266,batch-000072,8,11218.157384,0.0,0.002,11734231826186,0.004882
V2C-1154,C0_DIRECT_SLM,11756783186353,11332.975376000002,batch-000073,8,11332.94893,0.0,0.019781,11745450237423,0.006665
V2C-1155,C0_DIRECT_SLM,11756783186353,11332.956515,batch-000073,8,11332.94893,0.0,0.001132,11745450237423,0.006453
V2C-1156,C0_DIRECT_SLM,11756783186353,11332.955850000002,batch-000073,8,11332.94893,0.0,0.001147,11745450237423,0.005773
V2C-1158,C0_DIRECT_SLM,11756783186353,11332.953159,batch-000073,8,11332.94893,0.0,0.001086,11745450237423,0.003143
V2C-1160,C0_DIRECT_SLM,11756783186353,11332.956262,batch-000073,8,11332.94893,0.0,0.001165,11745450237423,0.006167
V2C-1162,C0_DIRECT_SLM,11756783186353,11332.95319,batch-000073,8,11332.94893,0.0,0.001167,11745450237423,0.003093
V2C-1163,C0_DIRECT_SLM,11756783186353,11332.955981000001,batch-000073,8,11332.94893,0.0,0.001147,11745450237423,0.005904
V2C-1164,C0_DIRECT_SLM,11756783186353,11332.956519,batch-000073,8,11332.94893,0.0,0.001089,11745450237423,0.0065
V2C-1171,C0_DIRECT_SLM,11768297434349,11513.996002,batch-000074,8,11513.988517,0.0,0.001742,11756783445832,0.005743
V2C-1173,C0_DIRECT_SLM,11768297434349,11513.992766,batch-000074,8,11513.988517,0.0,0.001132,11756783445832,0.003117
V2C-1175,C0_DIRECT_SLM,11768297434349,11513.995525,batch-000074,8,11513.988517,0.0,0.00113,11756783445832,0.005878
V2C-1178,C0_DIRECT_SLM,11768297434349,11513.992806999999,batch-000074,8,11513.988517,0.0,0.00116,11756783445832,0.00313
V2C-1187,C0_DIRECT_SLM,11768297434349,11513.995632,batch-000074,8,11513.988517,0.0,0.00117,11756783445832,0.005945
V2C-1190,C0_DIRECT_SLM,11768297434349,11513.997758000001,batch-000074,8,11513.988517,0.0,0.001222,11756783445832,0.008019
V2C-1194,C0_DIRECT_SLM,11768297434349,11513.993095,batch-000074,8,11513.988517,0.0,0.001352,11756783445832,0.003226
V2C-1199,C0_DIRECT_SLM,11768297434349,11513.995539000001,batch-000074,8,11513.988517,0.0,0.001238,11756783445832,0.005784
EXT-ADVERSARIAL-0002,C1_NAIVE_RAG,11907385265229,15990.510698,batch-000000,16,15990.414572,0.0,0.031593,11891394850657,0.064533
EXT-ADVERSARIAL-0003,C1_NAIVE_RAG,11907385265229,15990.448515,batch-000000,16,15990.414572,0.0,0.010687,11891394850657,0.023256
EXT-ADVERSARIAL-0005,C1_NAIVE_RAG,11907385265229,15990.427029,batch-000000,16,15990.414572,0.0,0.006604,11891394850657,0.005853
EXT-ADVERSARIAL-0014,C1_NAIVE_RAG,11907385265229,15990.422657,batch-000000,16,15990.414572,0.0,0.004523,11891394850657,0.003562
EXT-ADVERSARIAL-0015,C1_NAIVE_RAG,11907385265229,15990.429689999999,batch-000000,16,15990.414572,0.0,0.004685,11891394850657,0.010433
EXT-ADVERSARIAL-0018,C1_NAIVE_RAG,11907385265229,15990.432725,batch-000000,16,15990.414572,0.0,0.00429,11891394850657,0.013863
EXT-ADVERSARIAL-0021,C1_NAIVE_RAG,11907385265229,15990.428424,batch-000000,16,15990.414572,0.0,0.004045,11891394850657,0.009807
EXT-ADVERSARIAL-0025,C1_NAIVE_RAG,11907385265229,15990.423804999999,batch-000000,16,15990.414572,0.0,0.003802,11891394850657,0.005431
EXT-ADVERSARIAL-0026,C1_NAIVE_RAG,11907385265229,15990.430773999999,batch-000000,16,15990.414572,0.0,0.004018,11891394850657,0.012184
EXT-ADVERSARIAL-0028,C1_NAIVE_RAG,11907385265229,15990.426755,batch-000000,16,15990.414572,0.0,0.003606,11891394850657,0.008577
EXT-ADVERSARIAL-0029,C1_NAIVE_RAG,11907385265229,15990.428194999999,batch-000000,16,15990.414572,0.0,0.00363,11891394850657,0.009993
EXT-ADVERSARIAL-0031,C1_NAIVE_RAG,11907385265229,15990.428317,batch-000000,16,15990.414572,0.0,0.004044,11891394850657,0.009701
EXT-ADVERSARIAL-0032,C1_NAIVE_RAG,11907385265229,15990.427824,batch-000000,16,15990.414572,0.0,0.003425,11891394850657,0.009827
EXT-ADVERSARIAL-0034,C1_NAIVE_RAG,11907385265229,15990.426462,batch-000000,16,15990.414572,0.0,0.003343,11891394850657,0.008547
EXT-ADVERSARIAL-0039,C1_NAIVE_RAG,11907385265229,15990.4277,batch-000000,16,15990.414572,0.0,0.003709,11891394850657,0.009419
EXT-ADVERSARIAL-0044,C1_NAIVE_RAG,11907385265229,15990.420935,batch-000000,16,15990.414572,0.0,0.003638,11891394850657,0.002725
EXT-ADVERSARIAL-0050,C1_NAIVE_RAG,11920918934484,13533.402725,batch-000001,16,13533.389923,0.0,0.003304,11907385544561,0.009498
EXT-ADVERSARIAL-0051,C1_NAIVE_RAG,11920918934484,13533.403006,batch-000001,16,13533.389923,0.0,0.003513,11907385544561,0.00957
EXT-ADVERSARIAL-0056,C1_NAIVE_RAG,11920918934484,13533.402179,batch-000001,16,13533.389923,0.0,0.003795,11907385544561,0.008461
EXT-ADVERSARIAL-0058,C1_NAIVE_RAG,11920918934484,13533.406564,batch-000001,16,13533.389923,0.0,0.008822,11907385544561,0.007819
EXT-ADVERSARIAL-0061,C1_NAIVE_RAG,11920918934484,13533.401768,batch-000001,16,13533.389923,0.0,0.00362,11907385544561,0.008225
EXT-ADVERSARIAL-0063,C1_NAIVE_RAG,11920918934484,13533.40134,batch-000001,16,13533.389923,0.0,0.003531,11907385544561,0.007886
EXT-ADVERSARIAL-0071,C1_NAIVE_RAG,11920918934484,13533.401939000001,batch-000001,16,13533.389923,0.0,0.003558,11907385544561,0.008458
EXT-ADVERSARIAL-0073,C1_NAIVE_RAG,11920918934484,13533.396915,batch-000001,16,13533.389923,0.0,0.003308,11907385544561,0.003684
EXT-ADVERSARIAL-0076,C1_NAIVE_RAG,11920918934484,13533.401663,batch-000001,16,13533.389923,0.0,0.003464,11907385544561,0.008276
EXT-ADVERSARIAL-0078,C1_NAIVE_RAG,11920918934484,13533.401329,batch-000001,16,13533.389923,0.0,0.003455,11907385544561,0.007951
EXT-ADVERSARIAL-0082,C1_NAIVE_RAG,11920918934484,13533.401722,batch-000001,16,13533.389923,0.0,0.003505,11907385544561,0.008294
EXT-ADVERSARIAL-0084,C1_NAIVE_RAG,11920918934484,13533.401725000002,batch-000001,16,13533.389923,0.0,0.003435,11907385544561,0.008367
EXT-ADVERSARIAL-0085,C1_NAIVE_RAG,11920918934484,13533.397656000001,batch-000001,16,13533.389923,0.0,0.003605,11907385544561,0.004128
EXT-ADVERSARIAL-0089,C1_NAIVE_RAG,11920918934484,13533.401325,batch-000001,16,13533.389923,0.0,0.003513,11907385544561,0.007889
EXT-ADVERSARIAL-0093,C1_NAIVE_RAG,11920918934484,13533.401286,batch-000001,16,13533.389923,0.0,0.003506,11907385544561,0.007857
EXT-ADVERSARIAL-0095,C1_NAIVE_RAG,11920918934484,13533.402791,batch-000001,16,13533.389923,0.0,0.003945,11907385544561,0.008923
EXT-ADVERSARIAL-0097,C1_NAIVE_RAG,11934517021902,13597.79595,batch-000002,16,13597.783397,0.0,0.003558,11920919238505,0.008995
EXT-ADVERSARIAL-0098,C1_NAIVE_RAG,11934517021902,13597.795884,batch-000002,16,13597.783397,0.0,0.003298,11920919238505,0.009189
EXT-AMBIGUOUS-0003,C1_NAIVE_RAG,11934517021902,13597.793063,batch-000002,16,13597.783397,0.0,0.003851,11920919238505,0.005815
EXT-AMBIGUOUS-0004,C1_NAIVE_RAG,11934517021902,13597.795826999998,batch-000002,16,13597.783397,0.0,0.004002,11920919238505,0.008428
EXT-AMBIGUOUS-0014,C1_NAIVE_RAG,11934517021902,13597.794504,batch-000002,16,13597.783397,0.0,0.003503,11920919238505,0.007604
EXT-AMBIGUOUS-0015,C1_NAIVE_RAG,11934517021902,13597.792719999998,batch-000002,16,13597.783397,0.0,0.003657,11920919238505,0.005666
EXT-AMBIGUOUS-0024,C1_NAIVE_RAG,11934517021902,13597.813083,batch-000002,16,13597.783397,0.0,0.003562,11920919238505,0.026124
EXT-AMBIGUOUS-0026,C1_NAIVE_RAG,11934517021902,13597.797669,batch-000002,16,13597.783397,0.0,0.003375,11920919238505,0.010897
EXT-AMBIGUOUS-0028,C1_NAIVE_RAG,11934517021902,13597.795086,batch-000002,16,13597.783397,0.0,0.003608,11920919238505,0.008081
EXT-AMBIGUOUS-0033,C1_NAIVE_RAG,11934517021902,13597.793497999999,batch-000002,16,13597.783397,0.0,0.003829,11920919238505,0.006272
EXT-AMBIGUOUS-0035,C1_NAIVE_RAG,11934517021902,13597.792759999998,batch-000002,16,13597.783397,0.0,0.003797,11920919238505,0.005566
EXT-AMBIGUOUS-0039,C1_NAIVE_RAG,11934517021902,13597.792206,batch-000002,16,13597.783397,0.0,0.003742,11920919238505,0.005067
EXT-AMBIGUOUS-0041,C1_NAIVE_RAG,11934517021902,13597.792029999999,batch-000002,16,13597.783397,0.0,0.00359,11920919238505,0.005043
EXT-AMBIGUOUS-0044,C1_NAIVE_RAG,11934517021902,13597.795513,batch-000002,16,13597.783397,0.0,0.003426,11920919238505,0.00869
EXT-AMBIGUOUS-0049,C1_NAIVE_RAG,11934517021902,13597.792087,batch-000002,16,13597.783397,0.0,0.003386,11920919238505,0.005304
EXT-AMBIGUOUS-0050,C1_NAIVE_RAG,11934517021902,13597.794625999999,batch-000002,16,13597.783397,0.0,0.003348,11920919238505,0.007881
EXT-INVALID_ENTITY-0004,C1_NAIVE_RAG,11947911657659,13394.270348999999,batch-000003,16,13394.262109,0.0,0.003664,11934517395550,0.004576
EXT-INVALID_ENTITY-0006,C1_NAIVE_RAG,11947911657659,13394.267856999999,batch-000003,16,13394.262109,0.0,0.003297,11934517395550,0.002451
EXT-INVALID_ENTITY-0009,C1_NAIVE_RAG,11947911657659,13394.2757,batch-000003,16,13394.262109,0.0,0.003428,11934517395550,0.010163
EXT-INVALID_ENTITY-0011,C1_NAIVE_RAG,11947911657659,13394.273834,batch-000003,16,13394.262109,0.0,0.003792,11934517395550,0.007933
EXT-INVALID_ENTITY-0013,C1_NAIVE_RAG,11947911657659,13394.274046,batch-000003,16,13394.262109,0.0,0.003735,11934517395550,0.008202
EXT-INVALID_ENTITY-0022,C1_NAIVE_RAG,11947911657659,13394.268318999999,batch-000003,16,13394.262109,0.0,0.003732,11934517395550,0.002478
EXT-INVALID_ENTITY-0026,C1_NAIVE_RAG,11947911657659,13394.268070999999,batch-000003,16,13394.262109,0.0,0.00362,11934517395550,0.002342
EXT-INVALID_ENTITY-0033,C1_NAIVE_RAG,11947911657659,13394.274619999998,batch-000003,16,13394.262109,0.0,0.003496,11934517395550,0.009015
EXT-INVALID_ENTITY-0034,C1_NAIVE_RAG,11947911657659,13394.269427,batch-000003,16,13394.262109,0.0,0.003523,11934517395550,0.003795
EXT-INVALID_ENTITY-0035,C1_NAIVE_RAG,11947911657659,13394.273980999998,batch-000003,16,13394.262109,0.0,0.004093,11934517395550,0.007779
EXT-INVALID_ENTITY-0036,C1_NAIVE_RAG,11947911657659,13394.27098,batch-000003,16,13394.262109,0.0,0.003562,11934517395550,0.005309
EXT-INVALID_ENTITY-0037,C1_NAIVE_RAG,11947911657659,13394.273204,batch-000003,16,13394.262109,0.0,0.003302,11934517395550,0.007793
EXT-INVALID_ENTITY-0038,C1_NAIVE_RAG,11947911657659,13394.272852,batch-000003,16,13394.262109,0.0,0.003392,11934517395550,0.007351
EXT-INVALID_ENTITY-0039,C1_NAIVE_RAG,11947911657659,13394.273621999999,batch-000003,16,13394.262109,0.0,0.003399,11934517395550,0.008114
EXT-INVALID_ENTITY-0040,C1_NAIVE_RAG,11947911657659,13394.273186,batch-000003,16,13394.262109,0.0,0.003268,11934517395550,0.007809
EXT-INVALID_ENTITY-0042,C1_NAIVE_RAG,11947911657659,13394.267941999999,batch-000003,16,13394.262109,0.0,0.003517,11934517395550,0.002316
EXT-INVALID_ENTITY-0043,C1_NAIVE_RAG,11961530752123,13618.790237,batch-000004,16,13618.779116,0.0,0.003561,11947911973007,0.00756
EXT-INVALID_ENTITY-0045,C1_NAIVE_RAG,11961530752123,13618.786825,batch-000004,16,13618.779116,0.0,0.003631,11947911973007,0.004078
EXT-INVALID_ENTITY-0047,C1_NAIVE_RAG,11961530752123,13618.789825,batch-000004,16,13618.779116,0.0,0.003268,11947911973007,0.007441
EXT-INVALID_ENTITY-0050,C1_NAIVE_RAG,11961530752123,13618.790313,batch-000004,16,13618.779116,0.0,0.00344,11947911973007,0.007757
EXT-INVALID_ENTITY-0053,C1_NAIVE_RAG,11961530752123,13618.790593,batch-000004,16,13618.779116,0.0,0.003303,11947911973007,0.008174
EXT-INVALID_ENTITY-0054,C1_NAIVE_RAG,11961530752123,13618.791183,batch-000004,16,13618.779116,0.0,0.003798,11947911973007,0.008269
EXT-INVALID_ENTITY-0065,C1_NAIVE_RAG,11961530752123,13618.790661000001,batch-000004,16,13618.779116,0.0,0.003263,11947911973007,0.008282
EXT-INVALID_ENTITY-0066,C1_NAIVE_RAG,11961530752123,13618.784771999999,batch-000004,16,13618.779116,0.0,0.003292,11947911973007,0.002364
EXT-INVALID_ENTITY-0069,C1_NAIVE_RAG,11961530752123,13618.790611999999,batch-000004,16,13618.779116,0.0,0.003201,11947911973007,0.008295
EXT-INVALID_ENTITY-0070,C1_NAIVE_RAG,11961530752123,13618.79054,batch-000004,16,13618.779116,0.0,0.003265,11947911973007,0.008159
EXT-INVALID_ENTITY-0073,C1_NAIVE_RAG,11961530752123,13618.790558,batch-000004,16,13618.779116,0.0,0.003473,11947911973007,0.007969
EXT-INVALID_ENTITY-0077,C1_NAIVE_RAG,11961530752123,13618.789938,batch-000004,16,13618.779116,0.0,0.003394,11947911973007,0.007428
EXT-INVALID_ENTITY-0078,C1_NAIVE_RAG,11961530752123,13618.789588,batch-000004,16,13618.779116,0.0,0.003316,11947911973007,0.007156
EXT-INVALID_ENTITY-0079,C1_NAIVE_RAG,11961530752123,13618.79042,batch-000004,16,13618.779116,0.0,0.003416,11947911973007,0.007888
EXT-INVALID_ENTITY-0080,C1_NAIVE_RAG,11961530752123,13618.789829,batch-000004,16,13618.779116,0.0,0.003305,11947911973007,0.007408
EXT-INVALID_ENTITY-0083,C1_NAIVE_RAG,11961530752123,13618.791761,batch-000004,16,13618.779116,0.0,0.003435,11947911973007,0.00921
EXT-INVALID_ENTITY-0084,C1_NAIVE_RAG,11974962277371,13431.250259999999,batch-000005,16,13431.239795,0.0,0.003305,11961531037576,0.00716
EXT-INVALID_ENTITY-0086,C1_NAIVE_RAG,11974962277371,13431.245487999999,batch-000005,16,13431.239795,0.0,0.003406,11961531037576,0.002287
EXT-INVALID_ENTITY-0093,C1_NAIVE_RAG,11974962277371,13431.250501,batch-000005,16,13431.239795,0.0,0.00345,11961531037576,0.007256
EXT-INVALID_ENTITY-0098,C1_NAIVE_RAG,11974962277371,13431.247024,batch-000005,16,13431.239795,0.0,0.003445,11961531037576,0.003784
EXT-NUMERIC_PROVENANCE-0008,C1_NAIVE_RAG,11974962277371,13431.250976,batch-000005,16,13431.239795,0.0,0.003353,11961531037576,0.007828
EXT-NUMERIC_PROVENANCE-0009,C1_NAIVE_RAG,11974962277371,13431.250882999999,batch-000005,16,13431.239795,0.0,0.003239,11961531037576,0.007849
EXT-NUMERIC_PROVENANCE-0012,C1_NAIVE_RAG,11974962277371,13431.250989,batch-000005,16,13431.239795,0.0,0.003252,11961531037576,0.007942
EXT-NUMERIC_PROVENANCE-0013,C1_NAIVE_RAG,11974962277371,13431.252362999998,batch-000005,16,13431.239795,0.0,0.004226,11961531037576,0.008342
EXT-NUMERIC_PROVENANCE-0015,C1_NAIVE_RAG,11974962277371,13431.246684,batch-000005,16,13431.239795,0.0,0.003437,11961531037576,0.003452
EXT-NUMERIC_PROVENANCE-0016,C1_NAIVE_RAG,11974962277371,13431.245745999999,batch-000005,16,13431.239795,0.0,0.003492,11961531037576,0.002459
EXT-NUMERIC_PROVENANCE-0017,C1_NAIVE_RAG,11974962277371,13431.25173,batch-000005,16,13431.239795,0.0,0.003365,11961531037576,0.00857
EXT-NUMERIC_PROVENANCE-0018,C1_NAIVE_RAG,11974962277371,13431.250533999999,batch-000005,16,13431.239795,0.0,0.003245,11961531037576,0.007494
EXT-NUMERIC_PROVENANCE-0019,C1_NAIVE_RAG,11974962277371,13431.250662,batch-000005,16,13431.239795,0.0,0.003553,11961531037576,0.007314
EXT-NUMERIC_PROVENANCE-0020,C1_NAIVE_RAG,11974962277371,13431.250687,batch-000005,16,13431.239795,0.0,0.003568,11961531037576,0.007324
EXT-NUMERIC_PROVENANCE-0021,C1_NAIVE_RAG,11974962277371,13431.245485,batch-000005,16,13431.239795,0.0,0.003412,11961531037576,0.002278
EXT-NUMERIC_PROVENANCE-0029,C1_NAIVE_RAG,11974962277371,13431.250252,batch-000005,16,13431.239795,0.0,0.003481,11961531037576,0.006976
EXT-NUMERIC_PROVENANCE-0031,C1_NAIVE_RAG,11988480627808,13518.055352000001,batch-000006,16,13518.044683,0.0,0.003495,11974962583125,0.007174
EXT-NUMERIC_PROVENANCE-0033,C1_NAIVE_RAG,11988480627808,13518.055022,batch-000006,16,13518.044683,0.0,0.00337,11974962583125,0.006969
EXT-NUMERIC_PROVENANCE-0035,C1_NAIVE_RAG,11988480627808,13518.051384,batch-000006,16,13518.044683,0.0,0.003256,11974962583125,0.003445
EXT-NUMERIC_PROVENANCE-0038,C1_NAIVE_RAG,11988480627808,13518.051585,batch-000006,16,13518.044683,0.0,0.003502,11974962583125,0.0034
EXT-NUMERIC_PROVENANCE-0039,C1_NAIVE_RAG,11988480627808,13518.056246,batch-000006,16,13518.044683,0.0,0.00364,11974962583125,0.007923
EXT-NUMERIC_PROVENANCE-0047,C1_NAIVE_RAG,11988480627808,13518.066714,batch-000006,16,13518.044683,0.0,0.003364,11974962583125,0.018667
EXT-PAIR-0001-KO,C1_NAIVE_RAG,11988480627808,13518.058091,batch-000006,16,13518.044683,0.0,0.003371,11974962583125,0.010037
EXT-PAIR-0004-EN,C1_NAIVE_RAG,11988480627808,13518.051863,batch-000006,16,13518.044683,0.0,0.003519,11974962583125,0.003661
EXT-PAIR-0004-KO,C1_NAIVE_RAG,11988480627808,13518.055746,batch-000006,16,13518.044683,0.0,0.003445,11974962583125,0.007618
EXT-PAIR-0007-EN,C1_NAIVE_RAG,11988480627808,13518.050483,batch-000006,16,13518.044683,0.0,0.003369,11974962583125,0.002431
EXT-PAIR-0009-EN,C1_NAIVE_RAG,11988480627808,13518.050256,batch-000006,16,13518.044683,0.0,0.003269,11974962583125,0.002304
EXT-PAIR-0010-EN,C1_NAIVE_RAG,11988480627808,13518.055499,batch-000006,16,13518.044683,0.0,0.003316,11974962583125,0.0075
EXT-PAIR-0013-EN,C1_NAIVE_RAG,11988480627808,13518.068066,batch-000006,16,13518.044683,0.0,0.017147,11974962583125,0.006236
EXT-PAIR-0013-KO,C1_NAIVE_RAG,11988480627808,13518.076294,batch-000006,16,13518.044683,0.0,0.006613,11974962583125,0.024998
EXT-PAIR-0021-KO,C1_NAIVE_RAG,11988480627808,13518.053044,batch-000006,16,13518.044683,0.0,0.004955,11974962583125,0.003406
EXT-PAIR-0026-EN,C1_NAIVE_RAG,11988480627808,13518.057125,batch-000006,16,13518.044683,0.0,0.004019,11974962583125,0.008423
EXT-PAIR-0026-KO,C1_NAIVE_RAG,12002074370722,13593.451598,batch-000007,16,13593.440659,0.0,0.003501,11988480930063,0.007438
EXT-PAIR-0027-KO,C1_NAIVE_RAG,12002074370722,13593.452712,batch-000007,16,13593.440659,0.0,0.003419,11988480930063,0.008634
EXT-PAIR-0029-KO,C1_NAIVE_RAG,12002074370722,13593.451737000001,batch-000007,16,13593.440659,0.0,0.00364,11988480930063,0.007438
EXT-PAIR-0030-EN,C1_NAIVE_RAG,12002074370722,13593.451871000001,batch-000007,16,13593.440659,0.0,0.003397,11988480930063,0.007815
EXT-PAIR-0034-EN,C1_NAIVE_RAG,12002074370722,13593.451364,batch-000007,16,13593.440659,0.0,0.00321,11988480930063,0.007495
EXT-PAIR-0035-KO,C1_NAIVE_RAG,12002074370722,13593.448347,batch-000007,16,13593.440659,0.0,0.003768,11988480930063,0.00392
EXT-PAIR-0039-KO,C1_NAIVE_RAG,12002074370722,13593.451727,batch-000007,16,13593.440659,0.0,0.003771,11988480930063,0.007297
EXT-PAIR-0040-EN,C1_NAIVE_RAG,12002074370722,13593.45189,batch-000007,16,13593.440659,0.0,0.003526,11988480930063,0.007705
EXT-PAIR-0041-EN,C1_NAIVE_RAG,12002074370722,13593.447552000001,batch-000007,16,13593.440659,0.0,0.004387,11988480930063,0.002506
EXT-PAIR-0043-KO,C1_NAIVE_RAG,12002074370722,13593.452096,batch-000007,16,13593.440659,0.0,0.003526,11988480930063,0.007911
EXT-PAIR-0047-KO,C1_NAIVE_RAG,12002074370722,13593.451375999999,batch-000007,16,13593.440659,0.0,0.003433,11988480930063,0.007284
EXT-PAIR-0048-EN,C1_NAIVE_RAG,12002074370722,13593.446753,batch-000007,16,13593.440659,0.0,0.003869,11988480930063,0.002225
EXT-PAIR-0049-KO,C1_NAIVE_RAG,12002074370722,13593.451430000001,batch-000007,16,13593.440659,0.0,0.003381,11988480930063,0.00739
EXT-PAIR-0055-EN,C1_NAIVE_RAG,12002074370722,13593.451101999999,batch-000007,16,13593.440659,0.0,0.003313,11988480930063,0.00713
EXT-PAIR-0056-EN,C1_NAIVE_RAG,12002074370722,13593.446189,batch-000007,16,13593.440659,0.0,0.003353,11988480930063,0.002177
EXT-PAIR-0063-KO,C1_NAIVE_RAG,12002074370722,13593.452459999999,batch-000007,16,13593.440659,0.0,0.003738,11988480930063,0.008063
EXT-PAIR-0064-EN,C1_NAIVE_RAG,12015540159344,13465.492492,batch-000008,16,13465.485545,0.0,0.003461,12002074673799,0.003486
EXT-PAIR-0072-EN,C1_NAIVE_RAG,12015540159344,13465.496346,batch-000008,16,13465.485545,0.0,0.003441,12002074673799,0.00736
EXT-PAIR-0073-KO,C1_NAIVE_RAG,12015540159344,13465.500591,batch-000008,16,13465.485545,0.0,0.003752,12002074673799,0.011294
EXT-PAIR-0078-KO,C1_NAIVE_RAG,12015540159344,13465.496594999999,batch-000008,16,13465.485545,0.0,0.003544,12002074673799,0.007506
EXT-PAIR-0080-EN,C1_NAIVE_RAG,12015540159344,13465.49648,batch-000008,16,13465.485545,0.0,0.003418,12002074673799,0.007517
EXT-PAIR-0080-KO,C1_NAIVE_RAG,12015540159344,13465.497593,batch-000008,16,13465.485545,0.0,0.003556,12002074673799,0.008492
EXT-PAIR-0082-EN,C1_NAIVE_RAG,12015540159344,13465.491721,batch-000008,16,13465.485545,0.0,0.00331,12002074673799,0.002866
EXT-PAIR-0083-KO,C1_NAIVE_RAG,12015540159344,13465.496882,batch-000008,16,13465.485545,0.0,0.003355,12002074673799,0.007982
EXT-PAIR-0085-EN,C1_NAIVE_RAG,12015540159344,13465.496242,batch-000008,16,13465.485545,0.0,0.003372,12002074673799,0.007325
EXT-PAIR-0088-EN,C1_NAIVE_RAG,12015540159344,13465.49132,batch-000008,16,13465.485545,0.0,0.003292,12002074673799,0.002483
EXT-PAIR-0089-EN,C1_NAIVE_RAG,12015540159344,13465.496149,batch-000008,16,13465.485545,0.0,0.003364,12002074673799,0.00724
EXT-PAIR-0091-EN,C1_NAIVE_RAG,12015540159344,13465.491149,batch-000008,16,13465.485545,0.0,0.003371,12002074673799,0.002233
EXT-PAIR-0091-KO,C1_NAIVE_RAG,12015540159344,13465.496148,batch-000008,16,13465.485545,0.0,0.003461,12002074673799,0.007142
EXT-PAIR-0094-EN,C1_NAIVE_RAG,12015540159344,13465.492345999999,batch-000008,16,13465.485545,0.0,0.003464,12002074673799,0.003337
EXT-PAIR-0096-EN,C1_NAIVE_RAG,12015540159344,13465.491155,batch-000008,16,13465.485545,0.0,0.003325,12002074673799,0.002285
EXT-PAIR-0099-KO,C1_NAIVE_RAG,12015540159344,13465.496072,batch-000008,16,13465.485545,0.0,0.003301,12002074673799,0.007226
EXT-PAIR-0104-KO,C1_NAIVE_RAG,12029125547913,13585.094193,batch-000009,16,13585.083688,0.0,0.003407,12015540464225,0.007098
EXT-PAIR-0109-KO,C1_NAIVE_RAG,12029125547913,13585.094214,batch-000009,16,13585.083688,0.0,0.003267,12015540464225,0.007259
EXT-PAIR-0115-KO,C1_NAIVE_RAG,12029125547913,13585.090586000002,batch-000009,16,13585.083688,0.0,0.003387,12015540464225,0.003511
EXT-PAIR-0116-KO,C1_NAIVE_RAG,12029125547913,13585.094436000001,batch-000009,16,13585.083688,0.0,0.003296,12015540464225,0.007452
EXT-PAIR-0117-EN,C1_NAIVE_RAG,12029125547913,13585.094769000001,batch-000009,16,13585.083688,0.0,0.003321,12015540464225,0.00776
EXT-PAIR-0121-EN,C1_NAIVE_RAG,12029125547913,13585.094409,batch-000009,16,13585.083688,0.0,0.003416,12015540464225,0.007305
EXT-PAIR-0128-KO,C1_NAIVE_RAG,12029125547913,13585.094905000002,batch-000009,16,13585.083688,0.0,0.003409,12015540464225,0.007808
EXT-PAIR-0136-KO,C1_NAIVE_RAG,12029125547913,13585.095191,batch-000009,16,13585.083688,0.0,0.004307,12015540464225,0.007196
EXT-PAIR-0140-EN,C1_NAIVE_RAG,12029125547913,13585.094109,batch-000009,16,13585.083688,0.0,0.003384,12015540464225,0.007037
EXT-PAIR-0140-KO,C1_NAIVE_RAG,12029125547913,13585.090584,batch-000009,16,13585.083688,0.0,0.003297,12015540464225,0.003599
EXT-PAIR-0143-EN,C1_NAIVE_RAG,12029125547913,13585.094727,batch-000009,16,13585.083688,0.0,0.003637,12015540464225,0.007402
EXT-PAIR-0144-EN,C1_NAIVE_RAG,12029125547913,13585.094582000002,batch-000009,16,13585.083688,0.0,0.003226,12015540464225,0.007668
EXT-PAIR-0146-EN,C1_NAIVE_RAG,12029125547913,13585.093979000001,batch-000009,16,13585.083688,0.0,0.003288,12015540464225,0.007003
EXT-PAIR-0148-EN,C1_NAIVE_RAG,12029125547913,13585.089274000002,batch-000009,16,13585.083688,0.0,0.003214,12015540464225,0.002372
EXT-PAIR-0148-KO,C1_NAIVE_RAG,12029125547913,13585.09458,batch-000009,16,13585.083688,0.0,0.003249,12015540464225,0.007643
EXT-PAIR-0149-KO,C1_NAIVE_RAG,12029125547913,13585.094795,batch-000009,16,13585.083688,0.0,0.00343,12015540464225,0.007677
EXT-PAIR-0150-KO,C1_NAIVE_RAG,12042497492809,13371.638394,batch-000010,16,13371.631467,0.0,0.003273,12029125861342,0.003654
EXT-PAIR-0152-KO,C1_NAIVE_RAG,12042497492809,13371.641853,batch-000010,16,13371.631467,0.0,0.003244,12029125861342,0.007142
EXT-PAIR-0154-KO,C1_NAIVE_RAG,12042497492809,13371.64259,batch-000010,16,13371.631467,0.0,0.003264,12029125861342,0.007859
EXT-PAIR-0157-KO,C1_NAIVE_RAG,12042497492809,13371.643431999999,batch-000010,16,13371.631467,0.0,0.003459,12029125861342,0.008506
EXT-PAIR-0159-EN,C1_NAIVE_RAG,12042497492809,13371.637204,batch-000010,16,13371.631467,0.0,0.00344,12029125861342,0.002297
EXT-PAIR-0161-EN,C1_NAIVE_RAG,12042497492809,13371.637299,batch-000010,16,13371.631467,0.0,0.003435,12029125861342,0.002397
EXT-PAIR-0162-EN,C1_NAIVE_RAG,12042497492809,13371.642018999999,batch-000010,16,13371.631467,0.0,0.003267,12029125861342,0.007285
EXT-PAIR-0166-EN,C1_NAIVE_RAG,12042497492809,13371.636858,batch-000010,16,13371.631467,0.0,0.003183,12029125861342,0.002208
EXT-PAIR-0166-KO,C1_NAIVE_RAG,12042497492809,13371.64237,batch-000010,16,13371.631467,0.0,0.003319,12029125861342,0.007584
EXT-PAIR-0167-EN,C1_NAIVE_RAG,12042497492809,13371.637681999999,batch-000010,16,13371.631467,0.0,0.00362,12029125861342,0.002595
EXT-PAIR-0169-EN,C1_NAIVE_RAG,12042497492809,13371.63722,batch-000010,16,13371.631467,0.0,0.003242,12029125861342,0.002511
EXT-PAIR-0170-EN,C1_NAIVE_RAG,12042497492809,13371.672725999999,batch-000010,16,13371.631467,0.0,0.03311,12029125861342,0.008149
EXT-PAIR-0174-KO,C1_NAIVE_RAG,12042497492809,13371.643430999999,batch-000010,16,13371.631467,0.0,0.003415,12029125861342,0.008549
EXT-PAIR-0175-EN,C1_NAIVE_RAG,12042497492809,13371.642724,batch-000010,16,13371.631467,0.0,0.003509,12029125861342,0.007748
EXT-PAIR-0179-EN,C1_NAIVE_RAG,12042497492809,13371.642159,batch-000010,16,13371.631467,0.0,0.003565,12029125861342,0.007127
EXT-PAIR-0184-KO,C1_NAIVE_RAG,12042497492809,13371.642371,batch-000010,16,13371.631467,0.0,0.003627,12029125861342,0.007277
EXT-PAIR-0191-EN,C1_NAIVE_RAG,12056059227429,13561.439949999998,batch-000011,16,13561.429379,0.0,0.003189,12042497798050,0.007382
EXT-PAIR-0191-KO,C1_NAIVE_RAG,12056059227429,13561.439776,batch-000011,16,13561.429379,0.0,0.003321,12042497798050,0.007076
EXT-PAIR-0193-EN,C1_NAIVE_RAG,12056059227429,13561.439551999998,batch-000011,16,13561.429379,0.0,0.003153,12042497798050,0.00702
EXT-PAIR-0194-EN,C1_NAIVE_RAG,12056059227429,13561.434878999999,batch-000011,16,13561.429379,0.0,0.003261,12042497798050,0.002239
EXT-PAIR-0194-KO,C1_NAIVE_RAG,12056059227429,13561.440005999999,batch-000011,16,13561.429379,0.0,0.003173,12042497798050,0.007454
EXT-PAIR-0195-EN,C1_NAIVE_RAG,12056059227429,13561.439858999998,batch-000011,16,13561.429379,0.0,0.003169,12042497798050,0.007311
EXT-PAIR-0195-KO,C1_NAIVE_RAG,12056059227429,13561.436391,batch-000011,16,13561.429379,0.0,0.003389,12042497798050,0.003623
EXT-PARAPHRASE-0003,C1_NAIVE_RAG,12056059227429,13561.439801999999,batch-000011,16,13561.429379,0.0,0.003143,12042497798050,0.00728
EXT-PARAPHRASE-0004,C1_NAIVE_RAG,12056059227429,13561.439964,batch-000011,16,13561.429379,0.0,0.003203,12042497798050,0.007382
EXT-PARAPHRASE-0005,C1_NAIVE_RAG,12056059227429,13561.436244999999,batch-000011,16,13561.429379,0.0,0.003171,12042497798050,0.003695
EXT-PARAPHRASE-0020,C1_NAIVE_RAG,12056059227429,13561.439624999999,batch-000011,16,13561.429379,0.0,0.003159,12042497798050,0.007087
EXT-PARAPHRASE-0026,C1_NAIVE_RAG,12056059227429,13561.44004,batch-000011,16,13561.429379,0.0,0.003167,12042497798050,0.007494
EXT-PARAPHRASE-0028,C1_NAIVE_RAG,12056059227429,13561.434715,batch-000011,16,13561.429379,0.0,0.003065,12042497798050,0.002271
EXT-PARAPHRASE-0030,C1_NAIVE_RAG,12056059227429,13561.440211,batch-000011,16,13561.429379,0.0,0.003059,12042497798050,0.007773
EXT-PARAPHRASE-0034,C1_NAIVE_RAG,12056059227429,13561.439826999998,batch-000011,16,13561.429379,0.0,0.00305,12042497798050,0.007398
EXT-PARAPHRASE-0039,C1_NAIVE_RAG,12056059227429,13561.440274999999,batch-000011,16,13561.429379,0.0,0.003165,12042497798050,0.007731
EXT-PARAPHRASE-0069,C1_NAIVE_RAG,12069426101518,13366.563695,batch-000012,16,13366.553015,0.0,0.003252,12056059548503,0.007428
EXT-PARAPHRASE-0076,C1_NAIVE_RAG,12069426101518,13366.564253999999,batch-000012,16,13366.553015,0.0,0.003191,12056059548503,0.008048
EXT-PARAPHRASE-0080,C1_NAIVE_RAG,12069426101518,13366.567138999999,batch-000012,16,13366.553015,0.0,0.003174,12056059548503,0.01095
EXT-PARAPHRASE-0091,C1_NAIVE_RAG,12069426101518,13366.564188999999,batch-000012,16,13366.553015,0.0,0.003619,12056059548503,0.007555
EXT-PARAPHRASE-0097,C1_NAIVE_RAG,12069426101518,13366.563930999999,batch-000012,16,13366.553015,0.0,0.00309,12056059548503,0.007826
EXT-PARAPHRASE-0101,C1_NAIVE_RAG,12069426101518,13366.558465,batch-000012,16,13366.553015,0.0,0.003085,12056059548503,0.002365
EXT-PARAPHRASE-0114,C1_NAIVE_RAG,12069426101518,13366.563784999998,batch-000012,16,13366.553015,0.0,0.003094,12056059548503,0.007676
EXT-PARAPHRASE-0121,C1_NAIVE_RAG,12069426101518,13366.563481,batch-000012,16,13366.553015,0.0,0.003225,12056059548503,0.007241
EXT-PARAPHRASE-0150,C1_NAIVE_RAG,12069426101518,13366.563645,batch-000012,16,13366.553015,0.0,0.003119,12056059548503,0.007511
EXT-PARAPHRASE-0154,C1_NAIVE_RAG,12069426101518,13366.564167,batch-000012,16,13366.553015,0.0,0.003124,12056059548503,0.008028
EXT-PARAPHRASE-0158,C1_NAIVE_RAG,12069426101518,13366.559767,batch-000012,16,13366.553015,0.0,0.003183,12056059548503,0.003569
EXT-PARAPHRASE-0159,C1_NAIVE_RAG,12069426101518,13366.564165,batch-000012,16,13366.553015,0.0,0.003341,12056059548503,0.007809
EXT-PARAPHRASE-0162,C1_NAIVE_RAG,12069426101518,13366.56385,batch-000012,16,13366.553015,0.0,0.003236,12056059548503,0.007599
EXT-PARAPHRASE-0166,C1_NAIVE_RAG,12069426101518,13366.563332,batch-000012,16,13366.553015,0.0,0.00307,12056059548503,0.007247
EXT-PARAPHRASE-0172,C1_NAIVE_RAG,12069426101518,13366.558473,batch-000012,16,13366.553015,0.0,0.003148,12056059548503,0.00231
EXT-PARAPHRASE-0176,C1_NAIVE_RAG,12069426101518,13366.558443,batch-000012,16,13366.553015,0.0,0.003056,12056059548503,0.002372
EXT-PARAPHRASE-0183,C1_NAIVE_RAG,12083263750586,13837.509546,batch-000013,16,13837.377394,0.0,0.00321,12069426373192,0.128942
EXT-PARAPHRASE-0191,C1_NAIVE_RAG,12083263750586,13837.393823999999,batch-000013,16,13837.377394,0.0,0.0033,12069426373192,0.01313
EXT-PARAPHRASE-0194,C1_NAIVE_RAG,12083263750586,13837.383315,batch-000013,16,13837.377394,0.0,0.003329,12069426373192,0.002592
EXT-PARAPHRASE-0197,C1_NAIVE_RAG,12083263750586,13837.390237,batch-000013,16,13837.377394,0.0,0.003287,12069426373192,0.009556
EXT-POLICY_CONFLICT-0001,C1_NAIVE_RAG,12083263750586,13837.389400999999,batch-000013,16,13837.377394,0.0,0.00346,12069426373192,0.008547
EXT-POLICY_CONFLICT-0010,C1_NAIVE_RAG,12083263750586,13837.390031999998,batch-000013,16,13837.377394,0.0,0.003506,12069426373192,0.009132
EXT-POLICY_CONFLICT-0012,C1_NAIVE_RAG,12083263750586,13837.388815,batch-000013,16,13837.377394,0.0,0.003445,12069426373192,0.007976
EXT-POLICY_CONFLICT-0015,C1_NAIVE_RAG,12083263750586,13837.385559999999,batch-000013,16,13837.377394,0.0,0.003708,12069426373192,0.004458
EXT-POLICY_CONFLICT-0017,C1_NAIVE_RAG,12083263750586,13837.389948,batch-000013,16,13837.377394,0.0,0.003268,12069426373192,0.009286
EXT-POLICY_CONFLICT-0019,C1_NAIVE_RAG,12083263750586,13837.390041999999,batch-000013,16,13837.377394,0.0,0.003489,12069426373192,0.009159
EXT-POLICY_CONFLICT-0022,C1_NAIVE_RAG,12083263750586,13837.383313,batch-000013,16,13837.377394,0.0,0.003349,12069426373192,0.00257
EXT-POLICY_CONFLICT-0027,C1_NAIVE_RAG,12083263750586,13837.388675,batch-000013,16,13837.377394,0.0,0.003387,12069426373192,0.007894
EXT-POLICY_CONFLICT-0030,C1_NAIVE_RAG,12083263750586,13837.388339,batch-000013,16,13837.377394,0.0,0.003471,12069426373192,0.007474
EXT-POLICY_CONFLICT-0034,C1_NAIVE_RAG,12083263750586,13837.38453,batch-000013,16,13837.377394,0.0,0.00341,12069426373192,0.003726
EXT-POLICY_CONFLICT-0043,C1_NAIVE_RAG,12083263750586,13837.389272999999,batch-000013,16,13837.377394,0.0,0.003412,12069426373192,0.008467
EXT-POLICY_CONFLICT-0044,C1_NAIVE_RAG,12083263750586,13837.382918,batch-000013,16,13837.377394,0.0,0.003191,12069426373192,0.002333
EXT-POLICY_CONFLICT-0055,C1_NAIVE_RAG,12097327365326,14063.338211999999,batch-000014,16,14063.330817,0.0,0.003373,12083264034509,0.004022
EXT-POLICY_CONFLICT-0056,C1_NAIVE_RAG,12097327365326,14063.336805,batch-000014,16,14063.330817,0.0,0.003172,12083264034509,0.002816
EXT-POLICY_CONFLICT-0057,C1_NAIVE_RAG,12097327365326,14063.342802000001,batch-000014,16,14063.330817,0.0,0.003436,12083264034509,0.008549
EXT-POLICY_CONFLICT-0060,C1_NAIVE_RAG,12097327365326,14063.341708999998,batch-000014,16,14063.330817,0.0,0.003103,12083264034509,0.007789
EXT-POLICY_CONFLICT-0061,C1_NAIVE_RAG,12097327365326,14063.342015,batch-000014,16,14063.330817,0.0,0.003351,12083264034509,0.007847
EXT-POLICY_CONFLICT-0062,C1_NAIVE_RAG,12097327365326,14063.342403,batch-000014,16,14063.330817,0.0,0.00324,12083264034509,0.008346
EXT-POLICY_CONFLICT-0065,C1_NAIVE_RAG,12097327365326,14063.341991,batch-000014,16,14063.330817,0.0,0.003197,12083264034509,0.007977
EXT-POLICY_CONFLICT-0066,C1_NAIVE_RAG,12097327365326,14063.342086,batch-000014,16,14063.330817,0.0,0.003315,12083264034509,0.007954
EXT-POLICY_CONFLICT-0071,C1_NAIVE_RAG,12097327365326,14063.341806999999,batch-000014,16,14063.330817,0.0,0.00313,12083264034509,0.00786
EXT-POLICY_CONFLICT-0073,C1_NAIVE_RAG,12097327365326,14063.341557,batch-000014,16,14063.330817,0.0,0.00326,12083264034509,0.00748
EXT-POLICY_CONFLICT-0075,C1_NAIVE_RAG,12097327365326,14063.342652,batch-000014,16,14063.330817,0.0,0.003272,12083264034509,0.008563
EXT-POLICY_CONFLICT-0080,C1_NAIVE_RAG,12097327365326,14063.342144,batch-000014,16,14063.330817,0.0,0.003236,12083264034509,0.008091
EXT-POLICY_CONFLICT-0081,C1_NAIVE_RAG,12097327365326,14063.341838999999,batch-000014,16,14063.330817,0.0,0.003189,12083264034509,0.007833
EXT-POLICY_CONFLICT-0086,C1_NAIVE_RAG,12097327365326,14063.33619,batch-000014,16,14063.330817,0.0,0.003114,12083264034509,0.002259
EXT-POLICY_CONFLICT-0091,C1_NAIVE_RAG,12097327365326,14063.342413,batch-000014,16,14063.330817,0.0,0.003166,12083264034509,0.00843
EXT-POLICY_CONFLICT-0094,C1_NAIVE_RAG,12097327365326,14063.337538,batch-000014,16,14063.330817,0.0,0.003106,12083264034509,0.003615
EXT-POLICY_CONFLICT-0095,C1_NAIVE_RAG,12112728600960,15240.632377000002,batch-000015,8,15240.624406,0.0,0.003253,12097487976554,0.004718
EXT-POLICY_CONFLICT-0098,C1_NAIVE_RAG,12112728600960,15240.631625,batch-000015,8,15240.624406,0.0,0.003224,12097487976554,0.003995
EXT-POLICY_CONFLICT-0099,C1_NAIVE_RAG,12112728600960,15240.636248,batch-000015,8,15240.624406,0.0,0.003228,12097487976554,0.008614
EXT-POLICY_CONFLICT-0100,C1_NAIVE_RAG,12112728600960,15240.635118,batch-000015,8,15240.624406,0.0,0.003288,12097487976554,0.007424
SEC3B-000-EN,C1_NAIVE_RAG,12112728600960,15240.665652000002,batch-000015,8,15240.624406,0.0,0.016986,12097487976554,0.02426
SEC3B-000-KO,C1_NAIVE_RAG,12112728600960,15240.647396,batch-000015,8,15240.624406,0.0,0.010278,12097487976554,0.012712
SEC3B-001-KO,C1_NAIVE_RAG,12112728600960,15240.645305,batch-000015,8,15240.624406,0.0,0.009074,12097487976554,0.011825
SEC3B-002-EN,C1_NAIVE_RAG,12112728600960,15240.64687,batch-000015,8,15240.624406,0.0,0.009766,12097487976554,0.012698
SEC3B-005-EN,C1_NAIVE_RAG,12128407731551,15678.888361000001,batch-000015,8,15678.867346,0.0,0.009095,12112728864205,0.01192
SEC3B-005-KO,C1_NAIVE_RAG,12128407731551,15678.887793,batch-000015,8,15678.867346,0.0,0.008897,12112728864205,0.01155
SEC3B-009-KO,C1_NAIVE_RAG,12128407731551,15678.887297000001,batch-000015,8,15678.867346,0.0,0.008511,12112728864205,0.01144
SEC3B-010-EN,C1_NAIVE_RAG,12128407731551,15678.888377000001,batch-000015,8,15678.867346,0.0,0.00924,12112728864205,0.011791
SEC3B-012-EN,C1_NAIVE_RAG,12128407731551,15678.887734000002,batch-000015,8,15678.867346,0.0,0.008726,12112728864205,0.011662
SEC3B-012-KO,C1_NAIVE_RAG,12128407731551,15678.887939000002,batch-000015,8,15678.867346,0.0,0.008759,12112728864205,0.011834
SEC3B-013-EN,C1_NAIVE_RAG,12128407731551,15678.888123,batch-000015,8,15678.867346,0.0,0.008644,12112728864205,0.012133
SEC3B-014-KO,C1_NAIVE_RAG,12128407731551,15678.888535000002,batch-000015,8,15678.867346,0.0,0.008701,12112728864205,0.012488
SEC3B-015-EN,C1_NAIVE_RAG,12144217600798,15641.453818,batch-000016,8,15641.43336,0.0,0.008671,12128576167438,0.011787
SEC3B-016-EN,C1_NAIVE_RAG,12144217600798,15641.458335000001,batch-000016,8,15641.43336,0.0,0.008843,12128576167438,0.016132
SEC3B-016-KO,C1_NAIVE_RAG,12144217600798,15641.456633000002,batch-000016,8,15641.43336,0.0,0.009308,12128576167438,0.013965
SEC3B-018-EN,C1_NAIVE_RAG,12144217600798,15641.458117000002,batch-000016,8,15641.43336,0.0,0.009565,12128576167438,0.015192
SEC3B-020-EN,C1_NAIVE_RAG,12144217600798,15641.455918,batch-000016,8,15641.43336,0.0,0.008799,12128576167438,0.013759
SEC3B-020-KO,C1_NAIVE_RAG,12144217600798,15641.455039,batch-000016,8,15641.43336,0.0,0.008682,12128576167438,0.012997
SEC3B-021-KO,C1_NAIVE_RAG,12144217600798,15641.456779,batch-000016,8,15641.43336,0.0,0.008892,12128576167438,0.014527
SEC3B-023-EN,C1_NAIVE_RAG,12144217600798,15641.455324,batch-000016,8,15641.43336,0.0,0.008592,12128576167438,0.013372
SEC3B-025-EN,C1_NAIVE_RAG,12160145055204,15927.217443000001,batch-000016,8,15927.195093,0.0,0.008405,12144217860111,0.013945
SEC3B-025-KO,C1_NAIVE_RAG,12160145055204,15927.217092,batch-000016,8,15927.195093,0.0,0.008474,12144217860111,0.013525
SEC3B-026-EN,C1_NAIVE_RAG,12160145055204,15927.217712,batch-000016,8,15927.195093,0.0,0.008833,12144217860111,0.013786
SEC3B-028-KO,C1_NAIVE_RAG,12160145055204,15927.217096,batch-000016,8,15927.195093,0.0,0.008787,12144217860111,0.013216
SEC3B-030-EN,C1_NAIVE_RAG,12160145055204,15927.217731,batch-000016,8,15927.195093,0.0,0.008567,12144217860111,0.014071
SEC3B-030-KO,C1_NAIVE_RAG,12160145055204,15927.217376999999,batch-000016,8,15927.195093,0.0,0.00882,12144217860111,0.013464
SEC3B-031-EN,C1_NAIVE_RAG,12160145055204,15927.216938,batch-000016,8,15927.195093,0.0,0.008554,12144217860111,0.013291
SEC3B-032-EN,C1_NAIVE_RAG,12160145055204,15927.217108,batch-000016,8,15927.195093,0.0,0.008502,12144217860111,0.013513
SEC3B-032-KO,C1_NAIVE_RAG,12175998989079,15688.196419,batch-000017,8,15688.173642,0.0,0.008386,12160310815437,0.014391
SEC3B-034-EN,C1_NAIVE_RAG,12175998989079,15688.206785,batch-000017,8,15688.173642,0.0,0.011817,12160310815437,0.021326
SEC3B-037-KO,C1_NAIVE_RAG,12175998989079,15688.197527999999,batch-000017,8,15688.173642,0.0,0.008832,12160310815437,0.015054
SEC3B-038-KO,C1_NAIVE_RAG,12175998989079,15688.199229,batch-000017,8,15688.173642,0.0,0.009587,12160310815437,0.016
SEC3B-039-EN,C1_NAIVE_RAG,12175998989079,15688.197635,batch-000017,8,15688.173642,0.0,0.009216,12160310815437,0.014777
SEC3B-040-KO,C1_NAIVE_RAG,12175998989079,15688.196211,batch-000017,8,15688.173642,0.0,0.00906,12160310815437,0.013509
SEC3B-043-EN,C1_NAIVE_RAG,12175998989079,15688.198907999998,batch-000017,8,15688.173642,0.0,0.010342,12160310815437,0.014924
SEC3B-043-KO,C1_NAIVE_RAG,12175998989079,15688.198725,batch-000017,8,15688.173642,0.0,0.009768,12160310815437,0.015315
SEC3B-044-KO,C1_NAIVE_RAG,12192119364860,16120.188309999998,batch-000017,8,16120.165447,0.0,0.009078,12175999199413,0.013785
SEC3B-045-EN,C1_NAIVE_RAG,12192119364860,16120.188143,batch-000017,8,16120.165447,0.0,0.00859,12175999199413,0.014106
SEC3B-048-KO,C1_NAIVE_RAG,12192119364860,16120.188095,batch-000017,8,16120.165447,0.0,0.009186,12175999199413,0.013462
SEC3B-050-EN,C1_NAIVE_RAG,12192119364860,16120.190048,batch-000017,8,16120.165447,0.0,0.009685,12175999199413,0.014916
SEC3B-051-KO,C1_NAIVE_RAG,12192119364860,16120.332886999999,batch-000017,8,16120.165447,0.0,0.00908,12175999199413,0.15836
SEC3B-052-EN,C1_NAIVE_RAG,12192119364860,16120.206447999999,batch-000017,8,16120.165447,0.0,0.008504,12175999199413,0.032497
SEC3B-053-EN,C1_NAIVE_RAG,12192119364860,16120.190971999999,batch-000017,8,16120.165447,0.0,0.008949,12175999199413,0.016576
SEC3B-054-KO,C1_NAIVE_RAG,12192119364860,16120.188642,batch-000017,8,16120.165447,0.0,0.009096,12175999199413,0.014099
SEC3B-059-EN,C1_NAIVE_RAG,12207974136953,15689.379769,batch-000018,8,15689.355398,0.0,0.010091,12192284781555,0.01428
SEC3B-060-EN,C1_NAIVE_RAG,12207974136953,15689.382795,batch-000018,8,15689.355398,0.0,0.013192,12192284781555,0.014205
SEC3B-061-EN,C1_NAIVE_RAG,12207974136953,15689.377980000001,batch-000018,8,15689.355398,0.0,0.009228,12192284781555,0.013354
SEC3B-069-KO,C1_NAIVE_RAG,12207974136953,15689.378632,batch-000018,8,15689.355398,0.0,0.009242,12192284781555,0.013992
SEC3B-071-EN,C1_NAIVE_RAG,12207974136953,15689.378711,batch-000018,8,15689.355398,0.0,0.009066,12192284781555,0.014247
SEC3B-072-EN,C1_NAIVE_RAG,12207974136953,15689.377979,batch-000018,8,15689.355398,0.0,0.009076,12192284781555,0.013505
SEC3B-073-KO,C1_NAIVE_RAG,12207974136953,15689.396475,batch-000018,8,15689.355398,0.0,0.009027,12192284781555,0.03205
SEC3B-076-EN,C1_NAIVE_RAG,12207974136953,15689.384853,batch-000018,8,15689.355398,0.0,0.008991,12192284781555,0.020464
SEC3B-077-EN,C1_NAIVE_RAG,12223916749056,15942.340807,batch-000018,8,15942.314709,0.0,0.009179,12207974434347,0.016919
SEC3B-078-EN,C1_NAIVE_RAG,12223916749056,15942.338253,batch-000018,8,15942.314709,0.0,0.009112,12207974434347,0.014432
SEC3B-081-KO,C1_NAIVE_RAG,12223916749056,15942.34209,batch-000018,8,15942.314709,0.0,0.008898,12207974434347,0.018483
SEC3B-082-EN,C1_NAIVE_RAG,12223916749056,15942.351825000002,batch-000018,8,15942.314709,0.0,0.022408,12207974434347,0.014708
SEC3B-084-EN,C1_NAIVE_RAG,12223916749056,15942.342822,batch-000018,8,15942.314709,0.0,0.013213,12207974434347,0.0149
SEC3B-086-KO,C1_NAIVE_RAG,12223916749056,15942.338877,batch-000018,8,15942.314709,0.0,0.010371,12207974434347,0.013797
SEC3B-087-KO,C1_NAIVE_RAG,12223916749056,15942.339237,batch-000018,8,15942.314709,0.0,0.009948,12207974434347,0.01458
SEC3B-088-EN,C1_NAIVE_RAG,12223916749056,15942.34331,batch-000018,8,15942.314709,0.0,0.009309,12207974434347,0.019292
SEC3B-089-EN,C1_NAIVE_RAG,12239513417585,15438.184906999999,batch-000019,8,15438.156071,0.0,0.008848,12224075261514,0.019988
SEC3B-090-EN,C1_NAIVE_RAG,12239513417585,15438.187016,batch-000019,8,15438.156071,0.0,0.009587,12224075261514,0.021358
SEC3B-090-KO,C1_NAIVE_RAG,12239513417585,15438.185336,batch-000019,8,15438.156071,0.0,0.008674,12224075261514,0.020591
SEC3B-093-EN,C1_NAIVE_RAG,12239513417585,15438.186393999998,batch-000019,8,15438.156071,0.0,0.009078,12224075261514,0.021245
SEC3B-093-KO,C1_NAIVE_RAG,12239513417585,15438.186012999999,batch-000019,8,15438.156071,0.0,0.009181,12224075261514,0.020761
SEC3B-099-KO,C1_NAIVE_RAG,12239513417585,15438.404174,batch-000019,8,15438.156071,0.0,0.009471,12224075261514,0.238632
V2C-0004,C1_NAIVE_RAG,12239513417585,15438.195506,batch-000019,8,15438.156071,0.0,0.007098,12224075261514,0.032337
V2C-0010,C1_NAIVE_RAG,12239513417585,15438.199149,batch-000019,8,15438.156071,0.0,0.02963,12224075261514,0.013448
V2C-0016,C1_NAIVE_RAG,12251739760000,12226.144358999998,batch-000019,8,12226.127357,0.0,0.005736,12239513632643,0.011266
V2C-0018,C1_NAIVE_RAG,12251739760000,12226.142939,batch-000019,8,12226.127357,0.0,0.00551,12239513632643,0.010072
V2C-0020,C1_NAIVE_RAG,12251739760000,12226.143265,batch-000019,8,12226.127357,0.0,0.005654,12239513632643,0.010254
V2C-0026,C1_NAIVE_RAG,12251739760000,12226.142503,batch-000019,8,12226.127357,0.0,0.005307,12239513632643,0.009839
V2C-0027,C1_NAIVE_RAG,12251739760000,12226.139833,batch-000019,8,12226.127357,0.0,0.005502,12239513632643,0.006974
V2C-0030,C1_NAIVE_RAG,12251739760000,12226.145901999998,batch-000019,8,12226.127357,0.0,0.005403,12239513632643,0.013142
V2C-0032,C1_NAIVE_RAG,12251739760000,12226.144199,batch-000019,8,12226.127357,0.0,0.005364,12239513632643,0.011478
V2C-0034,C1_NAIVE_RAG,12251739760000,12226.142749999999,batch-000019,8,12226.127357,0.0,0.005205,12239513632643,0.010188
V2C-0048,C1_NAIVE_RAG,12266488155658,14747.910272,batch-000020,16,14747.895395,0.0,0.005035,12251740260263,0.009842
V2C-0056,C1_NAIVE_RAG,12266488155658,14747.910252,batch-000020,16,14747.895395,0.0,0.005049,12251740260263,0.009808
V2C-0061,C1_NAIVE_RAG,12266488155658,14747.910103,batch-000020,16,14747.895395,0.0,0.005213,12251740260263,0.009495
V2C-0066,C1_NAIVE_RAG,12266488155658,14747.910804,batch-000020,16,14747.895395,0.0,0.005256,12251740260263,0.010153
V2C-0072,C1_NAIVE_RAG,12266488155658,14747.911553,batch-000020,16,14747.895395,0.0,0.005322,12251740260263,0.010836
V2C-0078,C1_NAIVE_RAG,12266488155658,14747.911253999999,batch-000020,16,14747.895395,0.0,0.005511,12251740260263,0.010348
V2C-0084,C1_NAIVE_RAG,12266488155658,14747.910865,batch-000020,16,14747.895395,0.0,0.005424,12251740260263,0.010046
V2C-0087,C1_NAIVE_RAG,12266488155658,14747.906165999999,batch-000020,16,14747.895395,0.0,0.005303,12251740260263,0.005468
V2C-0116,C1_NAIVE_RAG,12266488155658,14747.911026,batch-000020,16,14747.895395,0.0,0.00563,12251740260263,0.010001
V2C-0127,C1_NAIVE_RAG,12266488155658,14747.906355000001,batch-000020,16,14747.895395,0.0,0.005606,12251740260263,0.005354
V2C-0128,C1_NAIVE_RAG,12266488155658,14747.911231,batch-000020,16,14747.895395,0.0,0.005485,12251740260263,0.010351
V2C-0137,C1_NAIVE_RAG,12266488155658,14747.910757,batch-000020,16,14747.895395,0.0,0.005443,12251740260263,0.009919
V2C-0148,C1_NAIVE_RAG,12266488155658,14747.910285,batch-000020,16,14747.895395,0.0,0.005142,12251740260263,0.009748
V2C-0156,C1_NAIVE_RAG,12266488155658,14747.909963,batch-000020,16,14747.895395,0.0,0.004939,12251740260263,0.009629
V2C-0172,C1_NAIVE_RAG,12266488155658,14747.909856,batch-000020,16,14747.895395,0.0,0.004978,12251740260263,0.009483
V2C-0176,C1_NAIVE_RAG,12266488155658,14747.910179,batch-000020,16,14747.895395,0.0,0.005068,12251740260263,0.009716
V2C-0181,C1_NAIVE_RAG,12281214318340,14725.913561,batch-000021,16,14725.898675,0.0,0.005023,12266488419665,0.009863
V2C-0184,C1_NAIVE_RAG,12281214318340,14725.913923,batch-000021,16,14725.898675,0.0,0.005197,12266488419665,0.010051
V2C-0197,C1_NAIVE_RAG,12281214318340,14725.908892,batch-000021,16,14725.898675,0.0,0.005158,12266488419665,0.005059
V2C-0201,C1_NAIVE_RAG,12281214318340,14725.914131000001,batch-000021,16,14725.898675,0.0,0.005321,12266488419665,0.010135
V2C-0202,C1_NAIVE_RAG,12281214318340,14725.913818,batch-000021,16,14725.898675,0.0,0.005238,12266488419665,0.009905
V2C-0207,C1_NAIVE_RAG,12281214318340,14725.908938,batch-000021,16,14725.898675,0.0,0.005198,12266488419665,0.005065
V2C-0210,C1_NAIVE_RAG,12281214318340,14725.913633,batch-000021,16,14725.898675,0.0,0.005109,12266488419665,0.009849
V2C-0219,C1_NAIVE_RAG,12281214318340,14725.909205,batch-000021,16,14725.898675,0.0,0.005218,12266488419665,0.005312
V2C-0221,C1_NAIVE_RAG,12281214318340,14725.913402,batch-000021,16,14725.898675,0.0,0.005061,12266488419665,0.009666
V2C-0223,C1_NAIVE_RAG,12281214318340,14725.908827,batch-000021,16,14725.898675,0.0,0.00505,12266488419665,0.005102
V2C-0229,C1_NAIVE_RAG,12281214318340,14725.908963,batch-000021,16,14725.898675,0.0,0.005084,12266488419665,0.005204
V2C-0263,C1_NAIVE_RAG,12281214318340,14725.909431,batch-000021,16,14725.898675,0.0,0.004992,12266488419665,0.005764
V2C-0265,C1_NAIVE_RAG,12281214318340,14725.909489000001,batch-000021,16,14725.898675,0.0,0.005202,12266488419665,0.005612
V2C-0274,C1_NAIVE_RAG,12281214318340,14725.914338,batch-000021,16,14725.898675,0.0,0.005635,12266488419665,0.010028
V2C-0276,C1_NAIVE_RAG,12281214318340,14725.913632,batch-000021,16,14725.898675,0.0,0.00521,12266488419665,0.009747
V2C-0297,C1_NAIVE_RAG,12281214318340,14725.908943,batch-000021,16,14725.898675,0.0,0.005181,12266488419665,0.005087
V2C-0298,C1_NAIVE_RAG,12296120978146,14906.364969,batch-000022,16,14906.354594,0.0,0.005198,12281214623552,0.005177
V2C-0300,C1_NAIVE_RAG,12296120978146,14906.369836,batch-000022,16,14906.354594,0.0,0.005206,12281214623552,0.010036
V2C-0328,C1_NAIVE_RAG,12296120978146,14906.369972,batch-000022,16,14906.354594,0.0,0.005515,12281214623552,0.009863
V2C-0342,C1_NAIVE_RAG,12296120978146,14906.369676,batch-000022,16,14906.354594,0.0,0.005321,12281214623552,0.009761
V2C-0348,C1_NAIVE_RAG,12296120978146,14906.369349999999,batch-000022,16,14906.354594,0.0,0.005173,12281214623552,0.009583
V2C-0351,C1_NAIVE_RAG,12296120978146,14906.365184,batch-000022,16,14906.354594,0.0,0.005358,12281214623552,0.005232
V2C-0354,C1_NAIVE_RAG,12296120978146,14906.370067000002,batch-000022,16,14906.354594,0.0,0.005665,12281214623552,0.009808
V2C-0357,C1_NAIVE_RAG,12296120978146,14906.369586,batch-000022,16,14906.354594,0.0,0.005298,12281214623552,0.009694
V2C-0360,C1_NAIVE_RAG,12296120978146,14906.370058,batch-000022,16,14906.354594,0.0,0.005135,12281214623552,0.010329
V2C-0365,C1_NAIVE_RAG,12296120978146,14906.364641000002,batch-000022,16,14906.354594,0.0,0.005026,12281214623552,0.005021
V2C-0369,C1_NAIVE_RAG,12296120978146,14906.365123000001,batch-000022,16,14906.354594,0.0,0.005579,12281214623552,0.00495
V2C-0370,C1_NAIVE_RAG,12296120978146,14906.37094,batch-000022,16,14906.354594,0.0,0.005961,12281214623552,0.010385
V2C-0374,C1_NAIVE_RAG,12296120978146,14906.36962,batch-000022,16,14906.354594,0.0,0.005378,12281214623552,0.009648
V2C-0380,C1_NAIVE_RAG,12296120978146,14906.369458000001,batch-000022,16,14906.354594,0.0,0.00511,12281214623552,0.009754
V2C-0384,C1_NAIVE_RAG,12296120978146,14906.369746,batch-000022,16,14906.354594,0.0,0.005081,12281214623552,0.010071
V2C-0396,C1_NAIVE_RAG,12296120978146,14906.369939,batch-000022,16,14906.354594,0.0,0.005758,12281214623552,0.009587
V2C-0399,C1_NAIVE_RAG,12310812543092,14691.268967,batch-000023,16,14691.25874,0.0,0.005163,12296121284352,0.005064
V2C-0400,C1_NAIVE_RAG,12310812543092,14691.273339,batch-000023,16,14691.25874,0.0,0.004979,12296121284352,0.00962
V2C-0401,C1_NAIVE_RAG,12310812543092,14691.268805,batch-000023,16,14691.25874,0.0,0.005062,12296121284352,0.005003
V2C-0403,C1_NAIVE_RAG,12310812543092,14691.269142,batch-000023,16,14691.25874,0.0,0.005215,12296121284352,0.005187
V2C-0409,C1_NAIVE_RAG,12310812543092,14691.27004,batch-000023,16,14691.25874,0.0,0.005981,12296121284352,0.005319
V2C-0415,C1_NAIVE_RAG,12310812543092,14691.269359,batch-000023,16,14691.25874,0.0,0.005578,12296121284352,0.005041
V2C-0418,C1_NAIVE_RAG,12310812543092,14691.273964999998,batch-000023,16,14691.25874,0.0,0.005362,12296121284352,0.009863
V2C-0424,C1_NAIVE_RAG,12310812543092,14691.273613,batch-000023,16,14691.25874,0.0,0.005182,12296121284352,0.009691
V2C-0427,C1_NAIVE_RAG,12310812543092,14691.269134,batch-000023,16,14691.25874,0.0,0.005218,12296121284352,0.005176
V2C-0430,C1_NAIVE_RAG,12310812543092,14691.274602,batch-000023,16,14691.25874,0.0,0.005243,12296121284352,0.010619
V2C-0431,C1_NAIVE_RAG,12310812543092,14691.269428,batch-000023,16,14691.25874,0.0,0.005061,12296121284352,0.005627
V2C-0458,C1_NAIVE_RAG,12310812543092,14691.275427999999,batch-000023,16,14691.25874,0.0,0.00507,12296121284352,0.011618
V2C-0462,C1_NAIVE_RAG,12310812543092,14691.274131,batch-000023,16,14691.25874,0.0,0.005202,12296121284352,0.010189
V2C-0478,C1_NAIVE_RAG,12310812543092,14691.274499000001,batch-000023,16,14691.25874,0.0,0.00508,12296121284352,0.010679
V2C-0487,C1_NAIVE_RAG,12310812543092,14691.269715999999,batch-000023,16,14691.25874,0.0,0.005223,12296121284352,0.005753
V2C-0502,C1_NAIVE_RAG,12310812543092,14691.273807999998,batch-000023,16,14691.25874,0.0,0.004953,12296121284352,0.010115
V2C-0505,C1_NAIVE_RAG,12325789121425,14976.315039,batch-000024,16,14976.304701,0.0,0.005166,12310812816724,0.005172
V2C-0512,C1_NAIVE_RAG,12325789121425,14976.320260999999,batch-000024,16,14976.304701,0.0,0.005059,12310812816724,0.010501
V2C-0528,C1_NAIVE_RAG,12325789121425,14976.319539,batch-000024,16,14976.304701,0.0,0.005019,12310812816724,0.009819
V2C-0530,C1_NAIVE_RAG,12325789121425,14976.319631999999,batch-000024,16,14976.304701,0.0,0.005004,12310812816724,0.009927
V2C-0532,C1_NAIVE_RAG,12325789121425,14976.319623,batch-000024,16,14976.304701,0.0,0.005126,12310812816724,0.009796
V2C-0533,C1_NAIVE_RAG,12325789121425,14976.315147999998,batch-000024,16,14976.304701,0.0,0.005102,12310812816724,0.005345
V2C-0536,C1_NAIVE_RAG,12325789121425,14976.320407,batch-000024,16,14976.304701,0.0,0.004991,12310812816724,0.010715
V2C-0560,C1_NAIVE_RAG,12325789121425,14976.319834,batch-000024,16,14976.304701,0.0,0.004987,12310812816724,0.010146
V2C-0575,C1_NAIVE_RAG,12325789121425,14976.314913999999,batch-000024,16,14976.304701,0.0,0.005052,12310812816724,0.005161
V2C-0589,C1_NAIVE_RAG,12325789121425,14976.314943,batch-000024,16,14976.304701,0.0,0.005037,12310812816724,0.005205
V2C-0604,C1_NAIVE_RAG,12325789121425,14976.31953,batch-000024,16,14976.304701,0.0,0.004978,12310812816724,0.009851
V2C-0606,C1_NAIVE_RAG,12325789121425,14976.319621999999,batch-000024,16,14976.304701,0.0,0.005009,12310812816724,0.009912
V2C-0611,C1_NAIVE_RAG,12325789121425,14976.319544,batch-000024,16,14976.304701,0.0,0.008491,12310812816724,0.006352
V2C-0615,C1_NAIVE_RAG,12325789121425,14976.332851,batch-000024,16,14976.304701,0.0,0.004781,12310812816724,0.023369
V2C-0617,C1_NAIVE_RAG,12325789121425,14976.321195999999,batch-000024,16,14976.304701,0.0,0.004911,12310812816724,0.011584
V2C-0621,C1_NAIVE_RAG,12325789121425,14976.316461999999,batch-000024,16,14976.304701,0.0,0.004829,12310812816724,0.006932
V2C-0630,C1_NAIVE_RAG,12340521885628,14732.508739,batch-000025,16,14732.49047,0.0,0.004861,12325789395158,0.013408
V2C-0632,C1_NAIVE_RAG,12340521885628,14732.506844000001,batch-000025,16,14732.49047,0.0,0.004929,12325789395158,0.011445
V2C-0635,C1_NAIVE_RAG,12340521885628,14732.501365000002,batch-000025,16,14732.49047,0.0,0.004806,12325789395158,0.006089
V2C-0653,C1_NAIVE_RAG,12340521885628,14732.500655,batch-000025,16,14732.49047,0.0,0.004916,12325789395158,0.005269
V2C-0658,C1_NAIVE_RAG,12340521885628,14732.505499,batch-000025,16,14732.49047,0.0,0.004886,12325789395158,0.010143
V2C-0670,C1_NAIVE_RAG,12340521885628,14732.505359,batch-000025,16,14732.49047,0.0,0.004803,12325789395158,0.010086
V2C-0674,C1_NAIVE_RAG,12340521885628,14732.505134,batch-000025,16,14732.49047,0.0,0.004733,12325789395158,0.009931
V2C-0681,C1_NAIVE_RAG,12340521885628,14732.501223000001,batch-000025,16,14732.49047,0.0,0.005309,12325789395158,0.005444
V2C-0698,C1_NAIVE_RAG,12340521885628,14732.507476,batch-000025,16,14732.49047,0.0,0.006952,12325789395158,0.010054
V2C-0700,C1_NAIVE_RAG,12340521885628,14732.509898,batch-000025,16,14732.49047,0.0,0.005,12325789395158,0.014428
V2C-0701,C1_NAIVE_RAG,12340521885628,14732.501135,batch-000025,16,14732.49047,0.0,0.005258,12325789395158,0.005407
V2C-0708,C1_NAIVE_RAG,12340521885628,14732.505602000001,batch-000025,16,14732.49047,0.0,0.004982,12325789395158,0.01015
V2C-0714,C1_NAIVE_RAG,12340521885628,14732.505308000002,batch-000025,16,14732.49047,0.0,0.004982,12325789395158,0.009856
V2C-0717,C1_NAIVE_RAG,12340521885628,14732.500979000002,batch-000025,16,14732.49047,0.0,0.005225,12325789395158,0.005284
V2C-0718,C1_NAIVE_RAG,12340521885628,14732.5007,batch-000025,16,14732.49047,0.0,0.00499,12325789395158,0.00524
V2C-0722,C1_NAIVE_RAG,12340521885628,14732.501281,batch-000025,16,14732.49047,0.0,0.004967,12325789395158,0.005844
V2C-0729,C1_NAIVE_RAG,12355462577436,14940.415244,batch-000026,16,14940.404887,0.0,0.005027,12340522172549,0.00533
V2C-0735,C1_NAIVE_RAG,12355462577436,14940.415161,batch-000026,16,14940.404887,0.0,0.004995,12340522172549,0.005279
V2C-0738,C1_NAIVE_RAG,12355462577436,14940.415463000001,batch-000026,16,14940.404887,0.0,0.00518,12340522172549,0.005396
V2C-0744,C1_NAIVE_RAG,12355462577436,14940.419983,batch-000026,16,14940.404887,0.0,0.005071,12340522172549,0.010025
V2C-0745,C1_NAIVE_RAG,12355462577436,14940.415034000001,batch-000026,16,14940.404887,0.0,0.005058,12340522172549,0.005089
V2C-0757,C1_NAIVE_RAG,12355462577436,14940.41662,batch-000026,16,14940.404887,0.0,0.005957,12340522172549,0.005776
V2C-0761,C1_NAIVE_RAG,12355462577436,14940.414979,batch-000026,16,14940.404887,0.0,0.005016,12340522172549,0.005076
V2C-0767,C1_NAIVE_RAG,12355462577436,14940.415091,batch-000026,16,14940.404887,0.0,0.004991,12340522172549,0.005213
V2C-0772,C1_NAIVE_RAG,12355462577436,14940.420009,batch-000026,16,14940.404887,0.0,0.005189,12340522172549,0.009933
V2C-0773,C1_NAIVE_RAG,12355462577436,14940.415128,batch-000026,16,14940.404887,0.0,0.005076,12340522172549,0.005165
V2C-0787,C1_NAIVE_RAG,12355462577436,14940.415082000001,batch-000026,16,14940.404887,0.0,0.00501,12340522172549,0.005185
V2C-0790,C1_NAIVE_RAG,12355462577436,14940.420176,batch-000026,16,14940.404887,0.0,0.005049,12340522172549,0.01024
V2C-0795,C1_NAIVE_RAG,12355462577436,14940.415120000001,batch-000026,16,14940.404887,0.0,0.005047,12340522172549,0.005186
V2C-0796,C1_NAIVE_RAG,12355462577436,14940.419950000001,batch-000026,16,14940.404887,0.0,0.005035,12340522172549,0.010028
V2C-0797,C1_NAIVE_RAG,12355462577436,14940.414996,batch-000026,16,14940.404887,0.0,0.004991,12340522172549,0.005118
V2C-0801,C1_NAIVE_RAG,12355462577436,14940.415005,batch-000026,16,14940.404887,0.0,0.00494,12340522172549,0.005178
V2C-0803,C1_NAIVE_RAG,12370177982176,14715.118206,batch-000027,16,14715.107952,0.0,0.005034,12355462874224,0.00522
V2C-0811,C1_NAIVE_RAG,12370177982176,14715.118245,batch-000027,16,14715.107952,0.0,0.004937,12355462874224,0.005356
V2C-0813,C1_NAIVE_RAG,12370177982176,14715.118048,batch-000027,16,14715.107952,0.0,0.004967,12355462874224,0.005129
V2C-0815,C1_NAIVE_RAG,12370177982176,14715.118434,batch-000027,16,14715.107952,0.0,0.005024,12355462874224,0.005458
V2C-0827,C1_NAIVE_RAG,12370177982176,14715.117975,batch-000027,16,14715.107952,0.0,0.004914,12355462874224,0.005109
V2C-0835,C1_NAIVE_RAG,12370177982176,14715.117917000001,batch-000027,16,14715.107952,0.0,0.004881,12355462874224,0.005084
V2C-0839,C1_NAIVE_RAG,12370177982176,14715.118188,batch-000027,16,14715.107952,0.0,0.005106,12355462874224,0.00513
V2C-0842,C1_NAIVE_RAG,12370177982176,14715.123424,batch-000027,16,14715.107952,0.0,0.005285,12355462874224,0.010187
V2C-0844,C1_NAIVE_RAG,12370177982176,14715.122938,batch-000027,16,14715.107952,0.0,0.005076,12355462874224,0.00991
V2C-0847,C1_NAIVE_RAG,12370177982176,14715.118651,batch-000027,16,14715.107952,0.0,0.00513,12355462874224,0.005569
V2C-0850,C1_NAIVE_RAG,12370177982176,14715.123815,batch-000027,16,14715.107952,0.0,0.005101,12355462874224,0.010762
V2C-0851,C1_NAIVE_RAG,12370177982176,14715.118482000002,batch-000027,16,14715.107952,0.0,0.005327,12355462874224,0.005203
V2C-0859,C1_NAIVE_RAG,12370177982176,14715.118001,batch-000027,16,14715.107952,0.0,0.004929,12355462874224,0.00512
V2C-0862,C1_NAIVE_RAG,12370177982176,14715.123022000002,batch-000027,16,14715.107952,0.0,0.005268,12355462874224,0.009802
V2C-0863,C1_NAIVE_RAG,12370177982176,14715.118132,batch-000027,16,14715.107952,0.0,0.005022,12355462874224,0.005158
V2C-0867,C1_NAIVE_RAG,12370177982176,14715.117979,batch-000027,16,14715.107952,0.0,0.004913,12355462874224,0.005114
V2C-0881,C1_NAIVE_RAG,12385181824426,15003.565247,batch-000028,16,15003.554832,0.0,0.00515,12370178269594,0.005265
V2C-0886,C1_NAIVE_RAG,12385181824426,15003.570155000001,batch-000028,16,15003.554832,0.0,0.005424,12370178269594,0.009899
V2C-0900,C1_NAIVE_RAG,12385181824426,15003.569888,batch-000028,16,15003.554832,0.0,0.005057,12370178269594,0.009999
V2C-0901,C1_NAIVE_RAG,12385181824426,15003.586008999999,batch-000028,16,15003.554832,0.0,0.025859,12370178269594,0.005318
V2C-0902,C1_NAIVE_RAG,12385181824426,15003.570510999998,batch-000028,16,15003.554832,0.0,0.00529,12370178269594,0.010389
V2C-0903,C1_NAIVE_RAG,12385181824426,15003.564912,batch-000028,16,15003.554832,0.0,0.005003,12370178269594,0.005077
V2C-0904,C1_NAIVE_RAG,12385181824426,15003.570256,batch-000028,16,15003.554832,0.0,0.005155,12370178269594,0.010269
V2C-0907,C1_NAIVE_RAG,12385181824426,15003.565089,batch-000028,16,15003.554832,0.0,0.005072,12370178269594,0.005185
V2C-0908,C1_NAIVE_RAG,12385181824426,15003.569779,batch-000028,16,15003.554832,0.0,0.005086,12370178269594,0.009861
V2C-0909,C1_NAIVE_RAG,12385181824426,15003.565520999999,batch-000028,16,15003.554832,0.0,0.005431,12370178269594,0.005258
V2C-0911,C1_NAIVE_RAG,12385181824426,15003.565244,batch-000028,16,15003.554832,0.0,0.004899,12370178269594,0.005513
V2C-0912,C1_NAIVE_RAG,12385181824426,15003.569879,batch-000028,16,15003.554832,0.0,0.005026,12370178269594,0.010021
V2C-0913,C1_NAIVE_RAG,12385181824426,15003.565545,batch-000028,16,15003.554832,0.0,0.005271,12370178269594,0.005442
V2C-0914,C1_NAIVE_RAG,12385181824426,15003.570225,batch-000028,16,15003.554832,0.0,0.005094,12370178269594,0.010299
V2C-0915,C1_NAIVE_RAG,12385181824426,15003.564973,batch-000028,16,15003.554832,0.0,0.005036,12370178269594,0.005105
V2C-0916,C1_NAIVE_RAG,12385181824426,15003.570969,batch-000028,16,15003.554832,0.0,0.005098,12370178269594,0.011039
V2C-0917,C1_NAIVE_RAG,12399919983628,14737.83899,batch-000029,16,14737.828364,0.0,0.005088,12385182155264,0.005538
V2C-0918,C1_NAIVE_RAG,12399919983628,14737.843893,batch-000029,16,14737.828364,0.0,0.005231,12385182155264,0.010298
V2C-0919,C1_NAIVE_RAG,12399919983628,14737.838572000002,batch-000029,16,14737.828364,0.0,0.004978,12385182155264,0.00523
V2C-0921,C1_NAIVE_RAG,12399919983628,14737.838651000002,batch-000029,16,14737.828364,0.0,0.004976,12385182155264,0.005311
V2C-0922,C1_NAIVE_RAG,12399919983628,14737.843793000002,batch-000029,16,14737.828364,0.0,0.005219,12385182155264,0.01021
V2C-0923,C1_NAIVE_RAG,12399919983628,14737.838471000001,batch-000029,16,14737.828364,0.0,0.005008,12385182155264,0.005099
V2C-0925,C1_NAIVE_RAG,12399919983628,14737.839198,batch-000029,16,14737.828364,0.0,0.005157,12385182155264,0.005677
V2C-0926,C1_NAIVE_RAG,12399919983628,14737.844268,batch-000029,16,14737.828364,0.0,0.005085,12385182155264,0.010819
V2C-0927,C1_NAIVE_RAG,12399919983628,14737.838404,batch-000029,16,14737.828364,0.0,0.004948,12385182155264,0.005092
V2C-0928,C1_NAIVE_RAG,12399919983628,14737.843387,batch-000029,16,14737.828364,0.0,0.005055,12385182155264,0.009968
V2C-0929,C1_NAIVE_RAG,12399919983628,14737.839291,batch-000029,16,14737.828364,0.0,0.005032,12385182155264,0.005895
V2C-0930,C1_NAIVE_RAG,12399919983628,14737.843678000001,batch-000029,16,14737.828364,0.0,0.005099,12385182155264,0.010215
V2C-0931,C1_NAIVE_RAG,12399919983628,14737.839311,batch-000029,16,14737.828364,0.0,0.005027,12385182155264,0.00592
V2C-0932,C1_NAIVE_RAG,12399919983628,14737.843308000001,batch-000029,16,14737.828364,0.0,0.005004,12385182155264,0.00994
V2C-0935,C1_NAIVE_RAG,12399919983628,14737.838564000001,batch-000029,16,14737.828364,0.0,0.004978,12385182155264,0.005222
V2C-0936,C1_NAIVE_RAG,12399919983628,14737.843658000002,batch-000029,16,14737.828364,0.0,0.00509,12385182155264,0.010204
V2C-0937,C1_NAIVE_RAG,12414859259675,14938.999537000002,batch-000030,16,14938.986575,0.0,0.007872,12399920273100,0.00509
V2C-0938,C1_NAIVE_RAG,12414859259675,14938.996767,batch-000030,16,14938.986575,0.0,0.004904,12399920273100,0.005288
V2C-0940,C1_NAIVE_RAG,12414859259675,14939.024566,batch-000030,16,14938.986575,0.0,0.004809,12399920273100,0.033182
V2C-0941,C1_NAIVE_RAG,12414859259675,14938.996994000001,batch-000030,16,14938.986575,0.0,0.004869,12399920273100,0.00555
V2C-0942,C1_NAIVE_RAG,12414859259675,14938.996344000001,batch-000030,16,14938.986575,0.0,0.004636,12399920273100,0.005133
V2C-0944,C1_NAIVE_RAG,12414859259675,14939.001602,batch-000030,16,14938.986575,0.0,0.004726,12399920273100,0.010301
V2C-0945,C1_NAIVE_RAG,12414859259675,14938.996533,batch-000030,16,14938.986575,0.0,0.004786,12399920273100,0.005172
V2C-0947,C1_NAIVE_RAG,12414859259675,14938.996684000002,batch-000030,16,14938.986575,0.0,0.004873,12399920273100,0.005236
V2C-0949,C1_NAIVE_RAG,12414859259675,14938.996964000002,batch-000030,16,14938.986575,0.0,0.004929,12399920273100,0.00546
V2C-0950,C1_NAIVE_RAG,12414859259675,14939.001811,batch-000030,16,14938.986575,0.0,0.004888,12399920273100,0.010348
V2C-0953,C1_NAIVE_RAG,12414859259675,14938.996702,batch-000030,16,14938.986575,0.0,0.00491,12399920273100,0.005217
V2C-0954,C1_NAIVE_RAG,12414859259675,14939.001418000002,batch-000030,16,14938.986575,0.0,0.004902,12399920273100,0.009941
V2C-0955,C1_NAIVE_RAG,12414859259675,14938.996748000001,batch-000030,16,14938.986575,0.0,0.004993,12399920273100,0.00518
V2C-0957,C1_NAIVE_RAG,12414859259675,14938.997360000001,batch-000030,16,14938.986575,0.0,0.004867,12399920273100,0.005918
V2C-0958,C1_NAIVE_RAG,12414859259675,14939.002025,batch-000030,16,14938.986575,0.0,0.004989,12399920273100,0.010461
V2C-0960,C1_NAIVE_RAG,12414859259675,14939.001326000001,batch-000030,16,14938.986575,0.0,0.004835,12399920273100,0.009916
V2C-0961,C1_NAIVE_RAG,12429664361760,14804.817604999998,batch-000031,16,14804.807444,0.0,0.005043,12414859554316,0.005118
V2C-0965,C1_NAIVE_RAG,12429664361760,14804.817645,batch-000031,16,14804.807444,0.0,0.005027,12414859554316,0.005174
V2C-0966,C1_NAIVE_RAG,12429664361760,14804.817481,batch-000031,16,14804.807444,0.0,0.004882,12414859554316,0.005155
V2C-0969,C1_NAIVE_RAG,12429664361760,14804.817716,batch-000031,16,14804.807444,0.0,0.004807,12414859554316,0.005465
V2C-0970,C1_NAIVE_RAG,12429664361760,14804.822984,batch-000031,16,14804.807444,0.0,0.004888,12414859554316,0.010652
V2C-0972,C1_NAIVE_RAG,12429664361760,14804.822670000001,batch-000031,16,14804.807444,0.0,0.005101,12414859554316,0.010125
V2C-0973,C1_NAIVE_RAG,12429664361760,14804.820461000001,batch-000031,16,14804.807444,0.0,0.007326,12414859554316,0.005691
V2C-0974,C1_NAIVE_RAG,12429664361760,14804.822415,batch-000031,16,14804.807444,0.0,0.005063,12414859554316,0.009908
V2C-0976,C1_NAIVE_RAG,12429664361760,14804.822628,batch-000031,16,14804.807444,0.0,0.005286,12414859554316,0.009898
V2C-0977,C1_NAIVE_RAG,12429664361760,14804.817604,batch-000031,16,14804.807444,0.0,0.004996,12414859554316,0.005164
V2C-0978,C1_NAIVE_RAG,12429664361760,14804.822772000001,batch-000031,16,14804.807444,0.0,0.005042,12414859554316,0.010286
V2C-0979,C1_NAIVE_RAG,12429664361760,14804.817682,batch-000031,16,14804.807444,0.0,0.005026,12414859554316,0.005212
V2C-0980,C1_NAIVE_RAG,12429664361760,14804.822579,batch-000031,16,14804.807444,0.0,0.005228,12414859554316,0.009907
V2C-0981,C1_NAIVE_RAG,12429664361760,14804.817592000001,batch-000031,16,14804.807444,0.0,0.004999,12414859554316,0.005149
V2C-0982,C1_NAIVE_RAG,12429664361760,14804.822377,batch-000031,16,14804.807444,0.0,0.005028,12414859554316,0.009905
V2C-0988,C1_NAIVE_RAG,12429664361760,14804.822387999999,batch-000031,16,14804.807444,0.0,0.005001,12414859554316,0.009943
V2C-0989,C1_NAIVE_RAG,12444529166119,14864.537282000001,batch-000032,16,14864.52649,0.0,0.005165,12429664639629,0.005627
V2C-0990,C1_NAIVE_RAG,12444529166119,14864.543304,batch-000032,16,14864.52649,0.0,0.005039,12429664639629,0.011775
V2C-0991,C1_NAIVE_RAG,12444529166119,14864.537111,batch-000032,16,14864.52649,0.0,0.005059,12429664639629,0.005562
V2C-0994,C1_NAIVE_RAG,12444529166119,14864.544802,batch-000032,16,14864.52649,0.0,0.005061,12429664639629,0.013251
V2C-0996,C1_NAIVE_RAG,12444529166119,14864.546865,batch-000032,16,14864.52649,0.0,0.004998,12429664639629,0.015377
V2C-0999,C1_NAIVE_RAG,12444529166119,14864.5403,batch-000032,16,14864.52649,0.0,0.004961,12429664639629,0.008849
V2C-1000,C1_NAIVE_RAG,12444529166119,14864.545467,batch-000032,16,14864.52649,0.0,0.003802,12429664639629,0.015175
V2C-1001,C1_NAIVE_RAG,12444529166119,14864.53947,batch-000032,16,14864.52649,0.0,0.003594,12429664639629,0.009386
V2C-1002,C1_NAIVE_RAG,12444529166119,14864.546804,batch-000032,16,14864.52649,0.0,0.003326,12429664639629,0.016988
V2C-1003,C1_NAIVE_RAG,12444529166119,14864.541599,batch-000032,16,14864.52649,0.0,0.003344,12429664639629,0.011765
V2C-1010,C1_NAIVE_RAG,12444529166119,14864.543587,batch-000032,16,14864.52649,0.0,0.003435,12429664639629,0.013662
V2C-1011,C1_NAIVE_RAG,12444529166119,14864.541239,batch-000032,16,14864.52649,0.0,0.003318,12429664639629,0.011431
V2C-1012,C1_NAIVE_RAG,12444529166119,14864.5403,batch-000032,16,14864.52649,0.0,0.003344,12429664639629,0.010466
V2C-1013,C1_NAIVE_RAG,12444529166119,14864.533012,batch-000032,16,14864.52649,0.0,0.0033,12429664639629,0.003222
V2C-1014,C1_NAIVE_RAG,12444529166119,14864.54054,batch-000032,16,14864.52649,0.0,0.00345,12429664639629,0.0106
V2C-1015,C1_NAIVE_RAG,12444529166119,14864.540340000001,batch-000032,16,14864.52649,0.0,0.003355,12429664639629,0.010495
V2C-1016,C1_NAIVE_RAG,12457609265099,13079.814553,batch-000033,16,13079.808159,0.0,0.003253,12444529456940,0.003141
V2C-1017,C1_NAIVE_RAG,12457609265099,13079.814444000001,batch-000033,16,13079.808159,0.0,0.003194,12444529456940,0.003091
V2C-1019,C1_NAIVE_RAG,12457609265099,13079.821575,batch-000033,16,13079.808159,0.0,0.003195,12444529456940,0.010221
V2C-1020,C1_NAIVE_RAG,12457609265099,13079.821496,batch-000033,16,13079.808159,0.0,0.00325,12444529456940,0.010087
V2C-1022,C1_NAIVE_RAG,12457609265099,13079.822156,batch-000033,16,13079.808159,0.0,0.003288,12444529456940,0.010709
V2C-1024,C1_NAIVE_RAG,12457609265099,13079.821188,batch-000033,16,13079.808159,0.0,0.003338,12444529456940,0.009691
V2C-1025,C1_NAIVE_RAG,12457609265099,13079.814349,batch-000033,16,13079.808159,0.0,0.003156,12444529456940,0.003034
V2C-1026,C1_NAIVE_RAG,12457609265099,13079.821003000001,batch-000033,16,13079.808159,0.0,0.00321,12444529456940,0.009634
V2C-1028,C1_NAIVE_RAG,12457609265099,13079.821748999999,batch-000033,16,13079.808159,0.0,0.00326,12444529456940,0.01033
V2C-1030,C1_NAIVE_RAG,12457609265099,13079.821164,batch-000033,16,13079.808159,0.0,0.003328,12444529456940,0.009677
V2C-1032,C1_NAIVE_RAG,12457609265099,13079.820882,batch-000033,16,13079.808159,0.0,0.003214,12444529456940,0.009509
V2C-1033,C1_NAIVE_RAG,12457609265099,13079.814405000001,batch-000033,16,13079.808159,0.0,0.003225,12444529456940,0.003021
V2C-1035,C1_NAIVE_RAG,12457609265099,13079.821356,batch-000033,16,13079.808159,0.0,0.00333,12444529456940,0.009867
V2C-1036,C1_NAIVE_RAG,12457609265099,13079.824399000001,batch-000033,16,13079.808159,0.0,0.003208,12444529456940,0.013032
V2C-1037,C1_NAIVE_RAG,12457609265099,13079.817097000001,batch-000033,16,13079.808159,0.0,0.00324,12444529456940,0.005698
V2C-1039,C1_NAIVE_RAG,12457609265099,13079.824945999999,batch-000033,16,13079.808159,0.0,0.003232,12444529456940,0.013555
V2C-1040,C1_NAIVE_RAG,12470637564599,13028.016039,batch-000034,16,13028.002393,0.0,0.003235,12457609562206,0.010411
V2C-1043,C1_NAIVE_RAG,12470637564599,13028.017391,batch-000034,16,13028.002393,0.0,0.003195,12457609562206,0.011803
V2C-1045,C1_NAIVE_RAG,12470637564599,13028.008895,batch-000034,16,13028.002393,0.0,0.003228,12457609562206,0.003274
V2C-1046,C1_NAIVE_RAG,12470637564599,13028.016545,batch-000034,16,13028.002393,0.0,0.00326,12457609562206,0.010892
V2C-1047,C1_NAIVE_RAG,12470637564599,13028.016457000002,batch-000034,16,13028.002393,0.0,0.003268,12457609562206,0.010796
V2C-1049,C1_NAIVE_RAG,12470637564599,13028.008711999999,batch-000034,16,13028.002393,0.0,0.003173,12457609562206,0.003146
V2C-1050,C1_NAIVE_RAG,12470637564599,13028.01078,batch-000034,16,13028.002393,0.0,0.003328,12457609562206,0.005059
V2C-1055,C1_NAIVE_RAG,12470637564599,13028.009282,batch-000034,16,13028.002393,0.0,0.003408,12457609562206,0.003481
V2C-1057,C1_NAIVE_RAG,12470637564599,13028.008603000002,batch-000034,16,13028.002393,0.0,0.003188,12457609562206,0.003022
V2C-1061,C1_NAIVE_RAG,12470637564599,13028.008583,batch-000034,16,13028.002393,0.0,0.003229,12457609562206,0.002961
V2C-1065,C1_NAIVE_RAG,12470637564599,13028.00867,batch-000034,16,13028.002393,0.0,0.003308,12457609562206,0.002969
V2C-1070,C1_NAIVE_RAG,12470637564599,13028.011303000001,batch-000034,16,13028.002393,0.0,0.003354,12457609562206,0.005556
V2C-1074,C1_NAIVE_RAG,12470637564599,13028.016648,batch-000034,16,13028.002393,0.0,0.003264,12457609562206,0.010991
V2C-1076,C1_NAIVE_RAG,12470637564599,13028.010215000002,batch-000034,16,13028.002393,0.0,0.003264,12457609562206,0.004558
V2C-1077,C1_NAIVE_RAG,12470637564599,13028.008823,batch-000034,16,13028.002393,0.0,0.003431,12457609562206,0.002999
V2C-1079,C1_NAIVE_RAG,12470637564599,13028.008544,batch-000034,16,13028.002393,0.0,0.003175,12457609562206,0.002976
V2C-1080,C1_NAIVE_RAG,12483869120597,13231.244636000001,batch-000035,16,13231.236251,0.0,0.003328,12470637884346,0.005057
V2C-1082,C1_NAIVE_RAG,12483869120597,13231.248085,batch-000035,16,13231.236251,0.0,0.003218,12470637884346,0.008616
V2C-1087,C1_NAIVE_RAG,12483869120597,13231.242686000001,batch-000035,16,13231.236251,0.0,0.003199,12470637884346,0.003236
V2C-1088,C1_NAIVE_RAG,12483869120597,13231.243933,batch-000035,16,13231.236251,0.0,0.003277,12470637884346,0.004405
V2C-1091,C1_NAIVE_RAG,12483869120597,13231.242799,batch-000035,16,13231.236251,0.0,0.003402,12470637884346,0.003146
V2C-1093,C1_NAIVE_RAG,12483869120597,13231.242484,batch-000035,16,13231.236251,0.0,0.003157,12470637884346,0.003076
V2C-1095,C1_NAIVE_RAG,12483869120597,13231.242541,batch-000035,16,13231.236251,0.0,0.003203,12470637884346,0.003087
V2C-1096,C1_NAIVE_RAG,12483869120597,13231.243945999999,batch-000035,16,13231.236251,0.0,0.003383,12470637884346,0.004312
V2C-1104,C1_NAIVE_RAG,12483869120597,13231.245930000001,batch-000035,16,13231.236251,0.0,0.003446,12470637884346,0.006233
V2C-1107,C1_NAIVE_RAG,12483869120597,13231.249935,batch-000035,16,13231.236251,0.0,0.003212,12470637884346,0.010472
V2C-1109,C1_NAIVE_RAG,12483869120597,13231.249775,batch-000035,16,13231.236251,0.0,0.003314,12470637884346,0.01021
V2C-1110,C1_NAIVE_RAG,12483869120597,13231.249876000002,batch-000035,16,13231.236251,0.0,0.003263,12470637884346,0.010362
V2C-1115,C1_NAIVE_RAG,12483869120597,13231.249521000002,batch-000035,16,13231.236251,0.0,0.003371,12470637884346,0.009899
V2C-1116,C1_NAIVE_RAG,12483869120597,13231.24455,batch-000035,16,13231.236251,0.0,0.003265,12470637884346,0.005034
V2C-1118,C1_NAIVE_RAG,12483869120597,13231.249718,batch-000035,16,13231.236251,0.0,0.003346,12470637884346,0.010121
V2C-1119,C1_NAIVE_RAG,12483869120597,13231.249459,batch-000035,16,13231.236251,0.0,0.00322,12470637884346,0.009988
V2C-1120,C1_NAIVE_RAG,12498634844776,14765.448503,batch-000036,16,14765.440604,0.0,0.003273,12483869404172,0.004626
V2C-1123,C1_NAIVE_RAG,12498634844776,14765.453678999998,batch-000036,16,14765.440604,0.0,0.003319,12483869404172,0.009756
V2C-1127,C1_NAIVE_RAG,12498634844776,14765.453511,batch-000036,16,14765.440604,0.0,0.003188,12483869404172,0.009719
V2C-1128,C1_NAIVE_RAG,12498634844776,14765.44895,batch-000036,16,14765.440604,0.0,0.003288,12483869404172,0.005058
V2C-1130,C1_NAIVE_RAG,12498634844776,14765.453578,batch-000036,16,14765.440604,0.0,0.003257,12483869404172,0.009717
V2C-1133,C1_NAIVE_RAG,12498634844776,14765.453801999998,batch-000036,16,14765.440604,0.0,0.003249,12483869404172,0.009949
V2C-1139,C1_NAIVE_RAG,12498634844776,14765.453448999999,batch-000036,16,14765.440604,0.0,0.003181,12483869404172,0.009664
V2C-1141,C1_NAIVE_RAG,12498634844776,14765.453491999999,batch-000036,16,14765.440604,0.0,0.003201,12483869404172,0.009687
V2C-1154,C1_NAIVE_RAG,12498634844776,14765.458977,batch-000036,16,14765.440604,0.0,0.005105,12483869404172,0.013268
V2C-1155,C1_NAIVE_RAG,12498634844776,14765.453155,batch-000036,16,14765.440604,0.0,0.005325,12483869404172,0.007226
V2C-1156,C1_NAIVE_RAG,12498634844776,14765.456907,batch-000036,16,14765.440604,0.0,0.005219,12483869404172,0.011084
V2C-1158,C1_NAIVE_RAG,12498634844776,14765.456520999998,batch-000036,16,14765.440604,0.0,0.005,12483869404172,0.010917
V2C-1160,C1_NAIVE_RAG,12498634844776,14765.456660999998,batch-000036,16,14765.440604,0.0,0.005118,12483869404172,0.010939
V2C-1162,C1_NAIVE_RAG,12498634844776,14765.456415999999,batch-000036,16,14765.440604,0.0,0.004965,12483869404172,0.010847
V2C-1163,C1_NAIVE_RAG,12498634844776,14765.456594,batch-000036,16,14765.440604,0.0,0.004986,12483869404172,0.011004
V2C-1164,C1_NAIVE_RAG,12498634844776,14765.47583,batch-000036,16,14765.440604,0.0,0.023523,12483869404172,0.011703
V2C-1171,C1_NAIVE_RAG,12510902207269,12267.00786,batch-000037,8,12266.997131,0.0,0.004953,12498635210138,0.005776
V2C-1173,C1_NAIVE_RAG,12510902207269,12267.008353,batch-000037,8,12266.997131,0.0,0.005233,12498635210138,0.005989
V2C-1175,C1_NAIVE_RAG,12510902207269,12267.007814,batch-000037,8,12266.997131,0.0,0.004966,12498635210138,0.005717
V2C-1178,C1_NAIVE_RAG,12510902207269,12267.026804000001,batch-000037,8,12266.997131,0.0,0.005085,12498635210138,0.024588
V2C-1187,C1_NAIVE_RAG,12510902207269,12267.012122,batch-000037,8,12266.997131,0.0,0.005116,12498635210138,0.009875
V2C-1190,C1_NAIVE_RAG,12510902207269,12267.015905,batch-000037,8,12266.997131,0.0,0.005147,12498635210138,0.013627
V2C-1194,C1_NAIVE_RAG,12510902207269,12267.013469,batch-000037,8,12266.997131,0.0,0.005012,12498635210138,0.011326
V2C-1199,C1_NAIVE_RAG,12510902207269,12267.007953,batch-000037,8,12266.997131,0.0,0.005045,12498635210138,0.005777
EXT-ADVERSARIAL-0002,C2_RAG_EXISTENCE_CHECK,12647171993150,14098.917273000001,batch-000000,8,14098.780127,0.0,0.038092,12633073213023,0.099054
EXT-ADVERSARIAL-0003,C2_RAG_EXISTENCE_CHECK,12647171993150,14098.805383,batch-000000,8,14098.780127,0.0,0.01164,12633073213023,0.013616
EXT-ADVERSARIAL-0005,C2_RAG_EXISTENCE_CHECK,12647171993150,14098.803302,batch-000000,8,14098.780127,0.0,0.007147,12633073213023,0.016028
EXT-ADVERSARIAL-0014,C2_RAG_EXISTENCE_CHECK,12647171993150,14098.788507,batch-000000,8,14098.780127,0.0,0.004926,12633073213023,0.003454
EXT-ADVERSARIAL-0015,C2_RAG_EXISTENCE_CHECK,12647171993150,14098.78975,batch-000000,8,14098.780127,0.0,0.005291,12633073213023,0.004332
EXT-ADVERSARIAL-0018,C2_RAG_EXISTENCE_CHECK,12647171993150,14098.798444,batch-000000,8,14098.780127,0.0,0.004918,12633073213023,0.013399
EXT-ADVERSARIAL-0021,C2_RAG_EXISTENCE_CHECK,12647171993150,14098.789061,batch-000000,8,14098.780127,0.0,0.004573,12633073213023,0.004361
EXT-ADVERSARIAL-0025,C2_RAG_EXISTENCE_CHECK,12647171993150,14098.789326,batch-000000,8,14098.780127,0.0,0.004393,12633073213023,0.004806
EXT-ADVERSARIAL-0026,C2_RAG_EXISTENCE_CHECK,12658722082961,11549.832644999999,batch-000001,8,11549.818334,0.0,0.00414,12647172264627,0.010171
EXT-ADVERSARIAL-0028,C2_RAG_EXISTENCE_CHECK,12658722082961,11549.825474,batch-000001,8,11549.818334,0.0,0.004157,12647172264627,0.002983
EXT-ADVERSARIAL-0029,C2_RAG_EXISTENCE_CHECK,12658722082961,11549.832179,batch-000001,8,11549.818334,0.0,0.003929,12647172264627,0.009916
EXT-ADVERSARIAL-0031,C2_RAG_EXISTENCE_CHECK,12658722082961,11549.826968,batch-000001,8,11549.818334,0.0,0.004141,12647172264627,0.004493
EXT-ADVERSARIAL-0032,C2_RAG_EXISTENCE_CHECK,12658722082961,11549.826495,batch-000001,8,11549.818334,0.0,0.003846,12647172264627,0.004315
EXT-ADVERSARIAL-0034,C2_RAG_EXISTENCE_CHECK,12658722082961,11549.827088999999,batch-000001,8,11549.818334,0.0,0.003883,12647172264627,0.004872
EXT-ADVERSARIAL-0039,C2_RAG_EXISTENCE_CHECK,12658722082961,11549.827808999999,batch-000001,8,11549.818334,0.0,0.003899,12647172264627,0.005576
EXT-ADVERSARIAL-0044,C2_RAG_EXISTENCE_CHECK,12658722082961,11549.825193,batch-000001,8,11549.818334,0.0,0.003741,12647172264627,0.003118
EXT-ADVERSARIAL-0050,C2_RAG_EXISTENCE_CHECK,12670342442086,11620.091359000002,batch-000002,8,11620.083542,0.0,0.003597,12658722358544,0.00422
EXT-ADVERSARIAL-0051,C2_RAG_EXISTENCE_CHECK,12670342442086,11620.096922,batch-000002,8,11620.083542,0.0,0.003855,12658722358544,0.009525
EXT-ADVERSARIAL-0056,C2_RAG_EXISTENCE_CHECK,12670342442086,11620.097652999999,batch-000002,8,11620.083542,0.0,0.004173,12658722358544,0.009938
EXT-ADVERSARIAL-0058,C2_RAG_EXISTENCE_CHECK,12670342442086,11620.096443999999,batch-000002,8,11620.083542,0.0,0.003802,12658722358544,0.0091
EXT-ADVERSARIAL-0061,C2_RAG_EXISTENCE_CHECK,12670342442086,11620.091517,batch-000002,8,11620.083542,0.0,0.003875,12658722358544,0.0041
EXT-ADVERSARIAL-0063,C2_RAG_EXISTENCE_CHECK,12670342442086,11620.091662,batch-000002,8,11620.083542,0.0,0.004176,12658722358544,0.003944
EXT-ADVERSARIAL-0071,C2_RAG_EXISTENCE_CHECK,12670342442086,11620.091403,batch-000002,8,11620.083542,0.0,0.003838,12658722358544,0.004023
EXT-ADVERSARIAL-0073,C2_RAG_EXISTENCE_CHECK,12670342442086,11620.096671000001,batch-000002,8,11620.083542,0.0,0.004009,12658722358544,0.00912
EXT-ADVERSARIAL-0076,C2_RAG_EXISTENCE_CHECK,12682180281463,11837.598523,batch-000003,8,11837.590795,0.0,0.003686,12670342690668,0.004042
EXT-ADVERSARIAL-0078,C2_RAG_EXISTENCE_CHECK,12682180281463,11837.603407999999,batch-000003,8,11837.590795,0.0,0.00369,12670342690668,0.008923
EXT-ADVERSARIAL-0082,C2_RAG_EXISTENCE_CHECK,12682180281463,11837.59868,batch-000003,8,11837.590795,0.0,0.003845,12670342690668,0.00404
EXT-ADVERSARIAL-0084,C2_RAG_EXISTENCE_CHECK,12682180281463,11837.603463,batch-000003,8,11837.590795,0.0,0.003721,12670342690668,0.008947
EXT-ADVERSARIAL-0085,C2_RAG_EXISTENCE_CHECK,12682180281463,11837.603233999998,batch-000003,8,11837.590795,0.0,0.003764,12670342690668,0.008675
EXT-ADVERSARIAL-0089,C2_RAG_EXISTENCE_CHECK,12682180281463,11837.603041,batch-000003,8,11837.590795,0.0,0.003666,12670342690668,0.00858
EXT-ADVERSARIAL-0093,C2_RAG_EXISTENCE_CHECK,12682180281463,11837.598555,batch-000003,8,11837.590795,0.0,0.003875,12670342690668,0.003885
EXT-ADVERSARIAL-0095,C2_RAG_EXISTENCE_CHECK,12682180281463,11837.599558,batch-000003,8,11837.590795,0.0,0.004454,12670342690668,0.004309
EXT-ADVERSARIAL-0097,C2_RAG_EXISTENCE_CHECK,12693633926290,11453.392616,batch-000004,8,11453.383321,0.0,0.004251,12682180542969,0.005044
EXT-ADVERSARIAL-0098,C2_RAG_EXISTENCE_CHECK,12693633926290,11453.396034,batch-000004,8,11453.383321,0.0,0.003528,12682180542969,0.009185
EXT-AMBIGUOUS-0003,C2_RAG_EXISTENCE_CHECK,12633069415689,0.002232,,,0.0,0.002232,0.0,12633069413457,0.0
EXT-AMBIGUOUS-0004,C2_RAG_EXISTENCE_CHECK,12633069441529,0.001751,,,0.0,0.001751,0.0,12633069439778,0.0
EXT-AMBIGUOUS-0014,C2_RAG_EXISTENCE_CHECK,12633069447046,0.001098,,,0.0,0.001098,0.0,12633069445948,0.0
EXT-AMBIGUOUS-0015,C2_RAG_EXISTENCE_CHECK,12633069451134,0.00092,,,0.0,0.00092,0.0,12633069450214,0.0
EXT-AMBIGUOUS-0024,C2_RAG_EXISTENCE_CHECK,12633069454676,0.001092,,,0.0,0.001092,0.0,12633069453584,0.0
EXT-AMBIGUOUS-0026,C2_RAG_EXISTENCE_CHECK,12633069458214,0.000969,,,0.0,0.000969,0.0,12633069457245,0.0
EXT-AMBIGUOUS-0028,C2_RAG_EXISTENCE_CHECK,12633069461834,0.000973,,,0.0,0.000973,0.0,12633069460861,0.0
EXT-AMBIGUOUS-0033,C2_RAG_EXISTENCE_CHECK,12633069465546,0.001051,,,0.0,0.001051,0.0,12633069464495,0.0
EXT-AMBIGUOUS-0035,C2_RAG_EXISTENCE_CHECK,12633069469380,0.000944,,,0.0,0.000944,0.0,12633069468436,0.0
EXT-AMBIGUOUS-0039,C2_RAG_EXISTENCE_CHECK,12633069473599,0.001745,,,0.0,0.001745,0.0,12633069471854,0.0
EXT-AMBIGUOUS-0041,C2_RAG_EXISTENCE_CHECK,12633069477720,0.001442,,,0.0,0.001442,0.0,12633069476278,0.0
EXT-AMBIGUOUS-0044,C2_RAG_EXISTENCE_CHECK,12633069482122,0.00188,,,0.0,0.00188,0.0,12633069480242,0.0
EXT-AMBIGUOUS-0049,C2_RAG_EXISTENCE_CHECK,12633069486050,0.00137,,,0.0,0.00137,0.0,12633069484680,0.0
EXT-AMBIGUOUS-0050,C2_RAG_EXISTENCE_CHECK,12633069490524,0.002008,,,0.0,0.002008,0.0,12633069488516,0.0
EXT-INVALID_ENTITY-0004,C2_RAG_EXISTENCE_CHECK,12633069494133,0.001195,,,0.0,0.001195,0.0,12633069492938,0.0
EXT-INVALID_ENTITY-0006,C2_RAG_EXISTENCE_CHECK,12633069498149,0.001472,,,0.0,0.001472,0.0,12633069496677,0.0
EXT-INVALID_ENTITY-0009,C2_RAG_EXISTENCE_CHECK,12633069501958,0.001379,,,0.0,0.001379,0.0,12633069500579,0.0
EXT-INVALID_ENTITY-0011,C2_RAG_EXISTENCE_CHECK,12633069506366,0.001799,,,0.0,0.001799,0.0,12633069504567,0.0
EXT-INVALID_ENTITY-0013,C2_RAG_EXISTENCE_CHECK,12633069510227,0.001166,,,0.0,0.001166,0.0,12633069509061,0.0
EXT-INVALID_ENTITY-0022,C2_RAG_EXISTENCE_CHECK,12633069513968,0.001413,,,0.0,0.001413,0.0,12633069512555,0.0
EXT-INVALID_ENTITY-0026,C2_RAG_EXISTENCE_CHECK,12633069517326,0.001129,,,0.0,0.001129,0.0,12633069516197,0.0
EXT-INVALID_ENTITY-0033,C2_RAG_EXISTENCE_CHECK,12633069521225,0.001494,,,0.0,0.001494,0.0,12633069519731,0.0
EXT-INVALID_ENTITY-0034,C2_RAG_EXISTENCE_CHECK,12633069524715,0.001133,,,0.0,0.001133,0.0,12633069523582,0.0
EXT-INVALID_ENTITY-0035,C2_RAG_EXISTENCE_CHECK,12633069528107,0.001201,,,0.0,0.001201,0.0,12633069526906,0.0
EXT-INVALID_ENTITY-0036,C2_RAG_EXISTENCE_CHECK,12633069544832,0.002025,,,0.0,0.002025,0.0,12633069542807,0.0
EXT-INVALID_ENTITY-0037,C2_RAG_EXISTENCE_CHECK,12633069550210,0.002203,,,0.0,0.002203,0.0,12633069548007,0.0
EXT-INVALID_ENTITY-0038,C2_RAG_EXISTENCE_CHECK,12633069554269,0.001329,,,0.0,0.001329,0.0,12633069552940,0.0
EXT-INVALID_ENTITY-0039,C2_RAG_EXISTENCE_CHECK,12633069558351,0.001182,,,0.0,0.001182,0.0,12633069557169,0.0
EXT-INVALID_ENTITY-0040,C2_RAG_EXISTENCE_CHECK,12633069562345,0.001267,,,0.0,0.001267,0.0,12633069561078,0.0
EXT-INVALID_ENTITY-0042,C2_RAG_EXISTENCE_CHECK,12633069566572,0.00137,,,0.0,0.00137,0.0,12633069565202,0.0
EXT-INVALID_ENTITY-0043,C2_RAG_EXISTENCE_CHECK,12633069570440,0.001314,,,0.0,0.001314,0.0,12633069569126,0.0
EXT-INVALID_ENTITY-0045,C2_RAG_EXISTENCE_CHECK,12633069574320,0.001407,,,0.0,0.001407,0.0,12633069572913,0.0
EXT-INVALID_ENTITY-0047,C2_RAG_EXISTENCE_CHECK,12633069578449,0.001687,,,0.0,0.001687,0.0,12633069576762,0.0
EXT-INVALID_ENTITY-0050,C2_RAG_EXISTENCE_CHECK,12633069582146,0.001074,,,0.0,0.001074,0.0,12633069581072,0.0
EXT-INVALID_ENTITY-0053,C2_RAG_EXISTENCE_CHECK,12633069585322,0.000841,,,0.0,0.000841,0.0,12633069584481,0.0
EXT-INVALID_ENTITY-0054,C2_RAG_EXISTENCE_CHECK,12633069588420,0.000895,,,0.0,0.000895,0.0,12633069587525,0.0
EXT-INVALID_ENTITY-0065,C2_RAG_EXISTENCE_CHECK,12633069591733,0.001084,,,0.0,0.001084,0.0,12633069590649,0.0
EXT-INVALID_ENTITY-0066,C2_RAG_EXISTENCE_CHECK,12633069594839,0.000951,,,0.0,0.000951,0.0,12633069593888,0.0
EXT-INVALID_ENTITY-0069,C2_RAG_EXISTENCE_CHECK,12633069597957,0.000847,,,0.0,0.000847,0.0,12633069597110,0.0
EXT-INVALID_ENTITY-0070,C2_RAG_EXISTENCE_CHECK,12633069600966,0.000905,,,0.0,0.000905,0.0,12633069600061,0.0
EXT-INVALID_ENTITY-0073,C2_RAG_EXISTENCE_CHECK,12633069604389,0.001072,,,0.0,0.001072,0.0,12633069603317,0.0
EXT-INVALID_ENTITY-0077,C2_RAG_EXISTENCE_CHECK,12633069608170,0.000943,,,0.0,0.000943,0.0,12633069607227,0.0
EXT-INVALID_ENTITY-0078,C2_RAG_EXISTENCE_CHECK,12633069611401,0.000879,,,0.0,0.000879,0.0,12633069610522,0.0
EXT-INVALID_ENTITY-0079,C2_RAG_EXISTENCE_CHECK,12633069614460,0.000956,,,0.0,0.000956,0.0,12633069613504,0.0
EXT-INVALID_ENTITY-0080,C2_RAG_EXISTENCE_CHECK,12633069617519,0.000974,,,0.0,0.000974,0.0,12633069616545,0.0
EXT-INVALID_ENTITY-0083,C2_RAG_EXISTENCE_CHECK,12633069620600,0.000931,,,0.0,0.000931,0.0,12633069619669,0.0
EXT-INVALID_ENTITY-0084,C2_RAG_EXISTENCE_CHECK,12633069623570,0.00084,,,0.0,0.00084,0.0,12633069622730,0.0
EXT-INVALID_ENTITY-0086,C2_RAG_EXISTENCE_CHECK,12633069626669,0.000847,,,0.0,0.000847,0.0,12633069625822,0.0
EXT-INVALID_ENTITY-0093,C2_RAG_EXISTENCE_CHECK,12633069629742,0.000972,,,0.0,0.000972,0.0,12633069628770,0.0
EXT-INVALID_ENTITY-0098,C2_RAG_EXISTENCE_CHECK,12633069632977,0.001086,,,0.0,0.001086,0.0,12633069631891,0.0
EXT-NUMERIC_PROVENANCE-0008,C2_RAG_EXISTENCE_CHECK,12693633926290,11453.40011,batch-000004,8,11453.383321,0.0,0.008196,12682180542969,0.008593
EXT-NUMERIC_PROVENANCE-0009,C2_RAG_EXISTENCE_CHECK,12693633926290,11453.392455,batch-000004,8,11453.383321,0.0,0.004902,12682180542969,0.004232
EXT-NUMERIC_PROVENANCE-0012,C2_RAG_EXISTENCE_CHECK,12693633926290,11453.390371999998,batch-000004,8,11453.383321,0.0,0.004275,12682180542969,0.002776
EXT-NUMERIC_PROVENANCE-0013,C2_RAG_EXISTENCE_CHECK,12693633926290,11453.390061999999,batch-000004,8,11453.383321,0.0,0.003826,12682180542969,0.002915
EXT-NUMERIC_PROVENANCE-0015,C2_RAG_EXISTENCE_CHECK,12693633926290,11453.401273999998,batch-000004,8,11453.383321,0.0,0.015311,12682180542969,0.002642
EXT-NUMERIC_PROVENANCE-0016,C2_RAG_EXISTENCE_CHECK,12693633926290,11453.389605999999,batch-000004,8,11453.383321,0.0,0.003664,12682180542969,0.002621
EXT-NUMERIC_PROVENANCE-0017,C2_RAG_EXISTENCE_CHECK,12705202859463,11568.684102000001,batch-000005,8,11568.670318,0.0,0.003815,12693634189145,0.009969
EXT-NUMERIC_PROVENANCE-0018,C2_RAG_EXISTENCE_CHECK,12705202859463,11568.682848,batch-000005,8,11568.670318,0.0,0.003844,12693634189145,0.008686
EXT-NUMERIC_PROVENANCE-0019,C2_RAG_EXISTENCE_CHECK,12705202859463,11568.676490000002,batch-000005,8,11568.670318,0.0,0.003558,12693634189145,0.002614
EXT-NUMERIC_PROVENANCE-0020,C2_RAG_EXISTENCE_CHECK,12705202859463,11568.677800000001,batch-000005,8,11568.670318,0.0,0.003522,12693634189145,0.00396
EXT-NUMERIC_PROVENANCE-0021,C2_RAG_EXISTENCE_CHECK,12705202859463,11568.677930000002,batch-000005,8,11568.670318,0.0,0.003714,12693634189145,0.003898
EXT-NUMERIC_PROVENANCE-0029,C2_RAG_EXISTENCE_CHECK,12705202859463,11568.683104,batch-000005,8,11568.670318,0.0,0.004164,12693634189145,0.008622
EXT-NUMERIC_PROVENANCE-0031,C2_RAG_EXISTENCE_CHECK,12705202859463,11568.683035,batch-000005,8,11568.670318,0.0,0.004509,12693634189145,0.008208
EXT-NUMERIC_PROVENANCE-0033,C2_RAG_EXISTENCE_CHECK,12705202859463,11568.68166,batch-000005,8,11568.670318,0.0,0.004275,12693634189145,0.007067
EXT-NUMERIC_PROVENANCE-0035,C2_RAG_EXISTENCE_CHECK,12716831668102,11628.546608,batch-000006,8,11628.537793,0.0,0.004193,12705203130309,0.004622
EXT-NUMERIC_PROVENANCE-0038,C2_RAG_EXISTENCE_CHECK,12716831668102,11628.550582999998,batch-000006,8,11628.537793,0.0,0.003807,12705203130309,0.008983
EXT-NUMERIC_PROVENANCE-0039,C2_RAG_EXISTENCE_CHECK,12716831668102,11628.545952,batch-000006,8,11628.537793,0.0,0.004032,12705203130309,0.004127
EXT-NUMERIC_PROVENANCE-0047,C2_RAG_EXISTENCE_CHECK,12716831668102,11628.551567999999,batch-000006,8,11628.537793,0.0,0.003845,12705203130309,0.00993
EXT-PAIR-0001-KO,C2_RAG_EXISTENCE_CHECK,12716831668102,11628.550147,batch-000006,8,11628.537793,0.0,0.004068,12705203130309,0.008286
EXT-PAIR-0004-EN,C2_RAG_EXISTENCE_CHECK,12716831668102,11628.545612,batch-000006,8,11628.537793,0.0,0.003806,12705203130309,0.004013
EXT-PAIR-0004-KO,C2_RAG_EXISTENCE_CHECK,12716831668102,11628.544651,batch-000006,8,11628.537793,0.0,0.004193,12705203130309,0.002665
EXT-PAIR-0007-EN,C2_RAG_EXISTENCE_CHECK,12716831668102,11628.544380000001,batch-000006,8,11628.537793,0.0,0.003538,12705203130309,0.003049
EXT-PAIR-0009-EN,C2_RAG_EXISTENCE_CHECK,12728271515075,11439.606287999999,batch-000007,8,11439.59257,0.0,0.004049,12716831922505,0.009669
EXT-PAIR-0010-EN,C2_RAG_EXISTENCE_CHECK,12728271515075,11439.60049,batch-000007,8,11439.59257,0.0,0.004031,12716831922505,0.003889
EXT-PAIR-0013-EN,C2_RAG_EXISTENCE_CHECK,12728271515075,11439.602067000002,batch-000007,8,11439.59257,0.0,0.003574,12716831922505,0.005923
EXT-PAIR-0013-KO,C2_RAG_EXISTENCE_CHECK,12728271515075,11439.598918,batch-000007,8,11439.59257,0.0,0.003614,12716831922505,0.002734
EXT-PAIR-0021-KO,C2_RAG_EXISTENCE_CHECK,12728271515075,11439.600427000001,batch-000007,8,11439.59257,0.0,0.003697,12716831922505,0.00416
EXT-PAIR-0026-EN,C2_RAG_EXISTENCE_CHECK,12728271515075,11439.598822,batch-000007,8,11439.59257,0.0,0.003678,12716831922505,0.002574
EXT-PAIR-0026-KO,C2_RAG_EXISTENCE_CHECK,12728271515075,11439.601062000002,batch-000007,8,11439.59257,0.0,0.003697,12716831922505,0.004795
EXT-PAIR-0027-KO,C2_RAG_EXISTENCE_CHECK,12728271515075,11439.605053000001,batch-000007,8,11439.59257,0.0,0.003776,12716831922505,0.008707
EXT-PAIR-0029-KO,C2_RAG_EXISTENCE_CHECK,12739879447550,11607.701568999999,batch-000008,8,11607.688847,0.0,0.003998,12728271758703,0.008724
EXT-PAIR-0030-EN,C2_RAG_EXISTENCE_CHECK,12739879447550,11607.695975999999,batch-000008,8,11607.688847,0.0,0.003481,12728271758703,0.003648
EXT-PAIR-0034-EN,C2_RAG_EXISTENCE_CHECK,12739879447550,11607.696283,batch-000008,8,11607.688847,0.0,0.003426,12728271758703,0.00401
EXT-PAIR-0035-KO,C2_RAG_EXISTENCE_CHECK,12739879447550,11607.694784,batch-000008,8,11607.688847,0.0,0.003496,12728271758703,0.002441
EXT-PAIR-0039-KO,C2_RAG_EXISTENCE_CHECK,12739879447550,11607.69618,batch-000008,8,11607.688847,0.0,0.003575,12728271758703,0.003758
EXT-PAIR-0040-EN,C2_RAG_EXISTENCE_CHECK,12739879447550,11607.695971,batch-000008,8,11607.688847,0.0,0.003606,12728271758703,0.003518
EXT-PAIR-0041-EN,C2_RAG_EXISTENCE_CHECK,12739879447550,11607.694874,batch-000008,8,11607.688847,0.0,0.003628,12728271758703,0.002399
EXT-PAIR-0043-KO,C2_RAG_EXISTENCE_CHECK,12739879447550,11607.695366,batch-000008,8,11607.688847,0.0,0.003699,12728271758703,0.00282
EXT-PAIR-0047-KO,C2_RAG_EXISTENCE_CHECK,12751514340826,11634.660933,batch-000009,8,11634.648523,0.0,0.003861,12739879692303,0.008549
EXT-PAIR-0048-EN,C2_RAG_EXISTENCE_CHECK,12751514340826,11634.654916,batch-000009,8,11634.648523,0.0,0.003976,12739879692303,0.002417
EXT-PAIR-0049-KO,C2_RAG_EXISTENCE_CHECK,12751514340826,11634.654724,batch-000009,8,11634.648523,0.0,0.003781,12739879692303,0.00242
EXT-PAIR-0055-EN,C2_RAG_EXISTENCE_CHECK,12751514340826,11634.660115,batch-000009,8,11634.648523,0.0,0.003584,12739879692303,0.008008
EXT-PAIR-0056-EN,C2_RAG_EXISTENCE_CHECK,12751514340826,11634.654439,batch-000009,8,11634.648523,0.0,0.003548,12739879692303,0.002368
EXT-PAIR-0063-KO,C2_RAG_EXISTENCE_CHECK,12751514340826,11634.657197999999,batch-000009,8,11634.648523,0.0,0.004335,12739879692303,0.00434
EXT-PAIR-0064-EN,C2_RAG_EXISTENCE_CHECK,12751514340826,11634.656005,batch-000009,8,11634.648523,0.0,0.003446,12739879692303,0.004036
EXT-PAIR-0072-EN,C2_RAG_EXISTENCE_CHECK,12751514340826,11634.654684,batch-000009,8,11634.648523,0.0,0.003562,12739879692303,0.002599
EXT-PAIR-0073-KO,C2_RAG_EXISTENCE_CHECK,12763084676968,11570.091176,batch-000010,8,11570.084928,0.0,0.00361,12751514592040,0.002638
EXT-PAIR-0078-KO,C2_RAG_EXISTENCE_CHECK,12763084676968,11570.09652,batch-000010,8,11570.084928,0.0,0.00368,12751514592040,0.007912
EXT-PAIR-0080-EN,C2_RAG_EXISTENCE_CHECK,12763084676968,11570.092141000001,batch-000010,8,11570.084928,0.0,0.003472,12751514592040,0.003741
EXT-PAIR-0080-KO,C2_RAG_EXISTENCE_CHECK,12763084676968,11570.092988999999,batch-000010,8,11570.084928,0.0,0.003947,12751514592040,0.004114
EXT-PAIR-0082-EN,C2_RAG_EXISTENCE_CHECK,12763084676968,11570.090988,batch-000010,8,11570.084928,0.0,0.003459,12751514592040,0.002601
EXT-PAIR-0083-KO,C2_RAG_EXISTENCE_CHECK,12763084676968,11570.098043,batch-000010,8,11570.084928,0.0,0.003528,12751514592040,0.009587
EXT-PAIR-0085-EN,C2_RAG_EXISTENCE_CHECK,12763084676968,11570.090919,batch-000010,8,11570.084928,0.0,0.003421,12751514592040,0.00257
EXT-PAIR-0088-EN,C2_RAG_EXISTENCE_CHECK,12763084676968,11570.090869,batch-000010,8,11570.084928,0.0,0.003587,12751514592040,0.002354
EXT-PAIR-0089-EN,C2_RAG_EXISTENCE_CHECK,12774688534198,11603.621637999999,batch-000011,8,11603.60946,0.0,0.003463,12763084924738,0.008715
EXT-PAIR-0091-EN,C2_RAG_EXISTENCE_CHECK,12774688534198,11603.621162,batch-000011,8,11603.60946,0.0,0.003471,12763084924738,0.008231
EXT-PAIR-0091-KO,C2_RAG_EXISTENCE_CHECK,12774688534198,11603.621101,batch-000011,8,11603.60946,0.0,0.003597,12763084924738,0.008044
EXT-PAIR-0094-EN,C2_RAG_EXISTENCE_CHECK,12774688534198,11603.617103999999,batch-000011,8,11603.60946,0.0,0.003678,12763084924738,0.003966
EXT-PAIR-0096-EN,C2_RAG_EXISTENCE_CHECK,12774688534198,11603.615483,batch-000011,8,11603.60946,0.0,0.003517,12763084924738,0.002506
EXT-PAIR-0099-KO,C2_RAG_EXISTENCE_CHECK,12774688534198,11603.616724,batch-000011,8,11603.60946,0.0,0.003718,12763084924738,0.003546
EXT-PAIR-0104-KO,C2_RAG_EXISTENCE_CHECK,12774688534198,11603.616576999999,batch-000011,8,11603.60946,0.0,0.00356,12763084924738,0.003557
EXT-PAIR-0109-KO,C2_RAG_EXISTENCE_CHECK,12774688534198,11603.615324,batch-000011,8,11603.60946,0.0,0.003509,12763084924738,0.002355
EXT-PAIR-0115-KO,C2_RAG_EXISTENCE_CHECK,12786383981527,11695.207203000002,batch-000012,8,11695.200672,0.0,0.003536,12774688780855,0.002995
EXT-PAIR-0116-KO,C2_RAG_EXISTENCE_CHECK,12786383981527,11695.207665,batch-000012,8,11695.200672,0.0,0.003481,12774688780855,0.003512
EXT-PAIR-0117-EN,C2_RAG_EXISTENCE_CHECK,12786383981527,11695.206827,batch-000012,8,11695.200672,0.0,0.003712,12774688780855,0.002443
EXT-PAIR-0121-EN,C2_RAG_EXISTENCE_CHECK,12786383981527,11695.206978,batch-000012,8,11695.200672,0.0,0.003724,12774688780855,0.002582
EXT-PAIR-0128-KO,C2_RAG_EXISTENCE_CHECK,12786383981527,11695.212332000001,batch-000012,8,11695.200672,0.0,0.003718,12774688780855,0.007942
EXT-PAIR-0136-KO,C2_RAG_EXISTENCE_CHECK,12786383981527,11695.241020000001,batch-000012,8,11695.200672,0.0,0.031115,12774688780855,0.009233
EXT-PAIR-0140-EN,C2_RAG_EXISTENCE_CHECK,12786383981527,11695.207406000001,batch-000012,8,11695.200672,0.0,0.004144,12774688780855,0.00259
EXT-PAIR-0140-KO,C2_RAG_EXISTENCE_CHECK,12786383981527,11695.213164000003,batch-000012,8,11695.200672,0.0,0.003984,12774688780855,0.008508
EXT-PAIR-0143-EN,C2_RAG_EXISTENCE_CHECK,12798000211081,11615.999704000002,batch-000013,8,11615.987692,0.0,0.004025,12786384223389,0.007987
EXT-PAIR-0144-EN,C2_RAG_EXISTENCE_CHECK,12798000211081,11616.000419000002,batch-000013,8,11615.987692,0.0,0.003817,12786384223389,0.00891
EXT-PAIR-0146-EN,C2_RAG_EXISTENCE_CHECK,12798000211081,11615.994105000002,batch-000013,8,11615.987692,0.0,0.003763,12786384223389,0.00265
EXT-PAIR-0148-EN,C2_RAG_EXISTENCE_CHECK,12798000211081,11615.994011,batch-000013,8,11615.987692,0.0,0.003883,12786384223389,0.002436
EXT-PAIR-0148-KO,C2_RAG_EXISTENCE_CHECK,12798000211081,11615.994108,batch-000013,8,11615.987692,0.0,0.003745,12786384223389,0.002671
EXT-PAIR-0149-KO,C2_RAG_EXISTENCE_CHECK,12798000211081,11615.9995,batch-000013,8,11615.987692,0.0,0.003809,12786384223389,0.007999
EXT-PAIR-0150-KO,C2_RAG_EXISTENCE_CHECK,12798000211081,11616.018531000002,batch-000013,8,11615.987692,0.0,0.027178,12786384223389,0.003661
EXT-PAIR-0152-KO,C2_RAG_EXISTENCE_CHECK,12798000211081,11616.003771000002,batch-000013,8,11615.987692,0.0,0.008237,12786384223389,0.007842
EXT-PAIR-0154-KO,C2_RAG_EXISTENCE_CHECK,12809712894865,11712.420399999999,batch-000014,8,11712.411854,0.0,0.005968,12798000483011,0.002578
EXT-PAIR-0157-KO,C2_RAG_EXISTENCE_CHECK,12809712894865,11712.420019,batch-000014,8,11712.411854,0.0,0.005306,12798000483011,0.002859
EXT-PAIR-0159-EN,C2_RAG_EXISTENCE_CHECK,12809712894865,11712.424804,batch-000014,8,11712.411854,0.0,0.004666,12798000483011,0.008284
EXT-PAIR-0161-EN,C2_RAG_EXISTENCE_CHECK,12809712894865,11712.418926999999,batch-000014,8,11712.411854,0.0,0.004657,12798000483011,0.002416
EXT-PAIR-0162-EN,C2_RAG_EXISTENCE_CHECK,12809712894865,11712.418314,batch-000014,8,11712.411854,0.0,0.004042,12798000483011,0.002418
EXT-PAIR-0166-EN,C2_RAG_EXISTENCE_CHECK,12809712894865,11712.417828,batch-000014,8,11712.411854,0.0,0.003601,12798000483011,0.002373
EXT-PAIR-0166-KO,C2_RAG_EXISTENCE_CHECK,12809712894865,11712.418175,batch-000014,8,11712.411854,0.0,0.003945,12798000483011,0.002376
EXT-PAIR-0167-EN,C2_RAG_EXISTENCE_CHECK,12809712894865,11712.43634,batch-000014,8,11712.411854,0.0,0.003746,12798000483011,0.02074
EXT-PAIR-0169-EN,C2_RAG_EXISTENCE_CHECK,12821221483784,11508.308042,batch-000015,8,11508.299322,0.0,0.004022,12809713184462,0.004698
EXT-PAIR-0170-EN,C2_RAG_EXISTENCE_CHECK,12821221483784,11508.307608000001,batch-000015,8,11508.299322,0.0,0.003596,12809713184462,0.00469
EXT-PAIR-0174-KO,C2_RAG_EXISTENCE_CHECK,12821221483784,11508.308234000002,batch-000015,8,11508.299322,0.0,0.00379,12809713184462,0.005122
EXT-PAIR-0175-EN,C2_RAG_EXISTENCE_CHECK,12821221483784,11508.314169000001,batch-000015,8,11508.299322,0.0,0.003847,12809713184462,0.011
EXT-PAIR-0179-EN,C2_RAG_EXISTENCE_CHECK,12821221483784,11508.312352,batch-000015,8,11508.299322,0.0,0.003801,12809713184462,0.009229
EXT-PAIR-0184-KO,C2_RAG_EXISTENCE_CHECK,12821221483784,11508.305735000002,batch-000015,8,11508.299322,0.0,0.003853,12809713184462,0.00256
EXT-PAIR-0191-EN,C2_RAG_EXISTENCE_CHECK,12821221483784,11508.310955,batch-000015,8,11508.299322,0.0,0.003625,12809713184462,0.008008
EXT-PAIR-0191-KO,C2_RAG_EXISTENCE_CHECK,12821221483784,11508.313099,batch-000015,8,11508.299322,0.0,0.004057,12809713184462,0.00972
EXT-PAIR-0193-EN,C2_RAG_EXISTENCE_CHECK,12832880003427,11658.235270000001,batch-000016,8,11658.223242,0.0,0.003522,12821221780185,0.008506
EXT-PAIR-0194-EN,C2_RAG_EXISTENCE_CHECK,12832880003427,11658.235811,batch-000016,8,11658.223242,0.0,0.003691,12821221780185,0.008878
EXT-PAIR-0194-KO,C2_RAG_EXISTENCE_CHECK,12832880003427,11658.230866000002,batch-000016,8,11658.223242,0.0,0.004011,12821221780185,0.003613
EXT-PAIR-0195-EN,C2_RAG_EXISTENCE_CHECK,12832880003427,11658.235019000002,batch-000016,8,11658.223242,0.0,0.003651,12821221780185,0.008126
EXT-PAIR-0195-KO,C2_RAG_EXISTENCE_CHECK,12832880003427,11658.229726,batch-000016,8,11658.223242,0.0,0.003889,12821221780185,0.002595
EXT-PARAPHRASE-0003,C2_RAG_EXISTENCE_CHECK,12832880003427,11658.235268,batch-000016,8,11658.223242,0.0,0.00388,12821221780185,0.008146
EXT-PARAPHRASE-0004,C2_RAG_EXISTENCE_CHECK,12832880003427,11658.230499000001,batch-000016,8,11658.223242,0.0,0.003558,12821221780185,0.003699
EXT-PARAPHRASE-0005,C2_RAG_EXISTENCE_CHECK,12832880003427,11658.230981,batch-000016,8,11658.223242,0.0,0.004252,12821221780185,0.003487
EXT-PARAPHRASE-0020,C2_RAG_EXISTENCE_CHECK,12843185901306,10305.60814,batch-000017,8,10305.600639,0.0,0.003959,12832880300667,0.003542
EXT-PARAPHRASE-0026,C2_RAG_EXISTENCE_CHECK,12843185901306,10305.606935000002,batch-000017,8,10305.600639,0.0,0.00379,12832880300667,0.002506
EXT-PARAPHRASE-0028,C2_RAG_EXISTENCE_CHECK,12843185901306,10305.606775,batch-000017,8,10305.600639,0.0,0.00353,12832880300667,0.002606
EXT-PARAPHRASE-0030,C2_RAG_EXISTENCE_CHECK,12843185901306,10305.608907,batch-000017,8,10305.600639,0.0,0.004786,12832880300667,0.003482
EXT-PARAPHRASE-0034,C2_RAG_EXISTENCE_CHECK,12843185901306,10305.60762,batch-000017,8,10305.600639,0.0,0.003449,12832880300667,0.003532
EXT-PARAPHRASE-0039,C2_RAG_EXISTENCE_CHECK,12843185901306,10305.607997000001,batch-000017,8,10305.600639,0.0,0.003667,12832880300667,0.003691
EXT-PARAPHRASE-0069,C2_RAG_EXISTENCE_CHECK,12843185901306,10305.608226,batch-000017,8,10305.600639,0.0,0.004091,12832880300667,0.003496
EXT-PARAPHRASE-0076,C2_RAG_EXISTENCE_CHECK,12843185901306,10305.607996,batch-000017,8,10305.600639,0.0,0.003734,12832880300667,0.003623
EXT-PARAPHRASE-0080,C2_RAG_EXISTENCE_CHECK,12854661316769,11475.177324,batch-000018,8,11475.170192,0.0,0.003521,12843186146577,0.003611
EXT-PARAPHRASE-0091,C2_RAG_EXISTENCE_CHECK,12854661316769,11475.181961999999,batch-000018,8,11475.170192,0.0,0.003836,12843186146577,0.007934
EXT-PARAPHRASE-0097,C2_RAG_EXISTENCE_CHECK,12854661316769,11475.176494999998,batch-000018,8,11475.170192,0.0,0.003603,12843186146577,0.0027
EXT-PARAPHRASE-0101,C2_RAG_EXISTENCE_CHECK,12854661316769,11475.177364,batch-000018,8,11475.170192,0.0,0.003572,12843186146577,0.0036
EXT-PARAPHRASE-0114,C2_RAG_EXISTENCE_CHECK,12854661316769,11475.17634,batch-000018,8,11475.170192,0.0,0.003531,12843186146577,0.002617
EXT-PARAPHRASE-0121,C2_RAG_EXISTENCE_CHECK,12854661316769,11475.182512,batch-000018,8,11475.170192,0.0,0.003935,12843186146577,0.008385
EXT-PARAPHRASE-0150,C2_RAG_EXISTENCE_CHECK,12854661316769,11475.177209,batch-000018,8,11475.170192,0.0,0.003554,12843186146577,0.003463
EXT-PARAPHRASE-0154,C2_RAG_EXISTENCE_CHECK,12854661316769,11475.177601,batch-000018,8,11475.170192,0.0,0.003585,12843186146577,0.003824
EXT-PARAPHRASE-0158,C2_RAG_EXISTENCE_CHECK,12866124433581,11462.879207,batch-000019,8,11462.867214,0.0,0.003637,12854661566367,0.008356
EXT-PARAPHRASE-0159,C2_RAG_EXISTENCE_CHECK,12866124433581,11462.875074,batch-000019,8,11462.867214,0.0,0.003825,12854661566367,0.004035
EXT-PARAPHRASE-0162,C2_RAG_EXISTENCE_CHECK,12866124433581,11462.879046999999,batch-000019,8,11462.867214,0.0,0.003647,12854661566367,0.008186
EXT-PARAPHRASE-0166,C2_RAG_EXISTENCE_CHECK,12866124433581,11462.874403,batch-000019,8,11462.867214,0.0,0.003537,12854661566367,0.003652
EXT-PARAPHRASE-0172,C2_RAG_EXISTENCE_CHECK,12866124433581,11462.873486,batch-000019,8,11462.867214,0.0,0.003828,12854661566367,0.002444
EXT-PARAPHRASE-0176,C2_RAG_EXISTENCE_CHECK,12866124433581,11462.873330999999,batch-000019,8,11462.867214,0.0,0.003648,12854661566367,0.002469
EXT-PARAPHRASE-0183,C2_RAG_EXISTENCE_CHECK,12866124433581,11462.878958,batch-000019,8,11462.867214,0.0,0.003599,12854661566367,0.008145
EXT-PARAPHRASE-0191,C2_RAG_EXISTENCE_CHECK,12866124433581,11462.878534,batch-000019,8,11462.867214,0.0,0.003647,12854661566367,0.007673
EXT-PARAPHRASE-0194,C2_RAG_EXISTENCE_CHECK,12878036710622,11912.008911,batch-000020,8,11912.002914,0.0,0.003593,12866124707708,0.002404
EXT-PARAPHRASE-0197,C2_RAG_EXISTENCE_CHECK,12878036710622,11912.014657,batch-000020,8,11912.002914,0.0,0.003593,12866124707708,0.00815
EXT-POLICY_CONFLICT-0001,C2_RAG_EXISTENCE_CHECK,12878036710622,11912.016329,batch-000020,8,11912.002914,0.0,0.00389,12866124707708,0.009525
EXT-POLICY_CONFLICT-0010,C2_RAG_EXISTENCE_CHECK,12878036710622,11912.009010000002,batch-000020,8,11912.002914,0.0,0.00357,12866124707708,0.002526
EXT-POLICY_CONFLICT-0012,C2_RAG_EXISTENCE_CHECK,12878036710622,11912.014345000001,batch-000020,8,11912.002914,0.0,0.003493,12866124707708,0.007938
EXT-POLICY_CONFLICT-0015,C2_RAG_EXISTENCE_CHECK,12878036710622,11912.014078,batch-000020,8,11912.002914,0.0,0.003782,12866124707708,0.007382
EXT-POLICY_CONFLICT-0017,C2_RAG_EXISTENCE_CHECK,12878036710622,11912.013218000002,batch-000020,8,11912.002914,0.0,0.003511,12866124707708,0.006793
EXT-POLICY_CONFLICT-0019,C2_RAG_EXISTENCE_CHECK,12878036710622,11912.009689,batch-000020,8,11912.002914,0.0,0.003498,12866124707708,0.003277
EXT-POLICY_CONFLICT-0022,C2_RAG_EXISTENCE_CHECK,12889976632627,11939.669770999999,batch-000021,8,11939.663426,0.0,0.003537,12878036969201,0.002808
EXT-POLICY_CONFLICT-0027,C2_RAG_EXISTENCE_CHECK,12889976632627,11939.683127999999,batch-000021,8,11939.663426,0.0,0.003647,12878036969201,0.016055
EXT-POLICY_CONFLICT-0030,C2_RAG_EXISTENCE_CHECK,12889976632627,11939.670940999998,batch-000021,8,11939.663426,0.0,0.003673,12878036969201,0.003842
EXT-POLICY_CONFLICT-0034,C2_RAG_EXISTENCE_CHECK,12889976632627,11939.670871999999,batch-000021,8,11939.663426,0.0,0.0034,12878036969201,0.004046
EXT-POLICY_CONFLICT-0043,C2_RAG_EXISTENCE_CHECK,12889976632627,11939.677784,batch-000021,8,11939.663426,0.0,0.003701,12878036969201,0.010657
EXT-POLICY_CONFLICT-0044,C2_RAG_EXISTENCE_CHECK,12889976632627,11939.670553999998,batch-000021,8,11939.663426,0.0,0.003799,12878036969201,0.003329
EXT-POLICY_CONFLICT-0055,C2_RAG_EXISTENCE_CHECK,12889976632627,11939.669718,batch-000021,8,11939.663426,0.0,0.003643,12878036969201,0.002649
EXT-POLICY_CONFLICT-0056,C2_RAG_EXISTENCE_CHECK,12889976632627,11939.669509999998,batch-000021,8,11939.663426,0.0,0.003549,12878036969201,0.002535
EXT-POLICY_CONFLICT-0057,C2_RAG_EXISTENCE_CHECK,12899021208013,9044.224052999998,batch-000022,8,9044.216668,0.0,0.003506,12889976991345,0.003879
EXT-POLICY_CONFLICT-0060,C2_RAG_EXISTENCE_CHECK,12899021208013,9044.224414999999,batch-000022,8,9044.216668,0.0,0.003915,12889976991345,0.003832
EXT-POLICY_CONFLICT-0061,C2_RAG_EXISTENCE_CHECK,12899021208013,9044.224004,batch-000022,8,9044.216668,0.0,0.003488,12889976991345,0.003848
EXT-POLICY_CONFLICT-0062,C2_RAG_EXISTENCE_CHECK,12899021208013,9044.222483,batch-000022,8,9044.216668,0.0,0.003513,12889976991345,0.002302
EXT-POLICY_CONFLICT-0065,C2_RAG_EXISTENCE_CHECK,12899021208013,9044.222912,batch-000022,8,9044.216668,0.0,0.003643,12889976991345,0.002601
EXT-POLICY_CONFLICT-0066,C2_RAG_EXISTENCE_CHECK,12899021208013,9044.222905999999,batch-000022,8,9044.216668,0.0,0.003805,12889976991345,0.002433
EXT-POLICY_CONFLICT-0071,C2_RAG_EXISTENCE_CHECK,12899021208013,9044.223935999999,batch-000022,8,9044.216668,0.0,0.0037,12889976991345,0.003568
EXT-POLICY_CONFLICT-0073,C2_RAG_EXISTENCE_CHECK,12899021208013,9044.223138,batch-000022,8,9044.216668,0.0,0.003479,12889976991345,0.002991
EXT-POLICY_CONFLICT-0075,C2_RAG_EXISTENCE_CHECK,12911502469503,12480.981904,batch-000023,8,12480.974541,0.0,0.003644,12899021494962,0.003719
EXT-POLICY_CONFLICT-0080,C2_RAG_EXISTENCE_CHECK,12911502469503,12480.981587999999,batch-000023,8,12480.974541,0.0,0.003636,12899021494962,0.003411
EXT-POLICY_CONFLICT-0081,C2_RAG_EXISTENCE_CHECK,12911502469503,12480.986915,batch-000023,8,12480.974541,0.0,0.003572,12899021494962,0.008802
EXT-POLICY_CONFLICT-0086,C2_RAG_EXISTENCE_CHECK,12911502469503,12480.98081,batch-000023,8,12480.974541,0.0,0.003482,12899021494962,0.002787
EXT-POLICY_CONFLICT-0091,C2_RAG_EXISTENCE_CHECK,12911502469503,12480.981776999999,batch-000023,8,12480.974541,0.0,0.003598,12899021494962,0.003638
EXT-POLICY_CONFLICT-0094,C2_RAG_EXISTENCE_CHECK,12911502469503,12480.981654000001,batch-000023,8,12480.974541,0.0,0.003409,12899021494962,0.003704
EXT-POLICY_CONFLICT-0095,C2_RAG_EXISTENCE_CHECK,12911502469503,12480.980486999999,batch-000023,8,12480.974541,0.0,0.00352,12899021494962,0.002426
EXT-POLICY_CONFLICT-0098,C2_RAG_EXISTENCE_CHECK,12911502469503,12480.981635,batch-000023,8,12480.974541,0.0,0.003414,12899021494962,0.00368
EXT-POLICY_CONFLICT-0099,C2_RAG_EXISTENCE_CHECK,12927106294646,15603.521514000002,batch-000024,8,15603.509593,0.0,0.003522,12911502785053,0.008399
EXT-POLICY_CONFLICT-0100,C2_RAG_EXISTENCE_CHECK,12927106294646,15603.516803,batch-000024,8,15603.509593,0.0,0.003639,12911502785053,0.003571
SEC3B-000-EN,C2_RAG_EXISTENCE_CHECK,12927106294646,15603.566502000001,batch-000024,8,15603.509593,0.0,0.018931,12911502785053,0.037978
SEC3B-000-KO,C2_RAG_EXISTENCE_CHECK,12927106294646,15603.534885000001,batch-000024,8,15603.509593,0.0,0.01127,12911502785053,0.014022
SEC3B-001-KO,C2_RAG_EXISTENCE_CHECK,12927106294646,15603.531695,batch-000024,8,15603.509593,0.0,0.009907,12911502785053,0.012195
SEC3B-002-EN,C2_RAG_EXISTENCE_CHECK,12927106294646,15603.533876000001,batch-000024,8,15603.509593,0.0,0.010779,12911502785053,0.013504
SEC3B-005-EN,C2_RAG_EXISTENCE_CHECK,12927106294646,15603.532148,batch-000024,8,15603.509593,0.0,0.010149,12911502785053,0.012406
SEC3B-005-KO,C2_RAG_EXISTENCE_CHECK,12927106294646,15603.53139,batch-000024,8,15603.509593,0.0,0.00994,12911502785053,0.011857
SEC3B-009-KO,C2_RAG_EXISTENCE_CHECK,12942954316694,15847.752360999999,batch-000025,8,15847.729554,0.0,0.009704,12927106587140,0.013103
SEC3B-010-EN,C2_RAG_EXISTENCE_CHECK,12942954316694,15847.752163000001,batch-000025,8,15847.729554,0.0,0.009577,12927106587140,0.013032
SEC3B-012-EN,C2_RAG_EXISTENCE_CHECK,12942954316694,15847.750914999999,batch-000025,8,15847.729554,0.0,0.009526,12927106587140,0.011835
SEC3B-012-KO,C2_RAG_EXISTENCE_CHECK,12942954316694,15847.750706,batch-000025,8,15847.729554,0.0,0.00976,12927106587140,0.011392
SEC3B-013-EN,C2_RAG_EXISTENCE_CHECK,12942954316694,15847.884741,batch-000025,8,15847.729554,0.0,0.009173,12927106587140,0.146014
SEC3B-014-KO,C2_RAG_EXISTENCE_CHECK,12942954316694,15847.771827,batch-000025,8,15847.729554,0.0,0.009759,12927106587140,0.032514
SEC3B-015-EN,C2_RAG_EXISTENCE_CHECK,12942954316694,15847.759476,batch-000025,8,15847.729554,0.0,0.009482,12927106587140,0.02044
SEC3B-016-EN,C2_RAG_EXISTENCE_CHECK,12942954316694,15847.752635,batch-000025,8,15847.729554,0.0,0.009216,12927106587140,0.013865
SEC3B-016-KO,C2_RAG_EXISTENCE_CHECK,12958628864311,15674.266563,batch-000026,8,15674.243487,0.0,0.009912,12942954620824,0.013164
SEC3B-018-EN,C2_RAG_EXISTENCE_CHECK,12958628864311,15674.388584,batch-000026,8,15674.243487,0.0,0.009845,12942954620824,0.135252
SEC3B-020-EN,C2_RAG_EXISTENCE_CHECK,12958628864311,15674.292002999999,batch-000026,8,15674.243487,0.0,0.009428,12942954620824,0.039088
SEC3B-020-KO,C2_RAG_EXISTENCE_CHECK,12958628864311,15674.277342,batch-000026,8,15674.243487,0.0,0.010079,12942954620824,0.023776
SEC3B-021-KO,C2_RAG_EXISTENCE_CHECK,12958628864311,15674.273339,batch-000026,8,15674.243487,0.0,0.009966,12942954620824,0.019886
SEC3B-023-EN,C2_RAG_EXISTENCE_CHECK,12958628864311,15674.270276,batch-000026,8,15674.243487,0.0,0.009219,12942954620824,0.01757
SEC3B-025-EN,C2_RAG_EXISTENCE_CHECK,12958628864311,15674.270138999998,batch-000026,8,15674.243487,0.0,0.009395,12942954620824,0.017257
SEC3B-025-KO,C2_RAG_EXISTENCE_CHECK,12958628864311,15674.312795,batch-000026,8,15674.243487,0.0,0.010427,12942954620824,0.058881
SEC3B-026-EN,C2_RAG_EXISTENCE_CHECK,12974554432139,15925.34998,batch-000027,8,15925.317267,0.0,0.011025,12958629114872,0.021688
SEC3B-028-KO,C2_RAG_EXISTENCE_CHECK,12974554432139,15925.341930999999,batch-000027,8,15925.317267,0.0,0.010374,12958629114872,0.01429
SEC3B-030-EN,C2_RAG_EXISTENCE_CHECK,12974554432139,15925.339811,batch-000027,8,15925.317267,0.0,0.009461,12958629114872,0.013083
SEC3B-030-KO,C2_RAG_EXISTENCE_CHECK,12974554432139,15925.339971,batch-000027,8,15925.317267,0.0,0.009782,12958629114872,0.012922
SEC3B-031-EN,C2_RAG_EXISTENCE_CHECK,12974554432139,15925.340421,batch-000027,8,15925.317267,0.0,0.009678,12958629114872,0.013476
SEC3B-032-EN,C2_RAG_EXISTENCE_CHECK,12974554432139,15925.339169,batch-000027,8,15925.317267,0.0,0.009314,12958629114872,0.012588
SEC3B-032-KO,C2_RAG_EXISTENCE_CHECK,12974554432139,15925.353905,batch-000027,8,15925.317267,0.0,0.009482,12958629114872,0.027156
SEC3B-034-EN,C2_RAG_EXISTENCE_CHECK,12974554432139,15925.342776,batch-000027,8,15925.317267,0.0,0.009471,12958629114872,0.016038
SEC3B-037-KO,C2_RAG_EXISTENCE_CHECK,12990510298085,15955.641303,batch-000028,8,15955.59639,0.0,0.012247,12974554701695,0.032666
SEC3B-038-KO,C2_RAG_EXISTENCE_CHECK,12990510298085,15955.624291000002,batch-000028,8,15955.59639,0.0,0.011012,12974554701695,0.016889
SEC3B-039-EN,C2_RAG_EXISTENCE_CHECK,12990510298085,15955.643887000002,batch-000028,8,15955.59639,0.0,0.010824,12974554701695,0.036673
SEC3B-040-KO,C2_RAG_EXISTENCE_CHECK,12990510298085,15955.627981000001,batch-000028,8,15955.59639,0.0,0.010833,12974554701695,0.020758
SEC3B-043-EN,C2_RAG_EXISTENCE_CHECK,12990510298085,15955.620513,batch-000028,8,15955.59639,0.0,0.010004,12974554701695,0.014119
SEC3B-043-KO,C2_RAG_EXISTENCE_CHECK,12990510298085,15955.620391,batch-000028,8,15955.59639,0.0,0.010767,12974554701695,0.013234
SEC3B-044-KO,C2_RAG_EXISTENCE_CHECK,12990510298085,15955.618159000001,batch-000028,8,15955.59639,0.0,0.009384,12974554701695,0.012385
SEC3B-045-EN,C2_RAG_EXISTENCE_CHECK,12990510298085,15955.61986,batch-000028,8,15955.59639,0.0,0.009804,12974554701695,0.013666
SEC3B-048-KO,C2_RAG_EXISTENCE_CHECK,13006370943530,15860.421022999999,batch-000029,8,15860.384772,0.0,0.023146,12990510558758,0.013105
SEC3B-050-EN,C2_RAG_EXISTENCE_CHECK,13006370943530,15860.411122,batch-000029,8,15860.384772,0.0,0.01323,12990510558758,0.01312
SEC3B-051-KO,C2_RAG_EXISTENCE_CHECK,13006370943530,15860.408368999999,batch-000029,8,15860.384772,0.0,0.010661,12990510558758,0.012936
SEC3B-052-EN,C2_RAG_EXISTENCE_CHECK,13006370943530,15860.406157,batch-000029,8,15860.384772,0.0,0.009292,12990510558758,0.012093
SEC3B-053-EN,C2_RAG_EXISTENCE_CHECK,13006370943530,15860.407715,batch-000029,8,15860.384772,0.0,0.009778,12990510558758,0.013165
SEC3B-054-KO,C2_RAG_EXISTENCE_CHECK,13006370943530,15860.407942,batch-000029,8,15860.384772,0.0,0.010385,12990510558758,0.012785
SEC3B-059-EN,C2_RAG_EXISTENCE_CHECK,13006370943530,15860.415781,batch-000029,8,15860.384772,0.0,0.009427,12990510558758,0.021582
SEC3B-060-EN,C2_RAG_EXISTENCE_CHECK,13006370943530,15860.41281,batch-000029,8,15860.384772,0.0,0.00942,12990510558758,0.018618
SEC3B-061-EN,C2_RAG_EXISTENCE_CHECK,13022045917755,15674.721655,batch-000030,8,15674.699708,0.0,0.009079,13006371218047,0.012868
SEC3B-069-KO,C2_RAG_EXISTENCE_CHECK,13022045917755,15674.746741,batch-000030,8,15674.699708,0.0,0.034291,13006371218047,0.012742
SEC3B-071-EN,C2_RAG_EXISTENCE_CHECK,13022045917755,15674.722295000001,batch-000030,8,15674.699708,0.0,0.009776,13006371218047,0.012811
SEC3B-072-EN,C2_RAG_EXISTENCE_CHECK,13022045917755,15674.721625,batch-000030,8,15674.699708,0.0,0.009601,13006371218047,0.012316
SEC3B-073-KO,C2_RAG_EXISTENCE_CHECK,13022045917755,15674.732125,batch-000030,8,15674.699708,0.0,0.009216,13006371218047,0.023201
SEC3B-076-EN,C2_RAG_EXISTENCE_CHECK,13022045917755,15674.727024,batch-000030,8,15674.699708,0.0,0.009222,13006371218047,0.018094
SEC3B-077-EN,C2_RAG_EXISTENCE_CHECK,13022045917755,15674.734214,batch-000030,8,15674.699708,0.0,0.009411,13006371218047,0.025095
SEC3B-078-EN,C2_RAG_EXISTENCE_CHECK,13022045917755,15674.724446,batch-000030,8,15674.699708,0.0,0.009707,13006371218047,0.015031
SEC3B-081-KO,C2_RAG_EXISTENCE_CHECK,13037955798133,15909.607258,batch-000031,8,15909.584832,0.0,0.009521,13022046213301,0.012905
SEC3B-082-EN,C2_RAG_EXISTENCE_CHECK,13037955798133,15909.606869,batch-000031,8,15909.584832,0.0,0.009192,13022046213301,0.012845
SEC3B-084-EN,C2_RAG_EXISTENCE_CHECK,13037955798133,15909.618234,batch-000031,8,15909.584832,0.0,0.009009,13022046213301,0.024393
SEC3B-086-KO,C2_RAG_EXISTENCE_CHECK,13037955798133,15909.611451,batch-000031,8,15909.584832,0.0,0.009864,13022046213301,0.016755
SEC3B-087-KO,C2_RAG_EXISTENCE_CHECK,13037955798133,15909.608399,batch-000031,8,15909.584832,0.0,0.009531,13022046213301,0.014036
SEC3B-088-EN,C2_RAG_EXISTENCE_CHECK,13037955798133,15909.607056,batch-000031,8,15909.584832,0.0,0.009386,13022046213301,0.012838
SEC3B-089-EN,C2_RAG_EXISTENCE_CHECK,13037955798133,15909.622427000002,batch-000031,8,15909.584832,0.0,0.009056,13022046213301,0.028539
SEC3B-090-EN,C2_RAG_EXISTENCE_CHECK,13037955798133,15909.610096,batch-000031,8,15909.584832,0.0,0.009646,13022046213301,0.015618
SEC3B-090-KO,C2_RAG_EXISTENCE_CHECK,13053446422458,15490.381036,batch-000032,8,15490.359342,0.0,0.0095,13037956063116,0.012194
SEC3B-093-EN,C2_RAG_EXISTENCE_CHECK,13053446422458,15490.381556,batch-000032,8,15490.359342,0.0,0.010104,13037956063116,0.01211
SEC3B-093-KO,C2_RAG_EXISTENCE_CHECK,13053446422458,15490.38174,batch-000032,8,15490.359342,0.0,0.010297,13037956063116,0.012101
SEC3B-099-KO,C2_RAG_EXISTENCE_CHECK,13053446422458,15490.381586,batch-000032,8,15490.359342,0.0,0.009772,13037956063116,0.012472
V2C-0004,C2_RAG_EXISTENCE_CHECK,13053446422458,15490.37334,batch-000032,8,15490.359342,0.0,0.006546,13037956063116,0.007452
V2C-0010,C2_RAG_EXISTENCE_CHECK,13053446422458,15490.37211,batch-000032,8,15490.359342,0.0,0.006447,13037956063116,0.006321
V2C-0016,C2_RAG_EXISTENCE_CHECK,13053446422458,15490.370531,batch-000032,8,15490.359342,0.0,0.005697,13037956063116,0.005492
V2C-0018,C2_RAG_EXISTENCE_CHECK,13053446422458,15490.369678,batch-000032,8,15490.359342,0.0,0.005572,13037956063116,0.004764
V2C-0020,C2_RAG_EXISTENCE_CHECK,13062696145609,9249.450066000001,batch-000033,8,9249.439338,0.0,0.005811,13053446706271,0.004917
V2C-0026,C2_RAG_EXISTENCE_CHECK,13062696145609,9249.4498,batch-000033,8,9249.439338,0.0,0.00564,13053446706271,0.004822
V2C-0027,C2_RAG_EXISTENCE_CHECK,13062696145609,9249.460203,batch-000033,8,9249.439338,0.0,0.005808,13053446706271,0.015057
V2C-0030,C2_RAG_EXISTENCE_CHECK,13062696145609,9249.456093,batch-000033,8,9249.439338,0.0,0.005878,13053446706271,0.010877
V2C-0032,C2_RAG_EXISTENCE_CHECK,13062696145609,9249.451335,batch-000033,8,9249.439338,0.0,0.005744,13053446706271,0.006253
V2C-0034,C2_RAG_EXISTENCE_CHECK,13062696145609,9249.450340000001,batch-000033,8,9249.439338,0.0,0.005879,13053446706271,0.005123
V2C-0048,C2_RAG_EXISTENCE_CHECK,13062696145609,9249.449359,batch-000033,8,9249.439338,0.0,0.005417,13053446706271,0.004604
V2C-0056,C2_RAG_EXISTENCE_CHECK,13062696145609,9249.449272,batch-000033,8,9249.439338,0.0,0.00532,13053446706271,0.004614
V2C-0061,C2_RAG_EXISTENCE_CHECK,13071901716086,9205.262044000001,batch-000034,8,9205.251774,0.0,0.005626,13062696464312,0.004644
V2C-0066,C2_RAG_EXISTENCE_CHECK,13071901716086,9205.262342,batch-000034,8,9205.251774,0.0,0.005598,13062696464312,0.00497
V2C-0072,C2_RAG_EXISTENCE_CHECK,13071901716086,9205.26179,batch-000034,8,9205.251774,0.0,0.00545,13062696464312,0.004566
V2C-0078,C2_RAG_EXISTENCE_CHECK,13071901716086,9205.263218000002,batch-000034,8,9205.251774,0.0,0.006251,13062696464312,0.005193
V2C-0084,C2_RAG_EXISTENCE_CHECK,13071901716086,9205.262408,batch-000034,8,9205.251774,0.0,0.005555,13062696464312,0.005079
V2C-0087,C2_RAG_EXISTENCE_CHECK,13071901716086,9205.262343999999,batch-000034,8,9205.251774,0.0,0.005914,13062696464312,0.004656
V2C-0116,C2_RAG_EXISTENCE_CHECK,13071901716086,9205.262117,batch-000034,8,9205.251774,0.0,0.005575,13062696464312,0.004768
V2C-0127,C2_RAG_EXISTENCE_CHECK,13071901716086,9205.261951,batch-000034,8,9205.251774,0.0,0.005685,13062696464312,0.004492
V2C-0128,C2_RAG_EXISTENCE_CHECK,13080644603287,8742.632411,batch-000035,8,8742.622395,0.0,0.005565,13071901980892,0.004451
V2C-0137,C2_RAG_EXISTENCE_CHECK,13080644603287,8742.632870000001,batch-000035,8,8742.622395,0.0,0.005734,13071901980892,0.004741
V2C-0148,C2_RAG_EXISTENCE_CHECK,13080644603287,8742.632154,batch-000035,8,8742.622395,0.0,0.005353,13071901980892,0.004406
V2C-0156,C2_RAG_EXISTENCE_CHECK,13080644603287,8742.632702,batch-000035,8,8742.622395,0.0,0.005723,13071901980892,0.004584
V2C-0172,C2_RAG_EXISTENCE_CHECK,13080644603287,8742.632876,batch-000035,8,8742.622395,0.0,0.00562,13071901980892,0.004861
V2C-0176,C2_RAG_EXISTENCE_CHECK,13080644603287,8742.632999000001,batch-000035,8,8742.622395,0.0,0.005268,13071901980892,0.005336
V2C-0181,C2_RAG_EXISTENCE_CHECK,13080644603287,8742.633408,batch-000035,8,8742.622395,0.0,0.005586,13071901980892,0.005427
V2C-0184,C2_RAG_EXISTENCE_CHECK,13080644603287,8742.632956000001,batch-000035,8,8742.622395,0.0,0.005558,13071901980892,0.005003
V2C-0197,C2_RAG_EXISTENCE_CHECK,13089866958925,9222.053573,batch-000036,8,9222.043426,0.0,0.005566,13080644915499,0.004581
V2C-0201,C2_RAG_EXISTENCE_CHECK,13089866958925,9222.053741000002,batch-000036,8,9222.043426,0.0,0.005547,13080644915499,0.004768
V2C-0202,C2_RAG_EXISTENCE_CHECK,13089866958925,9222.05389,batch-000036,8,9222.043426,0.0,0.00543,13080644915499,0.005034
V2C-0207,C2_RAG_EXISTENCE_CHECK,13089866958925,9222.05372,batch-000036,8,9222.043426,0.0,0.005794,13080644915499,0.0045
V2C-0210,C2_RAG_EXISTENCE_CHECK,13089866958925,9222.054225,batch-000036,8,9222.043426,0.0,0.005766,13080644915499,0.005033
V2C-0219,C2_RAG_EXISTENCE_CHECK,13089866958925,9222.053695,batch-000036,8,9222.043426,0.0,0.005399,13080644915499,0.00487
V2C-0221,C2_RAG_EXISTENCE_CHECK,13089866958925,9222.053795,batch-000036,8,9222.043426,0.0,0.005358,13080644915499,0.005011
V2C-0223,C2_RAG_EXISTENCE_CHECK,13089866958925,9222.053778,batch-000036,8,9222.043426,0.0,0.005346,13080644915499,0.005006
V2C-0229,C2_RAG_EXISTENCE_CHECK,13099143157605,9275.88867,batch-000037,8,9275.87868,0.0,0.005501,13089867278925,0.004489
V2C-0263,C2_RAG_EXISTENCE_CHECK,13099143157605,9275.889785,batch-000037,8,9275.87868,0.0,0.006381,13089867278925,0.004724
V2C-0265,C2_RAG_EXISTENCE_CHECK,13099143157605,9275.889392000001,batch-000037,8,9275.87868,0.0,0.005918,13089867278925,0.004794
V2C-0274,C2_RAG_EXISTENCE_CHECK,13099143157605,9275.889025,batch-000037,8,9275.87868,0.0,0.006007,13089867278925,0.004338
V2C-0276,C2_RAG_EXISTENCE_CHECK,13099143157605,9275.888759,batch-000037,8,9275.87868,0.0,0.005614,13089867278925,0.004465
V2C-0297,C2_RAG_EXISTENCE_CHECK,13099143157605,9275.888511,batch-000037,8,9275.87868,0.0,0.005416,13089867278925,0.004415
V2C-0298,C2_RAG_EXISTENCE_CHECK,13099143157605,9275.888819,batch-000037,8,9275.87868,0.0,0.005509,13089867278925,0.00463
V2C-0300,C2_RAG_EXISTENCE_CHECK,13099143157605,9275.888610999998,batch-000037,8,9275.87868,0.0,0.005302,13089867278925,0.004629
V2C-0328,C2_RAG_EXISTENCE_CHECK,13108362172132,9218.757732,batch-000038,8,9218.747065,0.0,0.005397,13099143425067,0.00527
V2C-0342,C2_RAG_EXISTENCE_CHECK,13108362172132,9218.757109,batch-000038,8,9218.747065,0.0,0.005385,13099143425067,0.004659
V2C-0348,C2_RAG_EXISTENCE_CHECK,13108362172132,9218.756811,batch-000038,8,9218.747065,0.0,0.005324,13099143425067,0.004422
V2C-0351,C2_RAG_EXISTENCE_CHECK,13108362172132,9218.75727,batch-000038,8,9218.747065,0.0,0.005673,13099143425067,0.004532
V2C-0354,C2_RAG_EXISTENCE_CHECK,13108362172132,9218.757141,batch-000038,8,9218.747065,0.0,0.005504,13099143425067,0.004572
V2C-0357,C2_RAG_EXISTENCE_CHECK,13108362172132,9218.757049,batch-000038,8,9218.747065,0.0,0.005459,13099143425067,0.004525
V2C-0360,C2_RAG_EXISTENCE_CHECK,13108362172132,9218.758144,batch-000038,8,9218.747065,0.0,0.006193,13099143425067,0.004886
V2C-0365,C2_RAG_EXISTENCE_CHECK,13108362172132,9218.775122,batch-000038,8,9218.747065,0.0,0.005882,13099143425067,0.022175
V2C-0369,C2_RAG_EXISTENCE_CHECK,13117564167827,9201.698451999999,batch-000039,8,9201.688057,0.0,0.00565,13108362479770,0.004745
V2C-0370,C2_RAG_EXISTENCE_CHECK,13117564167827,9201.698636,batch-000039,8,9201.688057,0.0,0.005434,13108362479770,0.005145
V2C-0374,C2_RAG_EXISTENCE_CHECK,13117564167827,9201.698036,batch-000039,8,9201.688057,0.0,0.005488,13108362479770,0.004491
V2C-0380,C2_RAG_EXISTENCE_CHECK,13117564167827,9201.69785,batch-000039,8,9201.688057,0.0,0.005386,13108362479770,0.004407
V2C-0384,C2_RAG_EXISTENCE_CHECK,13117564167827,9201.699401,batch-000039,8,9201.688057,0.0,0.006137,13108362479770,0.005207
V2C-0396,C2_RAG_EXISTENCE_CHECK,13117564167827,9201.698217,batch-000039,8,9201.688057,0.0,0.005793,13108362479770,0.004367
V2C-0399,C2_RAG_EXISTENCE_CHECK,13117564167827,9201.698156999999,batch-000039,8,9201.688057,0.0,0.005587,13108362479770,0.004513
V2C-0400,C2_RAG_EXISTENCE_CHECK,13117564167827,9201.697979999999,batch-000039,8,9201.688057,0.0,0.005421,13108362479770,0.004502
V2C-0401,C2_RAG_EXISTENCE_CHECK,13126917161853,9352.730458,batch-000040,8,9352.720279,0.0,0.005515,13117564441574,0.004664
V2C-0403,C2_RAG_EXISTENCE_CHECK,13126917161853,9352.730942,batch-000040,8,9352.720279,0.0,0.006003,13117564441574,0.00466
V2C-0409,C2_RAG_EXISTENCE_CHECK,13126917161853,9352.731584,batch-000040,8,9352.720279,0.0,0.006268,13117564441574,0.005037
V2C-0415,C2_RAG_EXISTENCE_CHECK,13126917161853,9352.730759,batch-000040,8,9352.720279,0.0,0.005852,13117564441574,0.004628
V2C-0418,C2_RAG_EXISTENCE_CHECK,13126917161853,9352.731117,batch-000040,8,9352.720279,0.0,0.006222,13117564441574,0.004616
V2C-0424,C2_RAG_EXISTENCE_CHECK,13126917161853,9352.730891,batch-000040,8,9352.720279,0.0,0.005823,13117564441574,0.004789
V2C-0427,C2_RAG_EXISTENCE_CHECK,13126917161853,9352.730152999999,batch-000040,8,9352.720279,0.0,0.005446,13117564441574,0.004428
V2C-0430,C2_RAG_EXISTENCE_CHECK,13126917161853,9352.730450000001,batch-000040,8,9352.720279,0.0,0.005784,13117564441574,0.004387
V2C-0431,C2_RAG_EXISTENCE_CHECK,13136278929953,9361.53154,batch-000041,8,9361.521524,0.0,0.005515,13126917408429,0.004501
V2C-0458,C2_RAG_EXISTENCE_CHECK,13136278929953,9361.531431000001,batch-000041,8,9361.521524,0.0,0.005553,13126917408429,0.004354
V2C-0462,C2_RAG_EXISTENCE_CHECK,13136278929953,9361.531567999999,batch-000041,8,9361.521524,0.0,0.0055,13126917408429,0.004544
V2C-0478,C2_RAG_EXISTENCE_CHECK,13136278929953,9361.531518,batch-000041,8,9361.521524,0.0,0.005548,13126917408429,0.004446
V2C-0487,C2_RAG_EXISTENCE_CHECK,13136278929953,9361.532238,batch-000041,8,9361.521524,0.0,0.005831,13126917408429,0.004883
V2C-0502,C2_RAG_EXISTENCE_CHECK,13136278929953,9361.531449,batch-000041,8,9361.521524,0.0,0.005459,13126917408429,0.004466
V2C-0505,C2_RAG_EXISTENCE_CHECK,13136278929953,9361.531828,batch-000041,8,9361.521524,0.0,0.005908,13126917408429,0.004396
V2C-0512,C2_RAG_EXISTENCE_CHECK,13136278929953,9361.531705,batch-000041,8,9361.521524,0.0,0.005561,13126917408429,0.00462
V2C-0528,C2_RAG_EXISTENCE_CHECK,13145476184718,9196.980699000002,batch-000042,8,9196.970201,0.0,0.005665,13136279214517,0.004833
V2C-0530,C2_RAG_EXISTENCE_CHECK,13145476184718,9196.980473000001,batch-000042,8,9196.970201,0.0,0.005757,13136279214517,0.004515
V2C-0532,C2_RAG_EXISTENCE_CHECK,13145476184718,9196.980575,batch-000042,8,9196.970201,0.0,0.005462,13136279214517,0.004912
V2C-0533,C2_RAG_EXISTENCE_CHECK,13145476184718,9196.980793,batch-000042,8,9196.970201,0.0,0.005947,13136279214517,0.004645
V2C-0536,C2_RAG_EXISTENCE_CHECK,13145476184718,9196.993631000001,batch-000042,8,9196.970201,0.0,0.005488,13136279214517,0.017942
V2C-0560,C2_RAG_EXISTENCE_CHECK,13145476184718,9196.983615,batch-000042,8,9196.970201,0.0,0.0055,13136279214517,0.007914
V2C-0575,C2_RAG_EXISTENCE_CHECK,13145476184718,9196.98098,batch-000042,8,9196.970201,0.0,0.005338,13136279214517,0.005441
V2C-0589,C2_RAG_EXISTENCE_CHECK,13145476184718,9196.980978,batch-000042,8,9196.970201,0.0,0.005969,13136279214517,0.004808
V2C-0604,C2_RAG_EXISTENCE_CHECK,13154714132734,9237.674204,batch-000043,8,9237.663876,0.0,0.005706,13145476468858,0.004622
V2C-0606,C2_RAG_EXISTENCE_CHECK,13154714132734,9237.673931,batch-000043,8,9237.663876,0.0,0.005409,13145476468858,0.004646
V2C-0611,C2_RAG_EXISTENCE_CHECK,13154714132734,9237.673587000001,batch-000043,8,9237.663876,0.0,0.005239,13145476468858,0.004472
V2C-0615,C2_RAG_EXISTENCE_CHECK,13154714132734,9237.674539000001,batch-000043,8,9237.663876,0.0,0.00583,13145476468858,0.004833
V2C-0617,C2_RAG_EXISTENCE_CHECK,13154714132734,9237.674252,batch-000043,8,9237.663876,0.0,0.005425,13145476468858,0.004951
V2C-0621,C2_RAG_EXISTENCE_CHECK,13154714132734,9237.674321,batch-000043,8,9237.663876,0.0,0.005873,13145476468858,0.004572
V2C-0630,C2_RAG_EXISTENCE_CHECK,13154714132734,9237.674095,batch-000043,8,9237.663876,0.0,0.005434,13145476468858,0.004785
V2C-0632,C2_RAG_EXISTENCE_CHECK,13154714132734,9237.674051,batch-000043,8,9237.663876,0.0,0.005447,13145476468858,0.004728
V2C-0635,C2_RAG_EXISTENCE_CHECK,13164140120049,9425.747192,batch-000044,8,9425.737182,0.0,0.005507,13154714382867,0.004503
V2C-0653,C2_RAG_EXISTENCE_CHECK,13164140120049,9425.747716000002,batch-000044,8,9425.737182,0.0,0.005547,13154714382867,0.004987
V2C-0658,C2_RAG_EXISTENCE_CHECK,13164140120049,9425.747028000002,batch-000044,8,9425.737182,0.0,0.005432,13154714382867,0.004414
V2C-0670,C2_RAG_EXISTENCE_CHECK,13164140120049,9425.747389,batch-000044,8,9425.737182,0.0,0.005791,13154714382867,0.004416
V2C-0674,C2_RAG_EXISTENCE_CHECK,13164140120049,9425.746894000002,batch-000044,8,9425.737182,0.0,0.005369,13154714382867,0.004343
V2C-0681,C2_RAG_EXISTENCE_CHECK,13164140120049,9425.747513,batch-000044,8,9425.737182,0.0,0.005668,13154714382867,0.004663
V2C-0698,C2_RAG_EXISTENCE_CHECK,13164140120049,9425.747095,batch-000044,8,9425.737182,0.0,0.005509,13154714382867,0.004404
V2C-0700,C2_RAG_EXISTENCE_CHECK,13164140120049,9425.747646,batch-000044,8,9425.737182,0.0,0.005474,13154714382867,0.00499
V2C-0701,C2_RAG_EXISTENCE_CHECK,13173464819789,9324.453087,batch-000045,8,9324.443073,0.0,0.005371,13164140376716,0.004643
V2C-0708,C2_RAG_EXISTENCE_CHECK,13173464819789,9324.470917,batch-000045,8,9324.443073,0.0,0.005539,13164140376716,0.022305
V2C-0714,C2_RAG_EXISTENCE_CHECK,13173464819789,9324.456321000001,batch-000045,8,9324.443073,0.0,0.005202,13164140376716,0.008046
V2C-0717,C2_RAG_EXISTENCE_CHECK,13173464819789,9324.462102,batch-000045,8,9324.443073,0.0,0.005505,13164140376716,0.013524
V2C-0718,C2_RAG_EXISTENCE_CHECK,13173464819789,9324.455995,batch-000045,8,9324.443073,0.0,0.00538,13164140376716,0.007542
V2C-0722,C2_RAG_EXISTENCE_CHECK,13173464819789,9324.47017,batch-000045,8,9324.443073,0.0,0.005266,13164140376716,0.021831
V2C-0729,C2_RAG_EXISTENCE_CHECK,13173464819789,9324.456658,batch-000045,8,9324.443073,0.0,0.005414,13164140376716,0.008171
V2C-0735,C2_RAG_EXISTENCE_CHECK,13173464819789,9324.453665000001,batch-000045,8,9324.443073,0.0,0.005304,13164140376716,0.005288
V2C-0738,C2_RAG_EXISTENCE_CHECK,13182596147415,9131.094201,batch-000046,8,9131.08341,0.0,0.005238,13173465064005,0.005553
V2C-0744,C2_RAG_EXISTENCE_CHECK,13182596147415,9131.093733999998,batch-000046,8,9131.08341,0.0,0.005317,13173465064005,0.005007
V2C-0745,C2_RAG_EXISTENCE_CHECK,13182596147415,9131.093499999999,batch-000046,8,9131.08341,0.0,0.005333,13173465064005,0.004757
V2C-0757,C2_RAG_EXISTENCE_CHECK,13182596147415,9131.094546999999,batch-000046,8,9131.08341,0.0,0.005342,13173465064005,0.005795
V2C-0761,C2_RAG_EXISTENCE_CHECK,13182596147415,9131.093848999999,batch-000046,8,9131.08341,0.0,0.00572,13173465064005,0.004719
V2C-0767,C2_RAG_EXISTENCE_CHECK,13182596147415,9131.093782,batch-000046,8,9131.08341,0.0,0.005416,13173465064005,0.004956
V2C-0772,C2_RAG_EXISTENCE_CHECK,13182596147415,9131.093468,batch-000046,8,9131.08341,0.0,0.005277,13173465064005,0.004781
V2C-0773,C2_RAG_EXISTENCE_CHECK,13182596147415,9131.093579999999,batch-000046,8,9131.08341,0.0,0.005455,13173465064005,0.004715
V2C-0787,C2_RAG_EXISTENCE_CHECK,13192011090935,9414.685375,batch-000047,8,9414.675512,0.0,0.005178,13182596415423,0.004685
V2C-0790,C2_RAG_EXISTENCE_CHECK,13192011090935,9414.686183,batch-000047,8,9414.675512,0.0,0.005403,13182596415423,0.005268
V2C-0795,C2_RAG_EXISTENCE_CHECK,13192011090935,9414.685803,batch-000047,8,9414.675512,0.0,0.005654,13182596415423,0.004637
V2C-0796,C2_RAG_EXISTENCE_CHECK,13192011090935,9414.685823,batch-000047,8,9414.675512,0.0,0.00546,13182596415423,0.004851
V2C-0797,C2_RAG_EXISTENCE_CHECK,13192011090935,9414.685767,batch-000047,8,9414.675512,0.0,0.005493,13182596415423,0.004762
V2C-0801,C2_RAG_EXISTENCE_CHECK,13192011090935,9414.797895,batch-000047,8,9414.675512,0.0,0.110303,13182596415423,0.01208
V2C-0803,C2_RAG_EXISTENCE_CHECK,13192011090935,9414.694073,batch-000047,8,9414.675512,0.0,0.00603,13182596415423,0.012531
V2C-0811,C2_RAG_EXISTENCE_CHECK,13192011090935,9414.689908,batch-000047,8,9414.675512,0.0,0.005252,13182596415423,0.009144
V2C-0813,C2_RAG_EXISTENCE_CHECK,13201425564638,9414.074406,batch-000048,8,9414.062159,0.0,0.005358,13192011502479,0.006889
V2C-0815,C2_RAG_EXISTENCE_CHECK,13201425564638,9414.072411999998,batch-000048,8,9414.062159,0.0,0.005194,13192011502479,0.005059
V2C-0827,C2_RAG_EXISTENCE_CHECK,13201425564638,9414.072897999999,batch-000048,8,9414.062159,0.0,0.005749,13192011502479,0.00499
V2C-0835,C2_RAG_EXISTENCE_CHECK,13201425564638,9414.072138999998,batch-000048,8,9414.062159,0.0,0.005274,13192011502479,0.004706
V2C-0839,C2_RAG_EXISTENCE_CHECK,13201425564638,9414.072057,batch-000048,8,9414.062159,0.0,0.00523,13192011502479,0.004668
V2C-0842,C2_RAG_EXISTENCE_CHECK,13201425564638,9414.072424,batch-000048,8,9414.062159,0.0,0.005476,13192011502479,0.004789
V2C-0844,C2_RAG_EXISTENCE_CHECK,13201425564638,9414.072998999998,batch-000048,8,9414.062159,0.0,0.005435,13192011502479,0.005405
V2C-0847,C2_RAG_EXISTENCE_CHECK,13201425564638,9414.072754,batch-000048,8,9414.062159,0.0,0.005451,13192011502479,0.005144
V2C-0850,C2_RAG_EXISTENCE_CHECK,13210629958086,9204.146705,batch-000049,8,9204.136583,0.0,0.005376,13201425821503,0.004746
V2C-0851,C2_RAG_EXISTENCE_CHECK,13210629958086,9204.146496,batch-000049,8,9204.136583,0.0,0.00529,13201425821503,0.004623
V2C-0859,C2_RAG_EXISTENCE_CHECK,13210629958086,9204.146761,batch-000049,8,9204.136583,0.0,0.005294,13201425821503,0.004884
V2C-0862,C2_RAG_EXISTENCE_CHECK,13210629958086,9204.146648,batch-000049,8,9204.136583,0.0,0.005461,13201425821503,0.004604
V2C-0863,C2_RAG_EXISTENCE_CHECK,13210629958086,9204.146937,batch-000049,8,9204.136583,0.0,0.005494,13201425821503,0.00486
V2C-0867,C2_RAG_EXISTENCE_CHECK,13210629958086,9204.147015,batch-000049,8,9204.136583,0.0,0.005508,13201425821503,0.004924
V2C-0881,C2_RAG_EXISTENCE_CHECK,13210629958086,9204.146589,batch-000049,8,9204.136583,0.0,0.005316,13201425821503,0.00469
V2C-0886,C2_RAG_EXISTENCE_CHECK,13210629958086,9204.146461,batch-000049,8,9204.136583,0.0,0.005294,13201425821503,0.004584
V2C-0900,C2_RAG_EXISTENCE_CHECK,13219867218083,9236.912285,batch-000050,8,9236.901485,0.0,0.005273,13210630316598,0.005527
V2C-0901,C2_RAG_EXISTENCE_CHECK,13219867218083,9236.911952,batch-000050,8,9236.901485,0.0,0.005496,13210630316598,0.004971
V2C-0902,C2_RAG_EXISTENCE_CHECK,13219867218083,9236.922695000001,batch-000050,8,9236.901485,0.0,0.005907,13210630316598,0.015303
V2C-0903,C2_RAG_EXISTENCE_CHECK,13219867218083,9236.916197,batch-000050,8,9236.901485,0.0,0.005471,13210630316598,0.009241
V2C-0904,C2_RAG_EXISTENCE_CHECK,13219867218083,9236.974227,batch-000050,8,9236.901485,0.0,0.067463,13210630316598,0.005279
V2C-0907,C2_RAG_EXISTENCE_CHECK,13219867218083,9236.91496,batch-000050,8,9236.901485,0.0,0.008502,13210630316598,0.004973
V2C-0908,C2_RAG_EXISTENCE_CHECK,13219867218083,9236.913145,batch-000050,8,9236.901485,0.0,0.007009,13210630316598,0.004651
V2C-0909,C2_RAG_EXISTENCE_CHECK,13219867218083,9236.911772000001,batch-000050,8,9236.901485,0.0,0.005408,13210630316598,0.004879
V2C-0911,C2_RAG_EXISTENCE_CHECK,13229232047483,9364.592099000001,batch-000051,8,9364.581479,0.0,0.005337,13219867466004,0.005283
V2C-0912,C2_RAG_EXISTENCE_CHECK,13229232047483,9364.591864,batch-000051,8,9364.581479,0.0,0.005594,13219867466004,0.004791
V2C-0913,C2_RAG_EXISTENCE_CHECK,13229232047483,9364.592193,batch-000051,8,9364.581479,0.0,0.005873,13219867466004,0.004841
V2C-0914,C2_RAG_EXISTENCE_CHECK,13229232047483,9364.59174,batch-000051,8,9364.581479,0.0,0.005511,13219867466004,0.00475
V2C-0915,C2_RAG_EXISTENCE_CHECK,13229232047483,9364.591236000002,batch-000051,8,9364.581479,0.0,0.00515,13219867466004,0.004607
V2C-0916,C2_RAG_EXISTENCE_CHECK,13229232047483,9364.591704,batch-000051,8,9364.581479,0.0,0.005526,13219867466004,0.004699
V2C-0917,C2_RAG_EXISTENCE_CHECK,13229232047483,9364.591881999999,batch-000051,8,9364.581479,0.0,0.005344,13219867466004,0.005059
V2C-0918,C2_RAG_EXISTENCE_CHECK,13229232047483,9364.591429,batch-000051,8,9364.581479,0.0,0.005199,13219867466004,0.004751
V2C-0919,C2_RAG_EXISTENCE_CHECK,13238586627307,9354.315949999998,batch-000052,8,9354.305901,0.0,0.005189,13229232321406,0.00486
V2C-0921,C2_RAG_EXISTENCE_CHECK,13238586627307,9354.315961999999,batch-000052,8,9354.305901,0.0,0.005394,13229232321406,0.004667
V2C-0922,C2_RAG_EXISTENCE_CHECK,13238586627307,9354.315884,batch-000052,8,9354.305901,0.0,0.005273,13229232321406,0.00471
V2C-0923,C2_RAG_EXISTENCE_CHECK,13238586627307,9354.316096,batch-000052,8,9354.305901,0.0,0.005547,13229232321406,0.004648
V2C-0925,C2_RAG_EXISTENCE_CHECK,13238586627307,9354.316502,batch-000052,8,9354.305901,0.0,0.005268,13229232321406,0.005333
V2C-0926,C2_RAG_EXISTENCE_CHECK,13238586627307,9354.315854999999,batch-000052,8,9354.305901,0.0,0.005226,13229232321406,0.004728
V2C-0927,C2_RAG_EXISTENCE_CHECK,13238586627307,9354.315816,batch-000052,8,9354.305901,0.0,0.005182,13229232321406,0.004733
V2C-0928,C2_RAG_EXISTENCE_CHECK,13238586627307,9354.328421999999,batch-000052,8,9354.305901,0.0,0.0052,13229232321406,0.017321
V2C-0929,C2_RAG_EXISTENCE_CHECK,13248171646216,9584.594364999999,batch-000053,8,9584.581993,0.0,0.005216,13238587064223,0.007156
V2C-0930,C2_RAG_EXISTENCE_CHECK,13248171646216,9584.592564,batch-000053,8,9584.581993,0.0,0.00531,13238587064223,0.005261
V2C-0931,C2_RAG_EXISTENCE_CHECK,13248171646216,9584.592816999999,batch-000053,8,9584.581993,0.0,0.005537,13238587064223,0.005287
V2C-0932,C2_RAG_EXISTENCE_CHECK,13248171646216,9584.592480000001,batch-000053,8,9584.581993,0.0,0.005665,13238587064223,0.004822
V2C-0935,C2_RAG_EXISTENCE_CHECK,13248171646216,9584.591921000001,batch-000053,8,9584.581993,0.0,0.005327,13238587064223,0.004601
V2C-0936,C2_RAG_EXISTENCE_CHECK,13248171646216,9584.592054,batch-000053,8,9584.581993,0.0,0.005213,13238587064223,0.004848
V2C-0937,C2_RAG_EXISTENCE_CHECK,13248171646216,9584.592053,batch-000053,8,9584.581993,0.0,0.005351,13238587064223,0.004709
V2C-0938,C2_RAG_EXISTENCE_CHECK,13248171646216,9584.59223,batch-000053,8,9584.581993,0.0,0.005384,13238587064223,0.004853
V2C-0940,C2_RAG_EXISTENCE_CHECK,13257761862203,9589.916231000001,batch-000054,8,9589.905586,0.0,0.005315,13248171956617,0.00533
V2C-0941,C2_RAG_EXISTENCE_CHECK,13257761862203,9589.91574,batch-000054,8,9589.905586,0.0,0.005368,13248171956617,0.004786
V2C-0942,C2_RAG_EXISTENCE_CHECK,13257761862203,9589.915383000001,batch-000054,8,9589.905586,0.0,0.005198,13248171956617,0.004599
V2C-0944,C2_RAG_EXISTENCE_CHECK,13257761862203,9589.915304000002,batch-000054,8,9589.905586,0.0,0.005182,13248171956617,0.004536
V2C-0945,C2_RAG_EXISTENCE_CHECK,13257761862203,9589.915554000001,batch-000054,8,9589.905586,0.0,0.005314,13248171956617,0.004654
V2C-0947,C2_RAG_EXISTENCE_CHECK,13257761862203,9589.915605,batch-000054,8,9589.905586,0.0,0.005366,13248171956617,0.004653
V2C-0949,C2_RAG_EXISTENCE_CHECK,13257761862203,9589.91665,batch-000054,8,9589.905586,0.0,0.005838,13248171956617,0.005226
V2C-0950,C2_RAG_EXISTENCE_CHECK,13257761862203,9589.915532,batch-000054,8,9589.905586,0.0,0.005141,13248171956617,0.004805
V2C-0953,C2_RAG_EXISTENCE_CHECK,13267128559039,9366.443227,batch-000055,8,9366.433392,0.0,0.005194,13257762125647,0.004641
V2C-0954,C2_RAG_EXISTENCE_CHECK,13267128559039,9366.451744,batch-000055,8,9366.433392,0.0,0.005645,13257762125647,0.012707
V2C-0955,C2_RAG_EXISTENCE_CHECK,13267128559039,9366.449418,batch-000055,8,9366.433392,0.0,0.005099,13257762125647,0.010927
V2C-0957,C2_RAG_EXISTENCE_CHECK,13267128559039,9366.444277000002,batch-000055,8,9366.433392,0.0,0.00516,13257762125647,0.005725
V2C-0958,C2_RAG_EXISTENCE_CHECK,13267128559039,9366.443733,batch-000055,8,9366.433392,0.0,0.005427,13257762125647,0.004914
V2C-0960,C2_RAG_EXISTENCE_CHECK,13267128559039,9366.443536,batch-000055,8,9366.433392,0.0,0.005339,13257762125647,0.004805
V2C-0961,C2_RAG_EXISTENCE_CHECK,13267128559039,9366.443329000002,batch-000055,8,9366.433392,0.0,0.00531,13257762125647,0.004627
V2C-0965,C2_RAG_EXISTENCE_CHECK,13267128559039,9366.443564000001,batch-000055,8,9366.433392,0.0,0.005357,13257762125647,0.004815
V2C-0966,C2_RAG_EXISTENCE_CHECK,13276096535788,8967.667146,batch-000056,8,8967.657084,0.0,0.005239,13267128878704,0.004823
V2C-0969,C2_RAG_EXISTENCE_CHECK,13276096535788,8967.667316000001,batch-000056,8,8967.657084,0.0,0.005257,13267128878704,0.004975
V2C-0970,C2_RAG_EXISTENCE_CHECK,13276096535788,8967.667323000001,batch-000056,8,8967.657084,0.0,0.005224,13267128878704,0.005015
V2C-0972,C2_RAG_EXISTENCE_CHECK,13276096535788,8967.666802000002,batch-000056,8,8967.657084,0.0,0.005139,13267128878704,0.004579
V2C-0973,C2_RAG_EXISTENCE_CHECK,13276096535788,8967.66748,batch-000056,8,8967.657084,0.0,0.005523,13267128878704,0.004873
V2C-0974,C2_RAG_EXISTENCE_CHECK,13276096535788,8967.667317,batch-000056,8,8967.657084,0.0,0.005274,13267128878704,0.004959
V2C-0976,C2_RAG_EXISTENCE_CHECK,13276096535788,8967.667094,batch-000056,8,8967.657084,0.0,0.005282,13267128878704,0.004728
V2C-0977,C2_RAG_EXISTENCE_CHECK,13276096535788,8967.66745,batch-000056,8,8967.657084,0.0,0.00544,13267128878704,0.004926
V2C-0978,C2_RAG_EXISTENCE_CHECK,13285308050994,9211.263125000001,batch-000057,8,9211.252974,0.0,0.005117,13276096798020,0.005034
V2C-0979,C2_RAG_EXISTENCE_CHECK,13285308050994,9211.263582000001,batch-000057,8,9211.252974,0.0,0.005465,13276096798020,0.005143
V2C-0980,C2_RAG_EXISTENCE_CHECK,13285308050994,9211.263161,batch-000057,8,9211.252974,0.0,0.005395,13276096798020,0.004792
V2C-0981,C2_RAG_EXISTENCE_CHECK,13285308050994,9211.262979,batch-000057,8,9211.252974,0.0,0.005247,13276096798020,0.004758
V2C-0982,C2_RAG_EXISTENCE_CHECK,13285308050994,9211.263109000001,batch-000057,8,9211.252974,0.0,0.005216,13276096798020,0.004919
V2C-0988,C2_RAG_EXISTENCE_CHECK,13285308050994,9211.262765000001,batch-000057,8,9211.252974,0.0,0.005196,13276096798020,0.004595
V2C-0989,C2_RAG_EXISTENCE_CHECK,13285308050994,9211.271341000001,batch-000057,8,9211.252974,0.0,0.005279,13276096798020,0.013088
V2C-0990,C2_RAG_EXISTENCE_CHECK,13285308050994,9211.264210000001,batch-000057,8,9211.252974,0.0,0.005348,13276096798020,0.005888
V2C-0991,C2_RAG_EXISTENCE_CHECK,13294907348505,9599.025323,batch-000058,8,9599.014985,0.0,0.005354,13285308333520,0.004984
V2C-0994,C2_RAG_EXISTENCE_CHECK,13294907348505,9599.025454999999,batch-000058,8,9599.014985,0.0,0.005392,13285308333520,0.005078
V2C-0996,C2_RAG_EXISTENCE_CHECK,13294907348505,9599.025266,batch-000058,8,9599.014985,0.0,0.005294,13285308333520,0.004987
V2C-0999,C2_RAG_EXISTENCE_CHECK,13294907348505,9599.024964,batch-000058,8,9599.014985,0.0,0.005214,13285308333520,0.004765
V2C-1000,C2_RAG_EXISTENCE_CHECK,13294907348505,9599.021901999999,batch-000058,8,9599.014985,0.0,0.004184,13285308333520,0.002733
V2C-1001,C2_RAG_EXISTENCE_CHECK,13294907348505,9599.021404,batch-000058,8,9599.014985,0.0,0.00378,13285308333520,0.002639
V2C-1002,C2_RAG_EXISTENCE_CHECK,13294907348505,9599.021395999998,batch-000058,8,9599.014985,0.0,0.003539,13285308333520,0.002872
V2C-1003,C2_RAG_EXISTENCE_CHECK,13294907348505,9599.022699,batch-000058,8,9599.014985,0.0,0.00347,13285308333520,0.004244
V2C-1010,C2_RAG_EXISTENCE_CHECK,13302483572222,7575.917416,batch-000059,8,7575.91106,0.0,0.003803,13294907661162,0.002553
V2C-1011,C2_RAG_EXISTENCE_CHECK,13302483572222,7575.918502,batch-000059,8,7575.91106,0.0,0.003656,13294907661162,0.003786
V2C-1012,C2_RAG_EXISTENCE_CHECK,13302483572222,7575.917778000001,batch-000059,8,7575.91106,0.0,0.004208,13294907661162,0.00251
V2C-1013,C2_RAG_EXISTENCE_CHECK,13302483572222,7575.916807,batch-000059,8,7575.91106,0.0,0.003279,13294907661162,0.002468
V2C-1014,C2_RAG_EXISTENCE_CHECK,13302483572222,7575.9169440000005,batch-000059,8,7575.91106,0.0,0.003386,13294907661162,0.002498
V2C-1015,C2_RAG_EXISTENCE_CHECK,13302483572222,7575.918678000001,batch-000059,8,7575.91106,0.0,0.003775,13294907661162,0.003843
V2C-1016,C2_RAG_EXISTENCE_CHECK,13302483572222,7575.917418000001,batch-000059,8,7575.91106,0.0,0.003757,13294907661162,0.002601
V2C-1017,C2_RAG_EXISTENCE_CHECK,13302483572222,7575.916894000001,batch-000059,8,7575.91106,0.0,0.003335,13294907661162,0.002499
V2C-1019,C2_RAG_EXISTENCE_CHECK,13310146500228,7662.652899000001,batch-000060,8,7662.645582,0.0,0.003332,13302483854646,0.003985
V2C-1020,C2_RAG_EXISTENCE_CHECK,13310146500228,7662.651813,batch-000060,8,7662.645582,0.0,0.003703,13302483854646,0.002528
V2C-1022,C2_RAG_EXISTENCE_CHECK,13310146500228,7662.65153,batch-000060,8,7662.645582,0.0,0.003507,13302483854646,0.002441
V2C-1024,C2_RAG_EXISTENCE_CHECK,13310146500228,7662.6515340000005,batch-000060,8,7662.645582,0.0,0.003415,13302483854646,0.002537
V2C-1025,C2_RAG_EXISTENCE_CHECK,13310146500228,7662.651448,batch-000060,8,7662.645582,0.0,0.0034,13302483854646,0.002466
V2C-1026,C2_RAG_EXISTENCE_CHECK,13310146500228,7662.6514210000005,batch-000060,8,7662.645582,0.0,0.003356,13302483854646,0.002483
V2C-1028,C2_RAG_EXISTENCE_CHECK,13310146500228,7662.651478,batch-000060,8,7662.645582,0.0,0.003465,13302483854646,0.002431
V2C-1030,C2_RAG_EXISTENCE_CHECK,13310146500228,7662.651648999999,batch-000060,8,7662.645582,0.0,0.003647,13302483854646,0.00242
V2C-1032,C2_RAG_EXISTENCE_CHECK,13321605826296,11459.032515,batch-000061,8,11459.0259,0.0,0.003724,13310146800396,0.002891
V2C-1033,C2_RAG_EXISTENCE_CHECK,13321605826296,11459.045888,batch-000061,8,11459.0259,0.0,0.003705,13310146800396,0.016283
V2C-1035,C2_RAG_EXISTENCE_CHECK,13321605826296,11459.033461,batch-000061,8,11459.0259,0.0,0.003672,13310146800396,0.003889
V2C-1036,C2_RAG_EXISTENCE_CHECK,13321605826296,11459.03169,batch-000061,8,11459.0259,0.0,0.003314,13310146800396,0.002476
V2C-1037,C2_RAG_EXISTENCE_CHECK,13321605826296,11459.055550000001,batch-000061,8,11459.0259,0.0,0.003326,13310146800396,0.026324
V2C-1039,C2_RAG_EXISTENCE_CHECK,13321605826296,11459.033411999999,batch-000061,8,11459.0259,0.0,0.003689,13310146800396,0.003823
V2C-1040,C2_RAG_EXISTENCE_CHECK,13321605826296,11459.031912,batch-000061,8,11459.0259,0.0,0.003461,13310146800396,0.002551
V2C-1043,C2_RAG_EXISTENCE_CHECK,13321605826296,11459.033278,batch-000061,8,11459.0259,0.0,0.003676,13310146800396,0.003702
V2C-1045,C2_RAG_EXISTENCE_CHECK,13329038535989,7432.47018,batch-000062,8,7432.464308,0.0,0.003418,13321606071681,0.002454
V2C-1046,C2_RAG_EXISTENCE_CHECK,13329038535989,7432.470319,batch-000062,8,7432.464308,0.0,0.003547,13321606071681,0.002464
V2C-1047,C2_RAG_EXISTENCE_CHECK,13329038535989,7432.475458999999,batch-000062,8,7432.464308,0.0,0.003502,13321606071681,0.007649
V2C-1049,C2_RAG_EXISTENCE_CHECK,13329038535989,7432.47195,batch-000062,8,7432.464308,0.0,0.003321,13321606071681,0.004321
V2C-1050,C2_RAG_EXISTENCE_CHECK,13329038535989,7432.47365,batch-000062,8,7432.464308,0.0,0.003398,13321606071681,0.005944
V2C-1055,C2_RAG_EXISTENCE_CHECK,13329038535989,7432.470910999999,batch-000062,8,7432.464308,0.0,0.003571,13321606071681,0.003032
V2C-1057,C2_RAG_EXISTENCE_CHECK,13329038535989,7432.47119,batch-000062,8,7432.464308,0.0,0.004068,13321606071681,0.002814
V2C-1061,C2_RAG_EXISTENCE_CHECK,13329038535989,7432.47027,batch-000062,8,7432.464308,0.0,0.003332,13321606071681,0.00263
V2C-1065,C2_RAG_EXISTENCE_CHECK,13336631055440,7592.243913,batch-000063,8,7592.238105,0.0,0.003326,13329038817335,0.002482
V2C-1070,C2_RAG_EXISTENCE_CHECK,13336631055440,7592.246136000001,batch-000063,8,7592.238105,0.0,0.003638,13329038817335,0.004393
V2C-1074,C2_RAG_EXISTENCE_CHECK,13336631055440,7592.24545,batch-000063,8,7592.238105,0.0,0.003389,13329038817335,0.003956
V2C-1076,C2_RAG_EXISTENCE_CHECK,13336631055440,7592.2454370000005,batch-000063,8,7592.238105,0.0,0.00349,13329038817335,0.003842
V2C-1077,C2_RAG_EXISTENCE_CHECK,13336631055440,7592.244136,batch-000063,8,7592.238105,0.0,0.003514,13329038817335,0.002517
V2C-1079,C2_RAG_EXISTENCE_CHECK,13336631055440,7592.244346,batch-000063,8,7592.238105,0.0,0.003737,13329038817335,0.002504
V2C-1080,C2_RAG_EXISTENCE_CHECK,13336631055440,7592.245809000001,batch-000063,8,7592.238105,0.0,0.003397,13329038817335,0.004307
V2C-1082,C2_RAG_EXISTENCE_CHECK,13336631055440,7592.245443000001,batch-000063,8,7592.238105,0.0,0.003424,13329038817335,0.003914
V2C-1087,C2_RAG_EXISTENCE_CHECK,13347981784242,11350.501395,batch-000064,8,11350.473794,0.0,0.015673,13336631310448,0.011928
V2C-1088,C2_RAG_EXISTENCE_CHECK,13347981784242,11350.484298000001,batch-000064,8,11350.473794,0.0,0.00659,13336631310448,0.003914
V2C-1091,C2_RAG_EXISTENCE_CHECK,13347981784242,11350.481920999999,batch-000064,8,11350.473794,0.0,0.004087,13336631310448,0.00404
V2C-1093,C2_RAG_EXISTENCE_CHECK,13347981784242,11350.47976,batch-000064,8,11350.473794,0.0,0.00345,13336631310448,0.002516
V2C-1095,C2_RAG_EXISTENCE_CHECK,13347981784242,11350.480984,batch-000064,8,11350.473794,0.0,0.003326,13336631310448,0.003864
V2C-1096,C2_RAG_EXISTENCE_CHECK,13347981784242,11350.481374,batch-000064,8,11350.473794,0.0,0.003704,13336631310448,0.003876
V2C-1104,C2_RAG_EXISTENCE_CHECK,13347981784242,11350.487358,batch-000064,8,11350.473794,0.0,0.003731,13336631310448,0.009833
V2C-1107,C2_RAG_EXISTENCE_CHECK,13347981784242,11350.487331999999,batch-000064,8,11350.473794,0.0,0.003474,13336631310448,0.010064
V2C-1109,C2_RAG_EXISTENCE_CHECK,13359516143097,11534.104632,batch-000065,8,11534.097132,0.0,0.003455,13347982045965,0.004045
V2C-1110,C2_RAG_EXISTENCE_CHECK,13359516143097,11534.130049000001,batch-000065,8,11534.097132,0.0,0.023977,13347982045965,0.00894
V2C-1115,C2_RAG_EXISTENCE_CHECK,13359516143097,11534.109534000001,batch-000065,8,11534.097132,0.0,0.003809,13347982045965,0.008593
V2C-1116,C2_RAG_EXISTENCE_CHECK,13359516143097,11534.104491000002,batch-000065,8,11534.097132,0.0,0.003424,13347982045965,0.003935
V2C-1118,C2_RAG_EXISTENCE_CHECK,13359516143097,11534.104254000002,batch-000065,8,11534.097132,0.0,0.003306,13347982045965,0.003816
V2C-1119,C2_RAG_EXISTENCE_CHECK,13359516143097,11534.103326000002,batch-000065,8,11534.097132,0.0,0.003516,13347982045965,0.002678
V2C-1120,C2_RAG_EXISTENCE_CHECK,13359516143097,11534.114034000002,batch-000065,8,11534.097132,0.0,0.003446,13347982045965,0.013456
V2C-1123,C2_RAG_EXISTENCE_CHECK,13359516143097,11534.104541,batch-000065,8,11534.097132,0.0,0.003402,13347982045965,0.004007
V2C-1127,C2_RAG_EXISTENCE_CHECK,13371922074733,12405.652972000002,batch-000066,8,12405.641127,0.0,0.00329,13359516433606,0.008555
V2C-1128,C2_RAG_EXISTENCE_CHECK,13371922074733,12405.653534000001,batch-000066,8,12405.641127,0.0,0.003658,13359516433606,0.008749
V2C-1130,C2_RAG_EXISTENCE_CHECK,13371922074733,12405.652758,batch-000066,8,12405.641127,0.0,0.003422,13359516433606,0.008209
V2C-1133,C2_RAG_EXISTENCE_CHECK,13371922074733,12405.653107,batch-000066,8,12405.641127,0.0,0.003353,13359516433606,0.008627
V2C-1139,C2_RAG_EXISTENCE_CHECK,13371922074733,12405.647289,batch-000066,8,12405.641127,0.0,0.003319,13359516433606,0.002843
V2C-1141,C2_RAG_EXISTENCE_CHECK,13371922074733,12405.648256,batch-000066,8,12405.641127,0.0,0.003365,13359516433606,0.003764
V2C-1154,C2_RAG_EXISTENCE_CHECK,13371922074733,12405.654835000001,batch-000066,8,12405.641127,0.0,0.006786,13359516433606,0.006922
V2C-1155,C2_RAG_EXISTENCE_CHECK,13371922074733,12405.653255000001,batch-000066,8,12405.641127,0.0,0.005992,13359516433606,0.006136
V2C-1156,C2_RAG_EXISTENCE_CHECK,13381392357379,9470.028143,batch-000067,8,9470.017494,0.0,0.005554,13371922339885,0.005095
V2C-1158,C2_RAG_EXISTENCE_CHECK,13381392357379,9470.027837,batch-000067,8,9470.017494,0.0,0.005354,13371922339885,0.004989
V2C-1160,C2_RAG_EXISTENCE_CHECK,13381392357379,9470.028076999999,batch-000067,8,9470.017494,0.0,0.005243,13371922339885,0.00534
V2C-1162,C2_RAG_EXISTENCE_CHECK,13381392357379,9470.027777,batch-000067,8,9470.017494,0.0,0.005335,13371922339885,0.004948
V2C-1163,C2_RAG_EXISTENCE_CHECK,13381392357379,9470.027351,batch-000067,8,9470.017494,0.0,0.005062,13371922339885,0.004795
V2C-1164,C2_RAG_EXISTENCE_CHECK,13381392357379,9470.028461,batch-000067,8,9470.017494,0.0,0.006247,13371922339885,0.00472
V2C-1171,C2_RAG_EXISTENCE_CHECK,13381392357379,9470.027528999999,batch-000067,8,9470.017494,0.0,0.005411,13371922339885,0.004624
V2C-1173,C2_RAG_EXISTENCE_CHECK,13381392357379,9470.027494,batch-000067,8,9470.017494,0.0,0.005221,13371922339885,0.004779
V2C-1175,C2_RAG_EXISTENCE_CHECK,13390486459757,9093.814902,batch-000068,6,9093.805025,0.0,0.005087,13381392654732,0.00479
V2C-1178,C2_RAG_EXISTENCE_CHECK,13390486459757,9093.815000999999,batch-000068,6,9093.805025,0.0,0.005167,13381392654732,0.004809
V2C-1187,C2_RAG_EXISTENCE_CHECK,13390486459757,9093.814693,batch-000068,6,9093.805025,0.0,0.005041,13381392654732,0.004627
V2C-1190,C2_RAG_EXISTENCE_CHECK,13390486459757,9093.815524999998,batch-000068,6,9093.805025,0.0,0.005435,13381392654732,0.005065
V2C-1194,C2_RAG_EXISTENCE_CHECK,13390486459757,9093.814895,batch-000068,6,9093.805025,0.0,0.005165,13381392654732,0.004705
V2C-1199,C2_RAG_EXISTENCE_CHECK,13390486459757,9093.814793,batch-000068,6,9093.805025,0.0,0.00516,13381392654732,0.004608
EXT-ADVERSARIAL-0002,C3_JSON_SCHEMA_STRUCTURED,13402473862711,11919.157322999998,batch-000000,8,11919.020265,0.0,0.030759,13390554842446,0.106299
EXT-ADVERSARIAL-0003,C3_JSON_SCHEMA_STRUCTURED,13402473862711,11919.060233999999,batch-000000,8,11919.020265,0.0,0.008586,13390554842446,0.031383
EXT-ADVERSARIAL-0005,C3_JSON_SCHEMA_STRUCTURED,13402473862711,11919.049551,batch-000000,8,11919.020265,0.0,0.006192,13390554842446,0.023094
EXT-ADVERSARIAL-0014,C3_JSON_SCHEMA_STRUCTURED,13402473862711,11919.042516,batch-000000,8,11919.020265,0.0,0.005134,13390554842446,0.017117
EXT-ADVERSARIAL-0015,C3_JSON_SCHEMA_STRUCTURED,13402473862711,11919.042274,batch-000000,8,11919.020265,0.0,0.004719,13390554842446,0.01729
EXT-ADVERSARIAL-0018,C3_JSON_SCHEMA_STRUCTURED,13402473862711,11919.040589999999,batch-000000,8,11919.020265,0.0,0.004551,13390554842446,0.015774
EXT-ADVERSARIAL-0021,C3_JSON_SCHEMA_STRUCTURED,13402473862711,11919.037463999999,batch-000000,8,11919.020265,0.0,0.004418,13390554842446,0.012781
EXT-ADVERSARIAL-0025,C3_JSON_SCHEMA_STRUCTURED,13402473862711,11919.036119999999,batch-000000,8,11919.020265,0.0,0.004882,13390554842446,0.010973
EXT-ADVERSARIAL-0026,C3_JSON_SCHEMA_STRUCTURED,13414176669069,11702.51708,batch-000001,8,11702.501165,0.0,0.004789,13402474167904,0.011126
EXT-ADVERSARIAL-0028,C3_JSON_SCHEMA_STRUCTURED,13414176669069,11702.516983,batch-000001,8,11702.501165,0.0,0.004416,13402474167904,0.011402
EXT-ADVERSARIAL-0029,C3_JSON_SCHEMA_STRUCTURED,13414176669069,11702.517467,batch-000001,8,11702.501165,0.0,0.004413,13402474167904,0.011889
EXT-ADVERSARIAL-0031,C3_JSON_SCHEMA_STRUCTURED,13414176669069,11702.510366,batch-000001,8,11702.501165,0.0,0.004669,13402474167904,0.004532
EXT-ADVERSARIAL-0032,C3_JSON_SCHEMA_STRUCTURED,13414176669069,11702.518466999998,batch-000001,8,11702.501165,0.0,0.004726,13402474167904,0.012576
EXT-ADVERSARIAL-0034,C3_JSON_SCHEMA_STRUCTURED,13414176669069,11702.510284,batch-000001,8,11702.501165,0.0,0.004724,13402474167904,0.004395
EXT-ADVERSARIAL-0039,C3_JSON_SCHEMA_STRUCTURED,13414176669069,11702.514323,batch-000001,8,11702.501165,0.0,0.004254,13402474167904,0.008904
EXT-ADVERSARIAL-0044,C3_JSON_SCHEMA_STRUCTURED,13414176669069,11702.517088,batch-000001,8,11702.501165,0.0,0.004505,13402474167904,0.011418
EXT-ADVERSARIAL-0050,C3_JSON_SCHEMA_STRUCTURED,13426052448093,11875.520626000001,batch-000002,8,11875.505005,0.0,0.00419,13414176943088,0.011431
EXT-ADVERSARIAL-0051,C3_JSON_SCHEMA_STRUCTURED,13426052448093,11875.522293,batch-000002,8,11875.505005,0.0,0.004146,13414176943088,0.013142
EXT-ADVERSARIAL-0056,C3_JSON_SCHEMA_STRUCTURED,13426052448093,11875.521328,batch-000002,8,11875.505005,0.0,0.004042,13414176943088,0.012281
EXT-ADVERSARIAL-0058,C3_JSON_SCHEMA_STRUCTURED,13426052448093,11875.518081000002,batch-000002,8,11875.505005,0.0,0.004145,13414176943088,0.008931
EXT-ADVERSARIAL-0061,C3_JSON_SCHEMA_STRUCTURED,13426052448093,11875.520454000001,batch-000002,8,11875.505005,0.0,0.004197,13414176943088,0.011252
EXT-ADVERSARIAL-0063,C3_JSON_SCHEMA_STRUCTURED,13426052448093,11875.512947,batch-000002,8,11875.505005,0.0,0.00392,13414176943088,0.004022
EXT-ADVERSARIAL-0071,C3_JSON_SCHEMA_STRUCTURED,13426052448093,11875.513011000001,batch-000002,8,11875.505005,0.0,0.004186,13414176943088,0.00382
EXT-ADVERSARIAL-0073,C3_JSON_SCHEMA_STRUCTURED,13426052448093,11875.522160000002,batch-000002,8,11875.505005,0.0,0.004387,13414176943088,0.012768
EXT-ADVERSARIAL-0076,C3_JSON_SCHEMA_STRUCTURED,13437995251983,11942.563008,batch-000003,8,11942.534735,0.0,0.0042,13426052717248,0.024073
EXT-ADVERSARIAL-0078,C3_JSON_SCHEMA_STRUCTURED,13437995251983,11942.548745,batch-000003,8,11942.534735,0.0,0.003913,13426052717248,0.010097
EXT-ADVERSARIAL-0082,C3_JSON_SCHEMA_STRUCTURED,13437995251983,11942.547606,batch-000003,8,11942.534735,0.0,0.004186,13426052717248,0.008685
EXT-ADVERSARIAL-0084,C3_JSON_SCHEMA_STRUCTURED,13437995251983,11942.547665999999,batch-000003,8,11942.534735,0.0,0.003761,13426052717248,0.00917
EXT-ADVERSARIAL-0085,C3_JSON_SCHEMA_STRUCTURED,13437995251983,11942.548395,batch-000003,8,11942.534735,0.0,0.004176,13426052717248,0.009484
EXT-ADVERSARIAL-0089,C3_JSON_SCHEMA_STRUCTURED,13437995251983,11942.552971000001,batch-000003,8,11942.534735,0.0,0.004387,13426052717248,0.013849
EXT-ADVERSARIAL-0093,C3_JSON_SCHEMA_STRUCTURED,13437995251983,11942.543452999998,batch-000003,8,11942.534735,0.0,0.004254,13426052717248,0.004464
EXT-ADVERSARIAL-0095,C3_JSON_SCHEMA_STRUCTURED,13437995251983,11942.553555,batch-000003,8,11942.534735,0.0,0.004751,13426052717248,0.014069
EXT-ADVERSARIAL-0097,C3_JSON_SCHEMA_STRUCTURED,13449928610181,11933.106833,batch-000004,8,11933.097906,0.0,0.004506,13437995512275,0.004421
EXT-ADVERSARIAL-0098,C3_JSON_SCHEMA_STRUCTURED,13449928610181,11933.113739000002,batch-000004,8,11933.097906,0.0,0.004058,13437995512275,0.011775
EXT-AMBIGUOUS-0003,C3_JSON_SCHEMA_STRUCTURED,13449928610181,11933.138623,batch-000004,8,11933.097906,0.0,0.031433,13437995512275,0.009284
EXT-AMBIGUOUS-0004,C3_JSON_SCHEMA_STRUCTURED,13449928610181,11933.118001,batch-000004,8,11933.097906,0.0,0.006849,13437995512275,0.013246
EXT-AMBIGUOUS-0014,C3_JSON_SCHEMA_STRUCTURED,13449928610181,11933.115433,batch-000004,8,11933.097906,0.0,0.005504,13437995512275,0.012023
EXT-AMBIGUOUS-0015,C3_JSON_SCHEMA_STRUCTURED,13449928610181,11933.260318,batch-000004,8,11933.097906,0.0,0.154548,13437995512275,0.007864
EXT-AMBIGUOUS-0024,C3_JSON_SCHEMA_STRUCTURED,13449928610181,11933.121068000002,batch-000004,8,11933.097906,0.0,0.011935,13437995512275,0.011227
EXT-AMBIGUOUS-0026,C3_JSON_SCHEMA_STRUCTURED,13449928610181,11933.115794,batch-000004,8,11933.097906,0.0,0.007273,13437995512275,0.010615
EXT-AMBIGUOUS-0028,C3_JSON_SCHEMA_STRUCTURED,13461131284151,11202.387239999998,batch-000005,8,11202.369754,0.0,0.006376,13449928914397,0.01111
EXT-AMBIGUOUS-0033,C3_JSON_SCHEMA_STRUCTURED,13461131284151,11202.410536,batch-000005,8,11202.369754,0.0,0.033044,13449928914397,0.007738
EXT-AMBIGUOUS-0035,C3_JSON_SCHEMA_STRUCTURED,13461131284151,11202.409219000001,batch-000005,8,11202.369754,0.0,0.022881,13449928914397,0.016584
EXT-AMBIGUOUS-0039,C3_JSON_SCHEMA_STRUCTURED,13461131284151,11202.403224,batch-000005,8,11202.369754,0.0,0.023766,13449928914397,0.009704
EXT-AMBIGUOUS-0041,C3_JSON_SCHEMA_STRUCTURED,13461131284151,11202.390083999999,batch-000005,8,11202.369754,0.0,0.012144,13449928914397,0.008186
EXT-AMBIGUOUS-0044,C3_JSON_SCHEMA_STRUCTURED,13461131284151,11202.389439,batch-000005,8,11202.369754,0.0,0.006707,13449928914397,0.012978
EXT-AMBIGUOUS-0049,C3_JSON_SCHEMA_STRUCTURED,13461131284151,11202.384477,batch-000005,8,11202.369754,0.0,0.006749,13449928914397,0.007974
EXT-AMBIGUOUS-0050,C3_JSON_SCHEMA_STRUCTURED,13461131284151,11202.387246,batch-000005,8,11202.369754,0.0,0.005982,13449928914397,0.01151
EXT-INVALID_ENTITY-0004,C3_JSON_SCHEMA_STRUCTURED,13473067386155,11935.855726000002,batch-000006,8,11935.843827,0.0,0.006131,13461131542328,0.005768
EXT-INVALID_ENTITY-0006,C3_JSON_SCHEMA_STRUCTURED,13473067386155,11935.861429000002,batch-000006,8,11935.843827,0.0,0.005784,13461131542328,0.011818
EXT-INVALID_ENTITY-0009,C3_JSON_SCHEMA_STRUCTURED,13473067386155,11935.864113000001,batch-000006,8,11935.843827,0.0,0.006207,13461131542328,0.014079
EXT-INVALID_ENTITY-0011,C3_JSON_SCHEMA_STRUCTURED,13473067386155,11935.864016000001,batch-000006,8,11935.843827,0.0,0.006874,13461131542328,0.013315
EXT-INVALID_ENTITY-0013,C3_JSON_SCHEMA_STRUCTURED,13473067386155,11935.900624000002,batch-000006,8,11935.843827,0.0,0.052739,13461131542328,0.004058
EXT-INVALID_ENTITY-0022,C3_JSON_SCHEMA_STRUCTURED,13473067386155,11935.858779,batch-000006,8,11935.843827,0.0,0.008987,13461131542328,0.005965
EXT-INVALID_ENTITY-0026,C3_JSON_SCHEMA_STRUCTURED,13473067386155,11935.861357000002,batch-000006,8,11935.843827,0.0,0.006234,13461131542328,0.011296
EXT-INVALID_ENTITY-0033,C3_JSON_SCHEMA_STRUCTURED,13473067386155,11935.862715,batch-000006,8,11935.843827,0.0,0.006816,13461131542328,0.012072
EXT-INVALID_ENTITY-0034,C3_JSON_SCHEMA_STRUCTURED,13485089713002,12022.030322999999,batch-000007,8,12022.018764,0.0,0.005995,13473067694238,0.005564
EXT-INVALID_ENTITY-0035,C3_JSON_SCHEMA_STRUCTURED,13485089713002,12022.038691000002,batch-000007,8,12022.018764,0.0,0.00696,13473067694238,0.012967
EXT-INVALID_ENTITY-0036,C3_JSON_SCHEMA_STRUCTURED,13485089713002,12022.037737999999,batch-000007,8,12022.018764,0.0,0.006419,13473067694238,0.012555
EXT-INVALID_ENTITY-0037,C3_JSON_SCHEMA_STRUCTURED,13485089713002,12022.029273,batch-000007,8,12022.018764,0.0,0.006415,13473067694238,0.004094
EXT-INVALID_ENTITY-0038,C3_JSON_SCHEMA_STRUCTURED,13485089713002,12022.036188,batch-000007,8,12022.018764,0.0,0.006135,13473067694238,0.011289
EXT-INVALID_ENTITY-0039,C3_JSON_SCHEMA_STRUCTURED,13485089713002,12022.036715,batch-000007,8,12022.018764,0.0,0.005977,13473067694238,0.011974
EXT-INVALID_ENTITY-0040,C3_JSON_SCHEMA_STRUCTURED,13485089713002,12022.03633,batch-000007,8,12022.018764,0.0,0.005982,13473067694238,0.011584
EXT-INVALID_ENTITY-0042,C3_JSON_SCHEMA_STRUCTURED,13485089713002,12022.034933,batch-000007,8,12022.018764,0.0,0.005959,13473067694238,0.01021
EXT-INVALID_ENTITY-0043,C3_JSON_SCHEMA_STRUCTURED,13497185098232,12095.144639,batch-000008,8,12095.124999,0.0,0.006254,13485089973233,0.013386
EXT-INVALID_ENTITY-0045,C3_JSON_SCHEMA_STRUCTURED,13497185098232,12095.13521,batch-000008,8,12095.124999,0.0,0.006164,13485089973233,0.004047
EXT-INVALID_ENTITY-0047,C3_JSON_SCHEMA_STRUCTURED,13497185098232,12095.140007,batch-000008,8,12095.124999,0.0,0.006455,13485089973233,0.008553
EXT-INVALID_ENTITY-0050,C3_JSON_SCHEMA_STRUCTURED,13497185098232,12095.142181000001,batch-000008,8,12095.124999,0.0,0.006101,13485089973233,0.011081
EXT-INVALID_ENTITY-0053,C3_JSON_SCHEMA_STRUCTURED,13497185098232,12095.13516,batch-000008,8,12095.124999,0.0,0.006275,13485089973233,0.003886
EXT-INVALID_ENTITY-0054,C3_JSON_SCHEMA_STRUCTURED,13497185098232,12095.134563,batch-000008,8,12095.124999,0.0,0.005922,13485089973233,0.003642
EXT-INVALID_ENTITY-0065,C3_JSON_SCHEMA_STRUCTURED,13497185098232,12095.143109999999,batch-000008,8,12095.124999,0.0,0.005951,13485089973233,0.01216
EXT-INVALID_ENTITY-0066,C3_JSON_SCHEMA_STRUCTURED,13497185098232,12095.141647999999,batch-000008,8,12095.124999,0.0,0.006166,13485089973233,0.010483
EXT-INVALID_ENTITY-0069,C3_JSON_SCHEMA_STRUCTURED,13509024501638,11839.153212000001,batch-000009,8,11839.135524,0.0,0.006203,13497185366114,0.011485
EXT-INVALID_ENTITY-0070,C3_JSON_SCHEMA_STRUCTURED,13509024501638,11839.152183,batch-000009,8,11839.135524,0.0,0.005762,13497185366114,0.010897
EXT-INVALID_ENTITY-0073,C3_JSON_SCHEMA_STRUCTURED,13509024501638,11839.15329,batch-000009,8,11839.135524,0.0,0.006681,13497185366114,0.011085
EXT-INVALID_ENTITY-0077,C3_JSON_SCHEMA_STRUCTURED,13509024501638,11839.145563999999,batch-000009,8,11839.135524,0.0,0.006199,13497185366114,0.003841
EXT-INVALID_ENTITY-0078,C3_JSON_SCHEMA_STRUCTURED,13509024501638,11839.150096,batch-000009,8,11839.135524,0.0,0.005734,13497185366114,0.008838
EXT-INVALID_ENTITY-0079,C3_JSON_SCHEMA_STRUCTURED,13509024501638,11839.150063,batch-000009,8,11839.135524,0.0,0.005642,13497185366114,0.008897
EXT-INVALID_ENTITY-0080,C3_JSON_SCHEMA_STRUCTURED,13509024501638,11839.152484999999,batch-000009,8,11839.135524,0.0,0.005625,13497185366114,0.011336
EXT-INVALID_ENTITY-0083,C3_JSON_SCHEMA_STRUCTURED,13509024501638,11839.153623999999,batch-000009,8,11839.135524,0.0,0.006371,13497185366114,0.011729
EXT-INVALID_ENTITY-0084,C3_JSON_SCHEMA_STRUCTURED,13520951177955,11926.406319999998,batch-000010,8,11926.396678,0.0,0.005877,13509024781277,0.003765
EXT-INVALID_ENTITY-0086,C3_JSON_SCHEMA_STRUCTURED,13520951177955,11926.41417,batch-000010,8,11926.396678,0.0,0.006036,13509024781277,0.011456
EXT-INVALID_ENTITY-0093,C3_JSON_SCHEMA_STRUCTURED,13520951177955,11926.414115,batch-000010,8,11926.396678,0.0,0.006479,13509024781277,0.010958
EXT-INVALID_ENTITY-0098,C3_JSON_SCHEMA_STRUCTURED,13520951177955,11926.413451999999,batch-000010,8,11926.396678,0.0,0.006093,13509024781277,0.010681
EXT-NUMERIC_PROVENANCE-0008,C3_JSON_SCHEMA_STRUCTURED,13520951177955,11926.413107,batch-000010,8,11926.396678,0.0,0.005724,13509024781277,0.010705
EXT-NUMERIC_PROVENANCE-0009,C3_JSON_SCHEMA_STRUCTURED,13520951177955,11926.412343999998,batch-000010,8,11926.396678,0.0,0.006141,13509024781277,0.009525
EXT-NUMERIC_PROVENANCE-0012,C3_JSON_SCHEMA_STRUCTURED,13520951177955,11926.405738,batch-000010,8,11926.396678,0.0,0.005582,13509024781277,0.003478
EXT-NUMERIC_PROVENANCE-0013,C3_JSON_SCHEMA_STRUCTURED,13520951177955,11926.414796,batch-000010,8,11926.396678,0.0,0.006191,13509024781277,0.011927
EXT-NUMERIC_PROVENANCE-0015,C3_JSON_SCHEMA_STRUCTURED,13532788704952,11837.281915000001,batch-000011,8,11837.267157,0.0,0.005896,13520951437795,0.008862
EXT-NUMERIC_PROVENANCE-0016,C3_JSON_SCHEMA_STRUCTURED,13532788704952,11837.284323,batch-000011,8,11837.267157,0.0,0.005823,13520951437795,0.011343
EXT-NUMERIC_PROVENANCE-0017,C3_JSON_SCHEMA_STRUCTURED,13532788704952,11837.27671,batch-000011,8,11837.267157,0.0,0.005893,13520951437795,0.00366
EXT-NUMERIC_PROVENANCE-0018,C3_JSON_SCHEMA_STRUCTURED,13532788704952,11837.283984000002,batch-000011,8,11837.267157,0.0,0.005713,13520951437795,0.011114
EXT-NUMERIC_PROVENANCE-0019,C3_JSON_SCHEMA_STRUCTURED,13532788704952,11837.277189,batch-000011,8,11837.267157,0.0,0.006115,13520951437795,0.003917
EXT-NUMERIC_PROVENANCE-0020,C3_JSON_SCHEMA_STRUCTURED,13532788704952,11837.284069,batch-000011,8,11837.267157,0.0,0.006145,13520951437795,0.010767
EXT-NUMERIC_PROVENANCE-0021,C3_JSON_SCHEMA_STRUCTURED,13532788704952,11837.283813,batch-000011,8,11837.267157,0.0,0.006269,13520951437795,0.010387
EXT-NUMERIC_PROVENANCE-0029,C3_JSON_SCHEMA_STRUCTURED,13532788704952,11837.27945,batch-000011,8,11837.267157,0.0,0.005944,13520951437795,0.006349
EXT-NUMERIC_PROVENANCE-0031,C3_JSON_SCHEMA_STRUCTURED,13544578437669,11789.398054,batch-000012,8,11789.387962,0.0,0.005828,13532789049707,0.004264
EXT-NUMERIC_PROVENANCE-0033,C3_JSON_SCHEMA_STRUCTURED,13544578437669,11789.405858,batch-000012,8,11789.387962,0.0,0.006334,13532789049707,0.011562
EXT-NUMERIC_PROVENANCE-0035,C3_JSON_SCHEMA_STRUCTURED,13544578437669,11789.405914,batch-000012,8,11789.387962,0.0,0.006732,13532789049707,0.01122
EXT-NUMERIC_PROVENANCE-0038,C3_JSON_SCHEMA_STRUCTURED,13544578437669,11789.403477,batch-000012,8,11789.387962,0.0,0.006335,13532789049707,0.00918
EXT-NUMERIC_PROVENANCE-0039,C3_JSON_SCHEMA_STRUCTURED,13544578437669,11789.402679,batch-000012,8,11789.387962,0.0,0.005931,13532789049707,0.008786
EXT-NUMERIC_PROVENANCE-0047,C3_JSON_SCHEMA_STRUCTURED,13544578437669,11789.399741000001,batch-000012,8,11789.387962,0.0,0.005863,13532789049707,0.005916
EXT-PAIR-0001-KO,C3_JSON_SCHEMA_STRUCTURED,13544578437669,11789.4051,batch-000012,8,11789.387962,0.0,0.005857,13532789049707,0.011281
EXT-PAIR-0004-EN,C3_JSON_SCHEMA_STRUCTURED,13544578437669,11789.399386,batch-000012,8,11789.387962,0.0,0.005715,13532789049707,0.005709
EXT-PAIR-0004-KO,C3_JSON_SCHEMA_STRUCTURED,13556445508372,11866.823389000001,batch-000013,8,11866.808954,0.0,0.006063,13544578699418,0.008372
EXT-PAIR-0007-EN,C3_JSON_SCHEMA_STRUCTURED,13556445508372,11866.820898,batch-000013,8,11866.808954,0.0,0.005863,13544578699418,0.006081
EXT-PAIR-0009-EN,C3_JSON_SCHEMA_STRUCTURED,13556445508372,11866.82337,batch-000013,8,11866.808954,0.0,0.005889,13544578699418,0.008527
EXT-PAIR-0010-EN,C3_JSON_SCHEMA_STRUCTURED,13556445508372,11866.825453,batch-000013,8,11866.808954,0.0,0.005979,13544578699418,0.01052
EXT-PAIR-0013-EN,C3_JSON_SCHEMA_STRUCTURED,13556445508372,11866.868607,batch-000013,8,11866.808954,0.0,0.006025,13544578699418,0.053628
EXT-PAIR-0013-KO,C3_JSON_SCHEMA_STRUCTURED,13556445508372,11866.837072,batch-000013,8,11866.808954,0.0,0.006131,13544578699418,0.021987
EXT-PAIR-0021-KO,C3_JSON_SCHEMA_STRUCTURED,13556445508372,11866.829292999999,batch-000013,8,11866.808954,0.0,0.00572,13544578699418,0.014619
EXT-PAIR-0026-EN,C3_JSON_SCHEMA_STRUCTURED,13556445508372,11866.819328,batch-000013,8,11866.808954,0.0,0.005932,13544578699418,0.004442
EXT-PAIR-0026-KO,C3_JSON_SCHEMA_STRUCTURED,13568355874310,11910.108767,batch-000014,8,11910.090882,0.0,0.005851,13556445783428,0.012034
EXT-PAIR-0027-KO,C3_JSON_SCHEMA_STRUCTURED,13568355874310,11910.108646,batch-000014,8,11910.090882,0.0,0.005873,13556445783428,0.011891
EXT-PAIR-0029-KO,C3_JSON_SCHEMA_STRUCTURED,13568355874310,11910.105627,batch-000014,8,11910.090882,0.0,0.006093,13556445783428,0.008652
EXT-PAIR-0030-EN,C3_JSON_SCHEMA_STRUCTURED,13568355874310,11910.106606000001,batch-000014,8,11910.090882,0.0,0.005826,13556445783428,0.009898
EXT-PAIR-0034-EN,C3_JSON_SCHEMA_STRUCTURED,13568355874310,11910.102382000001,batch-000014,8,11910.090882,0.0,0.005819,13556445783428,0.005681
EXT-PAIR-0035-KO,C3_JSON_SCHEMA_STRUCTURED,13568355874310,11910.106909,batch-000014,8,11910.090882,0.0,0.006459,13556445783428,0.009568
EXT-PAIR-0039-KO,C3_JSON_SCHEMA_STRUCTURED,13568355874310,11910.105302000002,batch-000014,8,11910.090882,0.0,0.005961,13556445783428,0.008459
EXT-PAIR-0040-EN,C3_JSON_SCHEMA_STRUCTURED,13568355874310,11910.108236,batch-000014,8,11910.090882,0.0,0.006044,13556445783428,0.01131
EXT-PAIR-0041-EN,C3_JSON_SCHEMA_STRUCTURED,13580191470182,11835.378247999999,batch-000015,8,11835.361393,0.0,0.006198,13568356108789,0.010657
EXT-PAIR-0043-KO,C3_JSON_SCHEMA_STRUCTURED,13580191470182,11835.376256,batch-000015,8,11835.361393,0.0,0.006141,13568356108789,0.008722
EXT-PAIR-0047-KO,C3_JSON_SCHEMA_STRUCTURED,13580191470182,11835.372591,batch-000015,8,11835.361393,0.0,0.005775,13568356108789,0.005423
EXT-PAIR-0048-EN,C3_JSON_SCHEMA_STRUCTURED,13580191470182,11835.371051999999,batch-000015,8,11835.361393,0.0,0.006231,13568356108789,0.003428
EXT-PAIR-0049-KO,C3_JSON_SCHEMA_STRUCTURED,13580191470182,11835.3709,batch-000015,8,11835.361393,0.0,0.005847,13568356108789,0.00366
EXT-PAIR-0055-EN,C3_JSON_SCHEMA_STRUCTURED,13580191470182,11835.378165999999,batch-000015,8,11835.361393,0.0,0.006114,13568356108789,0.010659
EXT-PAIR-0056-EN,C3_JSON_SCHEMA_STRUCTURED,13580191470182,11835.377793,batch-000015,8,11835.361393,0.0,0.005979,13568356108789,0.010421
EXT-PAIR-0063-KO,C3_JSON_SCHEMA_STRUCTURED,13580191470182,11835.379459,batch-000015,8,11835.361393,0.0,0.005996,13568356108789,0.01207
EXT-PAIR-0064-EN,C3_JSON_SCHEMA_STRUCTURED,13592014602310,11822.904933000002,batch-000016,8,11822.893706,0.0,0.005406,13580191708604,0.005821
EXT-PAIR-0072-EN,C3_JSON_SCHEMA_STRUCTURED,13592014602310,11822.911724000001,batch-000016,8,11822.893706,0.0,0.006175,13580191708604,0.011843
EXT-PAIR-0073-KO,C3_JSON_SCHEMA_STRUCTURED,13592014602310,11822.911875,batch-000016,8,11822.893706,0.0,0.006774,13580191708604,0.011395
EXT-PAIR-0078-KO,C3_JSON_SCHEMA_STRUCTURED,13592014602310,11822.910693000002,batch-000016,8,11822.893706,0.0,0.005572,13580191708604,0.011415
EXT-PAIR-0080-EN,C3_JSON_SCHEMA_STRUCTURED,13592014602310,11822.910219000001,batch-000016,8,11822.893706,0.0,0.005702,13580191708604,0.010811
EXT-PAIR-0080-KO,C3_JSON_SCHEMA_STRUCTURED,13592014602310,11822.911687000002,batch-000016,8,11822.893706,0.0,0.006573,13580191708604,0.011408
EXT-PAIR-0082-EN,C3_JSON_SCHEMA_STRUCTURED,13592014602310,11822.929907,batch-000016,8,11822.893706,0.0,0.03042,13580191708604,0.005781
EXT-PAIR-0083-KO,C3_JSON_SCHEMA_STRUCTURED,13592014602310,11822.916193000001,batch-000016,8,11822.893706,0.0,0.010447,13580191708604,0.01204
EXT-PAIR-0085-EN,C3_JSON_SCHEMA_STRUCTURED,13603787932859,11772.959491,batch-000017,8,11772.940992,0.0,0.007237,13592014991867,0.011262
EXT-PAIR-0088-EN,C3_JSON_SCHEMA_STRUCTURED,13603787932859,11772.956972,batch-000017,8,11772.940992,0.0,0.006455,13592014991867,0.009525
EXT-PAIR-0089-EN,C3_JSON_SCHEMA_STRUCTURED,13603787932859,11772.955272,batch-000017,8,11772.940992,0.0,0.006193,13592014991867,0.008087
EXT-PAIR-0091-EN,C3_JSON_SCHEMA_STRUCTURED,13603787932859,11772.956655999998,batch-000017,8,11772.940992,0.0,0.006666,13592014991867,0.008998
EXT-PAIR-0091-KO,C3_JSON_SCHEMA_STRUCTURED,13603787932859,11772.958686,batch-000017,8,11772.940992,0.0,0.006108,13592014991867,0.011586
EXT-PAIR-0094-EN,C3_JSON_SCHEMA_STRUCTURED,13603787932859,11772.953021000001,batch-000017,8,11772.940992,0.0,0.006359,13592014991867,0.00567
EXT-PAIR-0096-EN,C3_JSON_SCHEMA_STRUCTURED,13603787932859,11772.958809,batch-000017,8,11772.940992,0.0,0.006988,13592014991867,0.010829
EXT-PAIR-0099-KO,C3_JSON_SCHEMA_STRUCTURED,13603787932859,11772.956103999999,batch-000017,8,11772.940992,0.0,0.006759,13592014991867,0.008353
EXT-PAIR-0104-KO,C3_JSON_SCHEMA_STRUCTURED,13615652993667,11864.686512,batch-000018,8,11864.670908,0.0,0.006663,13603788322759,0.008941
EXT-PAIR-0109-KO,C3_JSON_SCHEMA_STRUCTURED,13615652993667,11864.680679,batch-000018,8,11864.670908,0.0,0.005964,13603788322759,0.003807
EXT-PAIR-0115-KO,C3_JSON_SCHEMA_STRUCTURED,13615652993667,11864.6864,batch-000018,8,11864.670908,0.0,0.006124,13603788322759,0.009368
EXT-PAIR-0116-KO,C3_JSON_SCHEMA_STRUCTURED,13615652993667,11864.680475,batch-000018,8,11864.670908,0.0,0.005786,13603788322759,0.003781
EXT-PAIR-0117-EN,C3_JSON_SCHEMA_STRUCTURED,13615652993667,11864.685186,batch-000018,8,11864.670908,0.0,0.005725,13603788322759,0.008553
EXT-PAIR-0121-EN,C3_JSON_SCHEMA_STRUCTURED,13615652993667,11864.687843,batch-000018,8,11864.670908,0.0,0.00613,13603788322759,0.010805
EXT-PAIR-0128-KO,C3_JSON_SCHEMA_STRUCTURED,13615652993667,11864.682858,batch-000018,8,11864.670908,0.0,0.006075,13603788322759,0.005875
EXT-PAIR-0136-KO,C3_JSON_SCHEMA_STRUCTURED,13615652993667,11864.680260000001,batch-000018,8,11864.670908,0.0,0.005653,13603788322759,0.003699
EXT-PAIR-0140-EN,C3_JSON_SCHEMA_STRUCTURED,13627553159368,11899.922266,batch-000019,8,11899.904988,0.0,0.006185,13615653254380,0.011093
EXT-PAIR-0140-KO,C3_JSON_SCHEMA_STRUCTURED,13627553159368,11899.921589000001,batch-000019,8,11899.904988,0.0,0.005326,13615653254380,0.011275
EXT-PAIR-0143-EN,C3_JSON_SCHEMA_STRUCTURED,13627553159368,11899.918659,batch-000019,8,11899.904988,0.0,0.005627,13615653254380,0.008044
EXT-PAIR-0144-EN,C3_JSON_SCHEMA_STRUCTURED,13627553159368,11899.914892,batch-000019,8,11899.904988,0.0,0.006292,13615653254380,0.003612
EXT-PAIR-0146-EN,C3_JSON_SCHEMA_STRUCTURED,13627553159368,11899.914476,batch-000019,8,11899.904988,0.0,0.005638,13615653254380,0.00385
EXT-PAIR-0148-EN,C3_JSON_SCHEMA_STRUCTURED,13627553159368,11899.916883,batch-000019,8,11899.904988,0.0,0.006155,13615653254380,0.00574
EXT-PAIR-0148-KO,C3_JSON_SCHEMA_STRUCTURED,13627553159368,11899.921639,batch-000019,8,11899.904988,0.0,0.005459,13615653254380,0.011192
EXT-PAIR-0149-KO,C3_JSON_SCHEMA_STRUCTURED,13627553159368,11899.919198,batch-000019,8,11899.904988,0.0,0.005685,13615653254380,0.008525
EXT-PAIR-0150-KO,C3_JSON_SCHEMA_STRUCTURED,13639421442657,11867.905902999999,batch-000020,8,11867.895681,0.0,0.006388,13627553546976,0.003834
EXT-PAIR-0152-KO,C3_JSON_SCHEMA_STRUCTURED,13639421442657,11867.926742,batch-000020,8,11867.895681,0.0,0.005852,13627553546976,0.025209
EXT-PAIR-0154-KO,C3_JSON_SCHEMA_STRUCTURED,13639421442657,11867.914949,batch-000020,8,11867.895681,0.0,0.005564,13627553546976,0.013704
EXT-PAIR-0157-KO,C3_JSON_SCHEMA_STRUCTURED,13639421442657,11867.905061,batch-000020,8,11867.895681,0.0,0.005002,13627553546976,0.004378
EXT-PAIR-0159-EN,C3_JSON_SCHEMA_STRUCTURED,13639421442657,11867.910391,batch-000020,8,11867.895681,0.0,0.005506,13627553546976,0.009204
EXT-PAIR-0161-EN,C3_JSON_SCHEMA_STRUCTURED,13639421442657,11867.915582,batch-000020,8,11867.895681,0.0,0.005532,13627553546976,0.014369
EXT-PAIR-0162-EN,C3_JSON_SCHEMA_STRUCTURED,13639421442657,11867.905657,batch-000020,8,11867.895681,0.0,0.005436,13627553546976,0.00454
EXT-PAIR-0166-EN,C3_JSON_SCHEMA_STRUCTURED,13639421442657,11867.914406,batch-000020,8,11867.895681,0.0,0.006514,13627553546976,0.012211
EXT-PAIR-0166-KO,C3_JSON_SCHEMA_STRUCTURED,13651266940314,11845.258872,batch-000021,8,11845.241927,0.0,0.005972,13639421698387,0.010973
EXT-PAIR-0167-EN,C3_JSON_SCHEMA_STRUCTURED,13651266940314,11845.256883,batch-000021,8,11845.241927,0.0,0.006267,13639421698387,0.008689
EXT-PAIR-0169-EN,C3_JSON_SCHEMA_STRUCTURED,13651266940314,11845.253671,batch-000021,8,11845.241927,0.0,0.006128,13639421698387,0.005616
EXT-PAIR-0170-EN,C3_JSON_SCHEMA_STRUCTURED,13651266940314,11845.270736999999,batch-000021,8,11845.241927,0.0,0.005694,13639421698387,0.023116
EXT-PAIR-0174-KO,C3_JSON_SCHEMA_STRUCTURED,13651266940314,11845.265730999998,batch-000021,8,11845.241927,0.0,0.005903,13639421698387,0.017901
EXT-PAIR-0175-EN,C3_JSON_SCHEMA_STRUCTURED,13651266940314,11845.261520999999,batch-000021,8,11845.241927,0.0,0.006238,13639421698387,0.013356
EXT-PAIR-0179-EN,C3_JSON_SCHEMA_STRUCTURED,13651266940314,11845.255155999997,batch-000021,8,11845.241927,0.0,0.004108,13639421698387,0.009121
EXT-PAIR-0184-KO,C3_JSON_SCHEMA_STRUCTURED,13651266940314,11845.256072999999,batch-000021,8,11845.241927,0.0,0.004115,13639421698387,0.010031
EXT-PAIR-0191-EN,C3_JSON_SCHEMA_STRUCTURED,13663119713332,11852.526573000001,batch-000022,8,11852.510361,0.0,0.00432,13651267202971,0.011892
EXT-PAIR-0191-KO,C3_JSON_SCHEMA_STRUCTURED,13663119713332,11852.518893,batch-000022,8,11852.510361,0.0,0.004346,13651267202971,0.004186
EXT-PAIR-0193-EN,C3_JSON_SCHEMA_STRUCTURED,13663119713332,11852.528147,batch-000022,8,11852.510361,0.0,0.004147,13651267202971,0.013639
EXT-PAIR-0194-EN,C3_JSON_SCHEMA_STRUCTURED,13663119713332,11852.539095000002,batch-000022,8,11852.510361,0.0,0.00401,13651267202971,0.024724
EXT-PAIR-0194-KO,C3_JSON_SCHEMA_STRUCTURED,13663119713332,11852.528474,batch-000022,8,11852.510361,0.0,0.004179,13651267202971,0.013934
EXT-PAIR-0195-EN,C3_JSON_SCHEMA_STRUCTURED,13663119713332,11852.527393,batch-000022,8,11852.510361,0.0,0.004021,13651267202971,0.013011
EXT-PAIR-0195-KO,C3_JSON_SCHEMA_STRUCTURED,13663119713332,11852.524164,batch-000022,8,11852.510361,0.0,0.004453,13651267202971,0.00935
EXT-PARAPHRASE-0003,C3_JSON_SCHEMA_STRUCTURED,13663119713332,11852.525716,batch-000022,8,11852.510361,0.0,0.003899,13651267202971,0.011456
EXT-PARAPHRASE-0004,C3_JSON_SCHEMA_STRUCTURED,13675215580579,12095.619138,batch-000023,8,12095.6091,0.0,0.00411,13663119971479,0.005928
EXT-PARAPHRASE-0005,C3_JSON_SCHEMA_STRUCTURED,13675215580579,12095.622133,batch-000023,8,12095.6091,0.0,0.004274,13663119971479,0.008759
EXT-PARAPHRASE-0020,C3_JSON_SCHEMA_STRUCTURED,13675215580579,12095.62399,batch-000023,8,12095.6091,0.0,0.00372,13663119971479,0.01117
EXT-PARAPHRASE-0026,C3_JSON_SCHEMA_STRUCTURED,13675215580579,12095.624516,batch-000023,8,12095.6091,0.0,0.004372,13663119971479,0.011044
EXT-PARAPHRASE-0028,C3_JSON_SCHEMA_STRUCTURED,13675215580579,12095.618776,batch-000023,8,12095.6091,0.0,0.00383,13663119971479,0.005846
EXT-PARAPHRASE-0030,C3_JSON_SCHEMA_STRUCTURED,13675215580579,12095.639758,batch-000023,8,12095.6091,0.0,0.003686,13663119971479,0.026972
EXT-PARAPHRASE-0034,C3_JSON_SCHEMA_STRUCTURED,13675215580579,12095.632137,batch-000023,8,12095.6091,0.0,0.00395,13663119971479,0.019087
EXT-PARAPHRASE-0039,C3_JSON_SCHEMA_STRUCTURED,13675215580579,12095.625043,batch-000023,8,12095.6091,0.0,0.003783,13663119971479,0.01216
EXT-PARAPHRASE-0069,C3_JSON_SCHEMA_STRUCTURED,13686947491639,11731.661066,batch-000024,8,11731.64813,0.0,0.003967,13675215843509,0.008969
EXT-PARAPHRASE-0076,C3_JSON_SCHEMA_STRUCTURED,13686947491639,11731.765223999999,batch-000024,8,11731.64813,0.0,0.105473,13675215843509,0.011621
EXT-PARAPHRASE-0080,C3_JSON_SCHEMA_STRUCTURED,13686947491639,11731.661582,batch-000024,8,11731.64813,0.0,0.004252,13675215843509,0.0092
EXT-PARAPHRASE-0091,C3_JSON_SCHEMA_STRUCTURED,13686947491639,11731.660870999998,batch-000024,8,11731.64813,0.0,0.004038,13675215843509,0.008703
EXT-PARAPHRASE-0097,C3_JSON_SCHEMA_STRUCTURED,13686947491639,11731.656163,batch-000024,8,11731.64813,0.0,0.003831,13675215843509,0.004202
EXT-PARAPHRASE-0101,C3_JSON_SCHEMA_STRUCTURED,13686947491639,11731.664518999998,batch-000024,8,11731.64813,0.0,0.003893,13675215843509,0.012496
EXT-PARAPHRASE-0114,C3_JSON_SCHEMA_STRUCTURED,13686947491639,11731.656151,batch-000024,8,11731.64813,0.0,0.003834,13675215843509,0.004187
EXT-PARAPHRASE-0121,C3_JSON_SCHEMA_STRUCTURED,13686947491639,11731.859658,batch-000024,8,11731.64813,0.0,0.004046,13675215843509,0.207482
EXT-PARAPHRASE-0150,C3_JSON_SCHEMA_STRUCTURED,13698478537800,11530.81911,batch-000025,8,11530.799161,0.0,0.003659,13686947738639,0.01629
EXT-PARAPHRASE-0154,C3_JSON_SCHEMA_STRUCTURED,13698478537800,11530.820066,batch-000025,8,11530.799161,0.0,0.004017,13686947738639,0.016888
EXT-PARAPHRASE-0158,C3_JSON_SCHEMA_STRUCTURED,13698478537800,11530.814247,batch-000025,8,11530.799161,0.0,0.004197,13686947738639,0.010889
EXT-PARAPHRASE-0159,C3_JSON_SCHEMA_STRUCTURED,13698478537800,11530.814212000001,batch-000025,8,11530.799161,0.0,0.004445,13686947738639,0.010606
EXT-PARAPHRASE-0162,C3_JSON_SCHEMA_STRUCTURED,13698478537800,11530.811934000001,batch-000025,8,11530.799161,0.0,0.003955,13686947738639,0.008818
EXT-PARAPHRASE-0166,C3_JSON_SCHEMA_STRUCTURED,13698478537800,11530.81587,batch-000025,8,11530.799161,0.0,0.003884,13686947738639,0.012825
EXT-PARAPHRASE-0172,C3_JSON_SCHEMA_STRUCTURED,13698478537800,11530.809713,batch-000025,8,11530.799161,0.0,0.003994,13686947738639,0.006558
EXT-PARAPHRASE-0176,C3_JSON_SCHEMA_STRUCTURED,13698478537800,11530.829947,batch-000025,8,11530.799161,0.0,0.004232,13686947738639,0.026554
EXT-PARAPHRASE-0183,C3_JSON_SCHEMA_STRUCTURED,13710415001522,11936.203716999999,batch-000026,8,11936.192516,0.0,0.004009,13698478809006,0.007192
EXT-PARAPHRASE-0191,C3_JSON_SCHEMA_STRUCTURED,13710415001522,11936.20164,batch-000026,8,11936.192516,0.0,0.004204,13698478809006,0.00492
EXT-PARAPHRASE-0194,C3_JSON_SCHEMA_STRUCTURED,13710415001522,11936.209232,batch-000026,8,11936.192516,0.0,0.003837,13698478809006,0.012879
EXT-PARAPHRASE-0197,C3_JSON_SCHEMA_STRUCTURED,13710415001522,11936.200316999999,batch-000026,8,11936.192516,0.0,0.003881,13698478809006,0.00392
EXT-POLICY_CONFLICT-0001,C3_JSON_SCHEMA_STRUCTURED,13710415001522,11936.210059,batch-000026,8,11936.192516,0.0,0.004338,13698478809006,0.013205
EXT-POLICY_CONFLICT-0010,C3_JSON_SCHEMA_STRUCTURED,13710415001522,11936.207842999998,batch-000026,8,11936.192516,0.0,0.003943,13698478809006,0.011384
EXT-POLICY_CONFLICT-0012,C3_JSON_SCHEMA_STRUCTURED,13710415001522,11936.200103,batch-000026,8,11936.192516,0.0,0.00384,13698478809006,0.003747
EXT-POLICY_CONFLICT-0015,C3_JSON_SCHEMA_STRUCTURED,13710415001522,11936.220927999999,batch-000026,8,11936.192516,0.0,0.004868,13698478809006,0.023544
EXT-POLICY_CONFLICT-0017,C3_JSON_SCHEMA_STRUCTURED,13722323275596,11908.061396000001,batch-000027,8,11908.047331,0.0,0.004177,13710415228265,0.009888
EXT-POLICY_CONFLICT-0019,C3_JSON_SCHEMA_STRUCTURED,13722323275596,11908.070686,batch-000027,8,11908.047331,0.0,0.004136,13710415228265,0.019219
EXT-POLICY_CONFLICT-0022,C3_JSON_SCHEMA_STRUCTURED,13722323275596,11908.059206,batch-000027,8,11908.047331,0.0,0.003691,13710415228265,0.008184
EXT-POLICY_CONFLICT-0027,C3_JSON_SCHEMA_STRUCTURED,13722323275596,11908.073569,batch-000027,8,11908.047331,0.0,0.003905,13710415228265,0.022333
EXT-POLICY_CONFLICT-0030,C3_JSON_SCHEMA_STRUCTURED,13722323275596,11908.286071999999,batch-000027,8,11908.047331,0.0,0.003813,13710415228265,0.234928
EXT-POLICY_CONFLICT-0034,C3_JSON_SCHEMA_STRUCTURED,13722323275596,11908.112694,batch-000027,8,11908.047331,0.0,0.003615,13710415228265,0.061748
EXT-POLICY_CONFLICT-0043,C3_JSON_SCHEMA_STRUCTURED,13722323275596,11908.066498,batch-000027,8,11908.047331,0.0,0.003891,13710415228265,0.015276
EXT-POLICY_CONFLICT-0044,C3_JSON_SCHEMA_STRUCTURED,13722323275596,11908.091863,batch-000027,8,11908.047331,0.0,0.004114,13710415228265,0.040418
EXT-POLICY_CONFLICT-0055,C3_JSON_SCHEMA_STRUCTURED,13734295810466,11972.345609000002,batch-000028,8,11972.309085,0.0,0.00429,13722323501381,0.032234
EXT-POLICY_CONFLICT-0056,C3_JSON_SCHEMA_STRUCTURED,13734295810466,11972.349517000002,batch-000028,8,11972.309085,0.0,0.003855,13722323501381,0.036577
EXT-POLICY_CONFLICT-0057,C3_JSON_SCHEMA_STRUCTURED,13734295810466,11972.353211000001,batch-000028,8,11972.309085,0.0,0.003891,13722323501381,0.040235
EXT-POLICY_CONFLICT-0060,C3_JSON_SCHEMA_STRUCTURED,13734295810466,11972.348589000001,batch-000028,8,11972.309085,0.0,0.004274,13722323501381,0.03523
EXT-POLICY_CONFLICT-0061,C3_JSON_SCHEMA_STRUCTURED,13734295810466,11972.426858,batch-000028,8,11972.309085,0.0,0.003852,13722323501381,0.113921
EXT-POLICY_CONFLICT-0062,C3_JSON_SCHEMA_STRUCTURED,13734295810466,11972.329331,batch-000028,8,11972.309085,0.0,0.003762,13722323501381,0.016484
EXT-POLICY_CONFLICT-0065,C3_JSON_SCHEMA_STRUCTURED,13734295810466,11972.320388000002,batch-000028,8,11972.309085,0.0,0.004408,13722323501381,0.006895
EXT-POLICY_CONFLICT-0066,C3_JSON_SCHEMA_STRUCTURED,13734295810466,11972.331068000001,batch-000028,8,11972.309085,0.0,0.004645,13722323501381,0.017338
EXT-POLICY_CONFLICT-0071,C3_JSON_SCHEMA_STRUCTURED,13746220637677,11924.593104,batch-000029,8,11924.574525,0.0,0.004675,13734296063152,0.013904
EXT-POLICY_CONFLICT-0073,C3_JSON_SCHEMA_STRUCTURED,13746220637677,11924.595002,batch-000029,8,11924.574525,0.0,0.004833,13734296063152,0.015644
EXT-POLICY_CONFLICT-0075,C3_JSON_SCHEMA_STRUCTURED,13746220637677,11924.591310000002,batch-000029,8,11924.574525,0.0,0.004537,13734296063152,0.012248
EXT-POLICY_CONFLICT-0080,C3_JSON_SCHEMA_STRUCTURED,13746220637677,11924.590233,batch-000029,8,11924.574525,0.0,0.003971,13734296063152,0.011737
EXT-POLICY_CONFLICT-0081,C3_JSON_SCHEMA_STRUCTURED,13746220637677,11924.593826999999,batch-000029,8,11924.574525,0.0,0.004394,13734296063152,0.014908
EXT-POLICY_CONFLICT-0086,C3_JSON_SCHEMA_STRUCTURED,13746220637677,11924.592286,batch-000029,8,11924.574525,0.0,0.003792,13734296063152,0.013969
EXT-POLICY_CONFLICT-0091,C3_JSON_SCHEMA_STRUCTURED,13746220637677,11924.583029000001,batch-000029,8,11924.574525,0.0,0.003908,13734296063152,0.004596
EXT-POLICY_CONFLICT-0094,C3_JSON_SCHEMA_STRUCTURED,13746220637677,11924.59186,batch-000029,8,11924.574525,0.0,0.004086,13734296063152,0.013249
EXT-POLICY_CONFLICT-0095,C3_JSON_SCHEMA_STRUCTURED,13761999420466,15778.559623000001,batch-000030,8,15778.545056,0.0,0.003996,13746220875410,0.010571
EXT-POLICY_CONFLICT-0098,C3_JSON_SCHEMA_STRUCTURED,13761999420466,15778.56183,batch-000030,8,15778.545056,0.0,0.003813,13746220875410,0.012961
EXT-POLICY_CONFLICT-0099,C3_JSON_SCHEMA_STRUCTURED,13761999420466,15778.558859,batch-000030,8,15778.545056,0.0,0.003817,13746220875410,0.009986
EXT-POLICY_CONFLICT-0100,C3_JSON_SCHEMA_STRUCTURED,13761999420466,15778.573835000001,batch-000030,8,15778.545056,0.0,0.003856,13746220875410,0.024923
SEC3B-000-EN,C3_JSON_SCHEMA_STRUCTURED,13761999420466,15778.605801000002,batch-000030,8,15778.545056,0.0,0.019093,13746220875410,0.041652
SEC3B-000-KO,C3_JSON_SCHEMA_STRUCTURED,13761999420466,15778.574631000001,batch-000030,8,15778.545056,0.0,0.012188,13746220875410,0.017387
SEC3B-001-KO,C3_JSON_SCHEMA_STRUCTURED,13761999420466,15778.56845,batch-000030,8,15778.545056,0.0,0.010971,13746220875410,0.012423
SEC3B-002-EN,C3_JSON_SCHEMA_STRUCTURED,13761999420466,15778.569420000002,batch-000030,8,15778.545056,0.0,0.011436,13746220875410,0.012928
SEC3B-005-EN,C3_JSON_SCHEMA_STRUCTURED,13777861532746,15861.924316999999,batch-000031,8,15861.874256,0.0,0.01146,13761999658490,0.038601
SEC3B-005-KO,C3_JSON_SCHEMA_STRUCTURED,13777861532746,15861.901785999999,batch-000031,8,15861.874256,0.0,0.010535,13761999658490,0.016995
SEC3B-009-KO,C3_JSON_SCHEMA_STRUCTURED,13777861532746,15861.897728,batch-000031,8,15861.874256,0.0,0.010962,13761999658490,0.01251
SEC3B-010-EN,C3_JSON_SCHEMA_STRUCTURED,13777861532746,15861.896453,batch-000031,8,15861.874256,0.0,0.010305,13761999658490,0.011892
SEC3B-012-EN,C3_JSON_SCHEMA_STRUCTURED,13777861532746,15861.896191,batch-000031,8,15861.874256,0.0,0.010607,13761999658490,0.011328
SEC3B-012-KO,C3_JSON_SCHEMA_STRUCTURED,13777861532746,15861.936548,batch-000031,8,15861.874256,0.0,0.05118,13761999658490,0.011112
SEC3B-013-EN,C3_JSON_SCHEMA_STRUCTURED,13777861532746,15861.902619,batch-000031,8,15861.874256,0.0,0.016229,13761999658490,0.012134
SEC3B-014-KO,C3_JSON_SCHEMA_STRUCTURED,13777861532746,15861.899575999998,batch-000031,8,15861.874256,0.0,0.013104,13761999658490,0.012216
SEC3B-015-EN,C3_JSON_SCHEMA_STRUCTURED,13793990134029,16128.351308,batch-000032,8,16128.327715,0.0,0.012098,13777861806314,0.011495
SEC3B-016-EN,C3_JSON_SCHEMA_STRUCTURED,13793990134029,16128.348856999999,batch-000032,8,16128.327715,0.0,0.010315,13777861806314,0.010827
SEC3B-016-KO,C3_JSON_SCHEMA_STRUCTURED,13793990134029,16128.365999999998,batch-000032,8,16128.327715,0.0,0.012013,13777861806314,0.026272
SEC3B-018-EN,C3_JSON_SCHEMA_STRUCTURED,13793990134029,16128.370862,batch-000032,8,16128.327715,0.0,0.026246,13777861806314,0.016901
SEC3B-020-EN,C3_JSON_SCHEMA_STRUCTURED,13793990134029,16128.354034999998,batch-000032,8,16128.327715,0.0,0.014065,13777861806314,0.012255
SEC3B-020-KO,C3_JSON_SCHEMA_STRUCTURED,13793990134029,16128.351392999999,batch-000032,8,16128.327715,0.0,0.012246,13777861806314,0.011432
SEC3B-021-KO,C3_JSON_SCHEMA_STRUCTURED,13793990134029,16128.351358,batch-000032,8,16128.327715,0.0,0.011553,13777861806314,0.01209
SEC3B-023-EN,C3_JSON_SCHEMA_STRUCTURED,13793990134029,16128.350948,batch-000032,8,16128.327715,0.0,0.011922,13777861806314,0.011311
SEC3B-025-EN,C3_JSON_SCHEMA_STRUCTURED,13809910428590,15920.084547999999,batch-000033,8,15920.060343,0.0,0.012587,13793990368247,0.011618
SEC3B-025-KO,C3_JSON_SCHEMA_STRUCTURED,13809910428590,15920.098924999998,batch-000033,8,15920.060343,0.0,0.012234,13793990368247,0.026348
SEC3B-026-EN,C3_JSON_SCHEMA_STRUCTURED,13809910428590,15920.086798,batch-000033,8,15920.060343,0.0,0.011354,13793990368247,0.015101
SEC3B-028-KO,C3_JSON_SCHEMA_STRUCTURED,13809910428590,15920.084275,batch-000033,8,15920.060343,0.0,0.012436,13793990368247,0.011496
SEC3B-030-EN,C3_JSON_SCHEMA_STRUCTURED,13809910428590,15920.093233,batch-000033,8,15920.060343,0.0,0.011456,13793990368247,0.021434
SEC3B-030-KO,C3_JSON_SCHEMA_STRUCTURED,13809910428590,15920.097557,batch-000033,8,15920.060343,0.0,0.011305,13793990368247,0.025909
SEC3B-031-EN,C3_JSON_SCHEMA_STRUCTURED,13809910428590,15920.089986,batch-000033,8,15920.060343,0.0,0.011361,13793990368247,0.018282
SEC3B-032-EN,C3_JSON_SCHEMA_STRUCTURED,13809910428590,15920.08261,batch-000033,8,15920.060343,0.0,0.010295,13793990368247,0.011972
SEC3B-032-KO,C3_JSON_SCHEMA_STRUCTURED,13826026972160,16116.324206999998,batch-000034,8,16116.288673,0.0,0.011593,13809910683487,0.023941
SEC3B-034-EN,C3_JSON_SCHEMA_STRUCTURED,13826026972160,16116.313697,batch-000034,8,16116.288673,0.0,0.011272,13809910683487,0.013752
SEC3B-037-KO,C3_JSON_SCHEMA_STRUCTURED,13826026972160,16116.323457,batch-000034,8,16116.288673,0.0,0.01524,13809910683487,0.019544
SEC3B-038-KO,C3_JSON_SCHEMA_STRUCTURED,13826026972160,16116.312369,batch-000034,8,16116.288673,0.0,0.01176,13809910683487,0.011936
SEC3B-039-EN,C3_JSON_SCHEMA_STRUCTURED,13826026972160,16116.317235999999,batch-000034,8,16116.288673,0.0,0.014792,13809910683487,0.013771
SEC3B-040-KO,C3_JSON_SCHEMA_STRUCTURED,13826026972160,16116.314435999999,batch-000034,8,16116.288673,0.0,0.013012,13809910683487,0.012751
SEC3B-043-EN,C3_JSON_SCHEMA_STRUCTURED,13826026972160,16116.311372999999,batch-000034,8,16116.288673,0.0,0.010588,13809910683487,0.012112
SEC3B-043-KO,C3_JSON_SCHEMA_STRUCTURED,13826026972160,16116.312046,batch-000034,8,16116.288673,0.0,0.012,13809910683487,0.011373
SEC3B-044-KO,C3_JSON_SCHEMA_STRUCTURED,13841894176098,15866.986240999999,batch-000035,8,15866.952279,0.0,0.011354,13826027223819,0.022608
SEC3B-045-EN,C3_JSON_SCHEMA_STRUCTURED,13841894176098,15866.976875,batch-000035,8,15866.952279,0.0,0.010274,13826027223819,0.014322
SEC3B-048-KO,C3_JSON_SCHEMA_STRUCTURED,13841894176098,15866.977251999999,batch-000035,8,15866.952279,0.0,0.012228,13826027223819,0.012745
SEC3B-050-EN,C3_JSON_SCHEMA_STRUCTURED,13841894176098,15866.975929,batch-000035,8,15866.952279,0.0,0.010834,13826027223819,0.012816
SEC3B-051-KO,C3_JSON_SCHEMA_STRUCTURED,13841894176098,15866.977261999999,batch-000035,8,15866.952279,0.0,0.011708,13826027223819,0.013275
SEC3B-052-EN,C3_JSON_SCHEMA_STRUCTURED,13841894176098,15866.974168,batch-000035,8,15866.952279,0.0,0.009846,13826027223819,0.012043
SEC3B-053-EN,C3_JSON_SCHEMA_STRUCTURED,13841894176098,15866.976051,batch-000035,8,15866.952279,0.0,0.011125,13826027223819,0.012647
SEC3B-054-KO,C3_JSON_SCHEMA_STRUCTURED,13841894176098,15866.987546,batch-000035,8,15866.952279,0.0,0.010737,13826027223819,0.02453
SEC3B-059-EN,C3_JSON_SCHEMA_STRUCTURED,13857903347338,16008.956397,batch-000036,8,16008.927975,0.0,0.011063,13841894419363,0.017359
SEC3B-060-EN,C3_JSON_SCHEMA_STRUCTURED,13857903347338,16008.952131000002,batch-000036,8,16008.927975,0.0,0.009732,13841894419363,0.014424
SEC3B-061-EN,C3_JSON_SCHEMA_STRUCTURED,13857903347338,16008.949121000001,batch-000036,8,16008.927975,0.0,0.009674,13841894419363,0.011472
SEC3B-069-KO,C3_JSON_SCHEMA_STRUCTURED,13857903347338,16008.958372,batch-000036,8,16008.927975,0.0,0.018895,13841894419363,0.011502
SEC3B-071-EN,C3_JSON_SCHEMA_STRUCTURED,13857903347338,16008.949892,batch-000036,8,16008.927975,0.0,0.010793,13841894419363,0.011124
SEC3B-072-EN,C3_JSON_SCHEMA_STRUCTURED,13857903347338,16008.949486000001,batch-000036,8,16008.927975,0.0,0.010247,13841894419363,0.011264
SEC3B-073-KO,C3_JSON_SCHEMA_STRUCTURED,13857903347338,16008.963174,batch-000036,8,16008.927975,0.0,0.011076,13841894419363,0.024123
SEC3B-076-EN,C3_JSON_SCHEMA_STRUCTURED,13857903347338,16008.954182000001,batch-000036,8,16008.927975,0.0,0.010601,13841894419363,0.015606
SEC3B-077-EN,C3_JSON_SCHEMA_STRUCTURED,13873928809459,16025.257957999998,batch-000037,8,16025.234316,0.0,0.010491,13857903575143,0.013151
SEC3B-078-EN,C3_JSON_SCHEMA_STRUCTURED,13873928809459,16025.256668,batch-000037,8,16025.234316,0.0,0.011263,13857903575143,0.011089
SEC3B-081-KO,C3_JSON_SCHEMA_STRUCTURED,13873928809459,16025.255238,batch-000037,8,16025.234316,0.0,0.010096,13857903575143,0.010826
SEC3B-082-EN,C3_JSON_SCHEMA_STRUCTURED,13873928809459,16025.25619,batch-000037,8,16025.234316,0.0,0.010826,13857903575143,0.011048
SEC3B-084-EN,C3_JSON_SCHEMA_STRUCTURED,13873928809459,16025.255887000001,batch-000037,8,16025.234316,0.0,0.009823,13857903575143,0.011748
SEC3B-086-KO,C3_JSON_SCHEMA_STRUCTURED,13873928809459,16025.256593999999,batch-000037,8,16025.234316,0.0,0.011281,13857903575143,0.010997
SEC3B-087-KO,C3_JSON_SCHEMA_STRUCTURED,13873928809459,16025.255516,batch-000037,8,16025.234316,0.0,0.009736,13857903575143,0.011464
SEC3B-088-EN,C3_JSON_SCHEMA_STRUCTURED,13873928809459,16025.266948,batch-000037,8,16025.234316,0.0,0.010963,13857903575143,0.021669
SEC3B-089-EN,C3_JSON_SCHEMA_STRUCTURED,13889640382873,15711.345784,batch-000038,8,15711.318492,0.0,0.009648,13873929064381,0.017644
SEC3B-090-EN,C3_JSON_SCHEMA_STRUCTURED,13889640382873,15711.341314000001,batch-000038,8,15711.318492,0.0,0.009834,13873929064381,0.012988
SEC3B-090-KO,C3_JSON_SCHEMA_STRUCTURED,13889640382873,15711.341554,batch-000038,8,15711.318492,0.0,0.011869,13873929064381,0.011193
SEC3B-093-EN,C3_JSON_SCHEMA_STRUCTURED,13889640382873,15711.360594,batch-000038,8,15711.318492,0.0,0.009992,13873929064381,0.03211
SEC3B-093-KO,C3_JSON_SCHEMA_STRUCTURED,13889640382873,15711.343265000001,batch-000038,8,15711.318492,0.0,0.013462,13873929064381,0.011311
SEC3B-099-KO,C3_JSON_SCHEMA_STRUCTURED,13889640382873,15711.341858,batch-000038,8,15711.318492,0.0,0.012026,13873929064381,0.01134
V2C-0004,C3_JSON_SCHEMA_STRUCTURED,13889640382873,15711.33223,batch-000038,8,15711.318492,0.0,0.007371,13873929064381,0.006367
V2C-0010,C3_JSON_SCHEMA_STRUCTURED,13889640382873,15711.332975,batch-000038,8,15711.318492,0.0,0.008283,13873929064381,0.0062
V2C-0016,C3_JSON_SCHEMA_STRUCTURED,13902147512936,12506.916345000001,batch-000039,8,12506.903899,0.0,0.006536,13889640609037,0.00591
V2C-0018,C3_JSON_SCHEMA_STRUCTURED,13902147512936,12506.915647000002,batch-000039,8,12506.903899,0.0,0.006321,13889640609037,0.005427
V2C-0020,C3_JSON_SCHEMA_STRUCTURED,13902147512936,12506.917407,batch-000039,8,12506.903899,0.0,0.007598,13889640609037,0.00591
V2C-0026,C3_JSON_SCHEMA_STRUCTURED,13902147512936,12506.915592000001,batch-000039,8,12506.903899,0.0,0.006411,13889640609037,0.005282
V2C-0027,C3_JSON_SCHEMA_STRUCTURED,13902147512936,12506.916223,batch-000039,8,12506.903899,0.0,0.00644,13889640609037,0.005884
V2C-0030,C3_JSON_SCHEMA_STRUCTURED,13902147512936,12506.916854000001,batch-000039,8,12506.903899,0.0,0.006737,13889640609037,0.006218
V2C-0032,C3_JSON_SCHEMA_STRUCTURED,13902147512936,12506.915572000002,batch-000039,8,12506.903899,0.0,0.006062,13889640609037,0.005611
V2C-0034,C3_JSON_SCHEMA_STRUCTURED,13902147512936,12506.917253000001,batch-000039,8,12506.903899,0.0,0.007546,13889640609037,0.005808
V2C-0048,C3_JSON_SCHEMA_STRUCTURED,13914729854449,12582.100887,batch-000040,8,12582.089873,0.0,0.005669,13902147764576,0.005345
V2C-0056,C3_JSON_SCHEMA_STRUCTURED,13914729854449,12582.100962,batch-000040,8,12582.089873,0.0,0.005839,13902147764576,0.00525
V2C-0061,C3_JSON_SCHEMA_STRUCTURED,13914729854449,12582.101205,batch-000040,8,12582.089873,0.0,0.006135,13902147764576,0.005197
V2C-0066,C3_JSON_SCHEMA_STRUCTURED,13914729854449,12582.102569,batch-000040,8,12582.089873,0.0,0.00704,13902147764576,0.005656
V2C-0072,C3_JSON_SCHEMA_STRUCTURED,13914729854449,12582.101294,batch-000040,8,12582.089873,0.0,0.006157,13902147764576,0.005264
V2C-0078,C3_JSON_SCHEMA_STRUCTURED,13914729854449,12582.101994000002,batch-000040,8,12582.089873,0.0,0.006348,13902147764576,0.005773
V2C-0084,C3_JSON_SCHEMA_STRUCTURED,13914729854449,12582.102624000001,batch-000040,8,12582.089873,0.0,0.007216,13902147764576,0.005535
V2C-0087,C3_JSON_SCHEMA_STRUCTURED,13914729854449,12582.102321,batch-000040,8,12582.089873,0.0,0.006269,13902147764576,0.006179
V2C-0116,C3_JSON_SCHEMA_STRUCTURED,13926983509191,12253.408008999999,batch-000041,8,12253.396265,0.0,0.005834,13914730112926,0.00591
V2C-0127,C3_JSON_SCHEMA_STRUCTURED,13926983509191,12253.407673999998,batch-000041,8,12253.396265,0.0,0.006123,13914730112926,0.005286
V2C-0128,C3_JSON_SCHEMA_STRUCTURED,13926983509191,12253.408071,batch-000041,8,12253.396265,0.0,0.005956,13914730112926,0.00585
V2C-0137,C3_JSON_SCHEMA_STRUCTURED,13926983509191,12253.407653,batch-000041,8,12253.396265,0.0,0.005803,13914730112926,0.005585
V2C-0148,C3_JSON_SCHEMA_STRUCTURED,13926983509191,12253.408623,batch-000041,8,12253.396265,0.0,0.007025,13914730112926,0.005333
V2C-0156,C3_JSON_SCHEMA_STRUCTURED,13926983509191,12253.408146,batch-000041,8,12253.396265,0.0,0.00638,13914730112926,0.005501
V2C-0172,C3_JSON_SCHEMA_STRUCTURED,13926983509191,12253.407269,batch-000041,8,12253.396265,0.0,0.005779,13914730112926,0.005225
V2C-0176,C3_JSON_SCHEMA_STRUCTURED,13926983509191,12253.40722,batch-000041,8,12253.396265,0.0,0.005785,13914730112926,0.00517
V2C-0181,C3_JSON_SCHEMA_STRUCTURED,13940075357503,13091.586399999998,batch-000042,8,13091.574341,0.0,0.005973,13926983783162,0.006086
V2C-0184,C3_JSON_SCHEMA_STRUCTURED,13940075357503,13091.587350999998,batch-000042,8,13091.574341,0.0,0.00766,13926983783162,0.00535
V2C-0197,C3_JSON_SCHEMA_STRUCTURED,13940075357503,13091.585878,batch-000042,8,13091.574341,0.0,0.005939,13926983783162,0.005598
V2C-0201,C3_JSON_SCHEMA_STRUCTURED,13940075357503,13091.585525999999,batch-000042,8,13091.574341,0.0,0.005866,13926983783162,0.005319
V2C-0202,C3_JSON_SCHEMA_STRUCTURED,13940075357503,13091.585814,batch-000042,8,13091.574341,0.0,0.006246,13926983783162,0.005227
V2C-0207,C3_JSON_SCHEMA_STRUCTURED,13940075357503,13091.585522,batch-000042,8,13091.574341,0.0,0.005867,13926983783162,0.005314
V2C-0210,C3_JSON_SCHEMA_STRUCTURED,13940075357503,13091.586871,batch-000042,8,13091.574341,0.0,0.006647,13926983783162,0.005883
V2C-0219,C3_JSON_SCHEMA_STRUCTURED,13940075357503,13091.586501999998,batch-000042,8,13091.574341,0.0,0.0065,13926983783162,0.005661
V2C-0221,C3_JSON_SCHEMA_STRUCTURED,13952797911222,12722.252579,batch-000043,8,12722.241464,0.0,0.005919,13940075669758,0.005196
V2C-0223,C3_JSON_SCHEMA_STRUCTURED,13952797911222,12722.252607,batch-000043,8,12722.241464,0.0,0.005962,13940075669758,0.005181
V2C-0229,C3_JSON_SCHEMA_STRUCTURED,13952797911222,12722.252624,batch-000043,8,12722.241464,0.0,0.00567,13940075669758,0.00549
V2C-0263,C3_JSON_SCHEMA_STRUCTURED,13952797911222,12722.254178000001,batch-000043,8,12722.241464,0.0,0.006121,13940075669758,0.006593
V2C-0265,C3_JSON_SCHEMA_STRUCTURED,13952797911222,12722.253904000001,batch-000043,8,12722.241464,0.0,0.006211,13940075669758,0.006229
V2C-0274,C3_JSON_SCHEMA_STRUCTURED,13952797911222,12722.254279,batch-000043,8,12722.241464,0.0,0.007631,13940075669758,0.005184
V2C-0276,C3_JSON_SCHEMA_STRUCTURED,13952797911222,12722.253368,batch-000043,8,12722.241464,0.0,0.006571,13940075669758,0.005333
V2C-0297,C3_JSON_SCHEMA_STRUCTURED,13952797911222,12722.252805000002,batch-000043,8,12722.241464,0.0,0.006143,13940075669758,0.005198
V2C-0298,C3_JSON_SCHEMA_STRUCTURED,13965339326559,12541.168917,batch-000044,8,12541.157414,0.0,0.006203,13952798169145,0.0053
V2C-0300,C3_JSON_SCHEMA_STRUCTURED,13965339326559,12541.169723,batch-000044,8,12541.157414,0.0,0.007041,13952798169145,0.005268
V2C-0328,C3_JSON_SCHEMA_STRUCTURED,13965339326559,12541.169235,batch-000044,8,12541.157414,0.0,0.005715,13952798169145,0.006106
V2C-0342,C3_JSON_SCHEMA_STRUCTURED,13965339326559,12541.168896,batch-000044,8,12541.157414,0.0,0.006032,13952798169145,0.00545
V2C-0348,C3_JSON_SCHEMA_STRUCTURED,13965339326559,12541.169563,batch-000044,8,12541.157414,0.0,0.006772,13952798169145,0.005377
V2C-0351,C3_JSON_SCHEMA_STRUCTURED,13965339326559,12541.181498999998,batch-000044,8,12541.157414,0.0,0.018691,13952798169145,0.005394
V2C-0354,C3_JSON_SCHEMA_STRUCTURED,13965339326559,12541.171432000001,batch-000044,8,12541.157414,0.0,0.008868,13952798169145,0.00515
V2C-0357,C3_JSON_SCHEMA_STRUCTURED,13965339326559,12541.169298,batch-000044,8,12541.157414,0.0,0.006675,13952798169145,0.005209
V2C-0360,C3_JSON_SCHEMA_STRUCTURED,13978014245045,12674.643511,batch-000045,8,12674.632163,0.0,0.005659,13965339612882,0.005689
V2C-0365,C3_JSON_SCHEMA_STRUCTURED,13978014245045,12674.643271,batch-000045,8,12674.632163,0.0,0.005792,13965339612882,0.005316
V2C-0369,C3_JSON_SCHEMA_STRUCTURED,13978014245045,12674.643131,batch-000045,8,12674.632163,0.0,0.005792,13965339612882,0.005176
V2C-0370,C3_JSON_SCHEMA_STRUCTURED,13978014245045,12674.644675,batch-000045,8,12674.632163,0.0,0.007091,13965339612882,0.005421
V2C-0374,C3_JSON_SCHEMA_STRUCTURED,13978014245045,12674.643671,batch-000045,8,12674.632163,0.0,0.006232,13965339612882,0.005276
V2C-0380,C3_JSON_SCHEMA_STRUCTURED,13978014245045,12674.642936999999,batch-000045,8,12674.632163,0.0,0.005645,13965339612882,0.005129
V2C-0384,C3_JSON_SCHEMA_STRUCTURED,13978014245045,12674.658082,batch-000045,8,12674.632163,0.0,0.006124,13965339612882,0.019795
V2C-0396,C3_JSON_SCHEMA_STRUCTURED,13978014245045,12674.695679,batch-000045,8,12674.632163,0.0,0.052109,13965339612882,0.011407
V2C-0399,C3_JSON_SCHEMA_STRUCTURED,13990530367624,12515.890228,batch-000046,8,12515.877199,0.0,0.006879,13978014490425,0.00615
V2C-0400,C3_JSON_SCHEMA_STRUCTURED,13990530367624,12515.889078000002,batch-000046,8,12515.877199,0.0,0.00616,13978014490425,0.005719
V2C-0401,C3_JSON_SCHEMA_STRUCTURED,13990530367624,12515.888746,batch-000046,8,12515.877199,0.0,0.006253,13978014490425,0.005294
V2C-0403,C3_JSON_SCHEMA_STRUCTURED,13990530367624,12515.889202,batch-000046,8,12515.877199,0.0,0.006642,13978014490425,0.005361
V2C-0409,C3_JSON_SCHEMA_STRUCTURED,13990530367624,12515.889487,batch-000046,8,12515.877199,0.0,0.006295,13978014490425,0.005993
V2C-0415,C3_JSON_SCHEMA_STRUCTURED,13990530367624,12515.888745000002,batch-000046,8,12515.877199,0.0,0.00616,13978014490425,0.005386
V2C-0418,C3_JSON_SCHEMA_STRUCTURED,13990530367624,12515.888828,batch-000046,8,12515.877199,0.0,0.006257,13978014490425,0.005372
V2C-0424,C3_JSON_SCHEMA_STRUCTURED,13990530367624,12515.890799,batch-000046,8,12515.877199,0.0,0.0082,13978014490425,0.0054
V2C-0427,C3_JSON_SCHEMA_STRUCTURED,14003390418680,12859.792548,batch-000047,8,12859.781067,0.0,0.006121,13990530637613,0.00536
V2C-0430,C3_JSON_SCHEMA_STRUCTURED,14003390418680,12859.792531000001,batch-000047,8,12859.781067,0.0,0.006196,13990530637613,0.005268
V2C-0431,C3_JSON_SCHEMA_STRUCTURED,14003390418680,12859.792203,batch-000047,8,12859.781067,0.0,0.005928,13990530637613,0.005208
V2C-0458,C3_JSON_SCHEMA_STRUCTURED,14003390418680,12859.792123000001,batch-000047,8,12859.781067,0.0,0.005734,13990530637613,0.005322
V2C-0462,C3_JSON_SCHEMA_STRUCTURED,14003390418680,12859.79348,batch-000047,8,12859.781067,0.0,0.007091,13990530637613,0.005322
V2C-0478,C3_JSON_SCHEMA_STRUCTURED,14003390418680,12859.792732,batch-000047,8,12859.781067,0.0,0.005867,13990530637613,0.005798
V2C-0487,C3_JSON_SCHEMA_STRUCTURED,14003390418680,12859.792607,batch-000047,8,12859.781067,0.0,0.005931,13990530637613,0.005609
V2C-0502,C3_JSON_SCHEMA_STRUCTURED,14003390418680,12859.792126,batch-000047,8,12859.781067,0.0,0.005682,13990530637613,0.005377
V2C-0505,C3_JSON_SCHEMA_STRUCTURED,14015913489177,12522.827947,batch-000048,8,12522.81655,0.0,0.006104,14003390672627,0.005293
V2C-0512,C3_JSON_SCHEMA_STRUCTURED,14015913489177,12522.829871,batch-000048,8,12522.81655,0.0,0.007871,14003390672627,0.00545
V2C-0528,C3_JSON_SCHEMA_STRUCTURED,14015913489177,12522.827967,batch-000048,8,12522.81655,0.0,0.006148,14003390672627,0.005269
V2C-0530,C3_JSON_SCHEMA_STRUCTURED,14015913489177,12522.827582999998,batch-000048,8,12522.81655,0.0,0.005807,14003390672627,0.005226
V2C-0532,C3_JSON_SCHEMA_STRUCTURED,14015913489177,12522.827673,batch-000048,8,12522.81655,0.0,0.005889,14003390672627,0.005234
V2C-0533,C3_JSON_SCHEMA_STRUCTURED,14015913489177,12522.828893999998,batch-000048,8,12522.81655,0.0,0.006585,14003390672627,0.005759
V2C-0536,C3_JSON_SCHEMA_STRUCTURED,14015913489177,12522.829602,batch-000048,8,12522.81655,0.0,0.007658,14003390672627,0.005394
V2C-0560,C3_JSON_SCHEMA_STRUCTURED,14015913489177,12522.82787,batch-000048,8,12522.81655,0.0,0.005715,14003390672627,0.005605
V2C-0575,C3_JSON_SCHEMA_STRUCTURED,14028453335732,12539.609824000001,batch-000049,8,12539.59843,0.0,0.005884,14015913737302,0.00551
V2C-0589,C3_JSON_SCHEMA_STRUCTURED,14028453335732,12539.610051,batch-000049,8,12539.59843,0.0,0.005984,14015913737302,0.005637
V2C-0604,C3_JSON_SCHEMA_STRUCTURED,14028453335732,12539.610336999998,batch-000049,8,12539.59843,0.0,0.006515,14015913737302,0.005392
V2C-0606,C3_JSON_SCHEMA_STRUCTURED,14028453335732,12539.611097,batch-000049,8,12539.59843,0.0,0.007353,14015913737302,0.005314
V2C-0611,C3_JSON_SCHEMA_STRUCTURED,14028453335732,12539.609975,batch-000049,8,12539.59843,0.0,0.006209,14015913737302,0.005336
V2C-0615,C3_JSON_SCHEMA_STRUCTURED,14028453335732,12539.610194,batch-000049,8,12539.59843,0.0,0.006127,14015913737302,0.005637
V2C-0617,C3_JSON_SCHEMA_STRUCTURED,14028453335732,12539.609881,batch-000049,8,12539.59843,0.0,0.006194,14015913737302,0.005257
V2C-0621,C3_JSON_SCHEMA_STRUCTURED,14028453335732,12539.609496,batch-000049,8,12539.59843,0.0,0.005733,14015913737302,0.005333
V2C-0630,C3_JSON_SCHEMA_STRUCTURED,14041031620462,12578.033977000001,batch-000050,8,12578.021887,0.0,0.005905,14028453598575,0.006185
V2C-0632,C3_JSON_SCHEMA_STRUCTURED,14041031620462,12578.033974,batch-000050,8,12578.021887,0.0,0.006119,14028453598575,0.005968
V2C-0635,C3_JSON_SCHEMA_STRUCTURED,14041031620462,12578.033597000001,batch-000050,8,12578.021887,0.0,0.006223,14028453598575,0.005487
V2C-0653,C3_JSON_SCHEMA_STRUCTURED,14041031620462,12578.033083,batch-000050,8,12578.021887,0.0,0.005828,14028453598575,0.005368
V2C-0658,C3_JSON_SCHEMA_STRUCTURED,14041031620462,12578.034086000001,batch-000050,8,12578.021887,0.0,0.007002,14028453598575,0.005197
V2C-0670,C3_JSON_SCHEMA_STRUCTURED,14041031620462,12578.033092000001,batch-000050,8,12578.021887,0.0,0.005841,14028453598575,0.005364
V2C-0674,C3_JSON_SCHEMA_STRUCTURED,14041031620462,12578.03318,batch-000050,8,12578.021887,0.0,0.005632,14028453598575,0.005661
V2C-0681,C3_JSON_SCHEMA_STRUCTURED,14041031620462,12578.033760000002,batch-000050,8,12578.021887,0.0,0.006374,14028453598575,0.005499
V2C-0698,C3_JSON_SCHEMA_STRUCTURED,14053408376086,12376.535403,batch-000051,8,12376.522717,0.0,0.007311,14041031853369,0.005375
V2C-0700,C3_JSON_SCHEMA_STRUCTURED,14053408376086,12376.535219,batch-000051,8,12376.522717,0.0,0.00605,14041031853369,0.006452
V2C-0701,C3_JSON_SCHEMA_STRUCTURED,14053408376086,12376.534411,batch-000051,8,12376.522717,0.0,0.006029,14041031853369,0.005665
V2C-0708,C3_JSON_SCHEMA_STRUCTURED,14053408376086,12376.5345,batch-000051,8,12376.522717,0.0,0.005892,14041031853369,0.005891
V2C-0714,C3_JSON_SCHEMA_STRUCTURED,14053408376086,12376.535033,batch-000051,8,12376.522717,0.0,0.006989,14041031853369,0.005327
V2C-0717,C3_JSON_SCHEMA_STRUCTURED,14053408376086,12376.534420999998,batch-000051,8,12376.522717,0.0,0.006328,14041031853369,0.005376
V2C-0718,C3_JSON_SCHEMA_STRUCTURED,14053408376086,12376.534106,batch-000051,8,12376.522717,0.0,0.005943,14041031853369,0.005446
V2C-0722,C3_JSON_SCHEMA_STRUCTURED,14053408376086,12376.534554,batch-000051,8,12376.522717,0.0,0.005998,14041031853369,0.005839
V2C-0729,C3_JSON_SCHEMA_STRUCTURED,14065782030150,12373.430885000002,batch-000052,8,12373.41862,0.0,0.007062,14053408611530,0.005203
V2C-0735,C3_JSON_SCHEMA_STRUCTURED,14065782030150,12373.430191,batch-000052,8,12373.41862,0.0,0.006232,14053408611530,0.005339
V2C-0738,C3_JSON_SCHEMA_STRUCTURED,14065782030150,12373.429849,batch-000052,8,12373.41862,0.0,0.006016,14053408611530,0.005213
V2C-0744,C3_JSON_SCHEMA_STRUCTURED,14065782030150,12373.438318,batch-000052,8,12373.41862,0.0,0.005745,14053408611530,0.013953
V2C-0745,C3_JSON_SCHEMA_STRUCTURED,14065782030150,12373.43265,batch-000052,8,12373.41862,0.0,0.007444,14053408611530,0.006586
V2C-0757,C3_JSON_SCHEMA_STRUCTURED,14065782030150,12373.430819,batch-000052,8,12373.41862,0.0,0.005893,14053408611530,0.006306
V2C-0761,C3_JSON_SCHEMA_STRUCTURED,14065782030150,12373.429953,batch-000052,8,12373.41862,0.0,0.005965,14053408611530,0.005368
V2C-0767,C3_JSON_SCHEMA_STRUCTURED,14065782030150,12373.429565999999,batch-000052,8,12373.41862,0.0,0.005774,14053408611530,0.005172
V2C-0772,C3_JSON_SCHEMA_STRUCTURED,14078150102888,12367.847698,batch-000053,8,12367.836854,0.0,0.005637,14065782266034,0.005207
V2C-0773,C3_JSON_SCHEMA_STRUCTURED,14078150102888,12367.849005999999,batch-000053,8,12367.836854,0.0,0.006875,14065782266034,0.005277
V2C-0787,C3_JSON_SCHEMA_STRUCTURED,14078150102888,12367.847861,batch-000053,8,12367.836854,0.0,0.00567,14065782266034,0.005337
V2C-0790,C3_JSON_SCHEMA_STRUCTURED,14078150102888,12367.848216,batch-000053,8,12367.836854,0.0,0.005617,14065782266034,0.005745
V2C-0795,C3_JSON_SCHEMA_STRUCTURED,14078150102888,12367.848176,batch-000053,8,12367.836854,0.0,0.005996,14065782266034,0.005326
V2C-0796,C3_JSON_SCHEMA_STRUCTURED,14078150102888,12367.850927999998,batch-000053,8,12367.836854,0.0,0.008897,14065782266034,0.005177
V2C-0797,C3_JSON_SCHEMA_STRUCTURED,14078150102888,12367.847893999999,batch-000053,8,12367.836854,0.0,0.005792,14065782266034,0.005248
V2C-0801,C3_JSON_SCHEMA_STRUCTURED,14078150102888,12367.847749999999,batch-000053,8,12367.836854,0.0,0.005705,14065782266034,0.005191
V2C-0803,C3_JSON_SCHEMA_STRUCTURED,14090665915719,12515.575992999999,batch-000054,8,12515.564901,0.0,0.005571,14078150350818,0.005521
V2C-0811,C3_JSON_SCHEMA_STRUCTURED,14090665915719,12515.576228999998,batch-000054,8,12515.564901,0.0,0.005726,14078150350818,0.005602
V2C-0813,C3_JSON_SCHEMA_STRUCTURED,14090665915719,12515.576052999999,batch-000054,8,12515.564901,0.0,0.005758,14078150350818,0.005394
V2C-0815,C3_JSON_SCHEMA_STRUCTURED,14090665915719,12515.576841,batch-000054,8,12515.564901,0.0,0.006791,14078150350818,0.005149
V2C-0827,C3_JSON_SCHEMA_STRUCTURED,14090665915719,12515.576877,batch-000054,8,12515.564901,0.0,0.005865,14078150350818,0.006111
V2C-0835,C3_JSON_SCHEMA_STRUCTURED,14090665915719,12515.575638,batch-000054,8,12515.564901,0.0,0.005569,14078150350818,0.005168
V2C-0839,C3_JSON_SCHEMA_STRUCTURED,14090665915719,12515.575749,batch-000054,8,12515.564901,0.0,0.005678,14078150350818,0.00517
V2C-0842,C3_JSON_SCHEMA_STRUCTURED,14090665915719,12515.575991,batch-000054,8,12515.564901,0.0,0.005964,14078150350818,0.005126
V2C-0844,C3_JSON_SCHEMA_STRUCTURED,14103186340652,12520.163916,batch-000055,8,12520.147093,0.0,0.011123,14090666193559,0.0057
V2C-0847,C3_JSON_SCHEMA_STRUCTURED,14103186340652,12520.15955,batch-000055,8,12520.147093,0.0,0.006958,14090666193559,0.005499
V2C-0850,C3_JSON_SCHEMA_STRUCTURED,14103186340652,12520.159464999999,batch-000055,8,12520.147093,0.0,0.006913,14090666193559,0.005459
V2C-0851,C3_JSON_SCHEMA_STRUCTURED,14103186340652,12520.159034,batch-000055,8,12520.147093,0.0,0.00669,14090666193559,0.005251
V2C-0859,C3_JSON_SCHEMA_STRUCTURED,14103186340652,12520.16072,batch-000055,8,12520.147093,0.0,0.008087,14090666193559,0.00554
V2C-0862,C3_JSON_SCHEMA_STRUCTURED,14103186340652,12520.159589,batch-000055,8,12520.147093,0.0,0.006938,14090666193559,0.005558
V2C-0863,C3_JSON_SCHEMA_STRUCTURED,14103186340652,12520.15951,batch-000055,8,12520.147093,0.0,0.007042,14090666193559,0.005375
V2C-0867,C3_JSON_SCHEMA_STRUCTURED,14103186340652,12520.159211,batch-000055,8,12520.147093,0.0,0.006889,14090666193559,0.005229
V2C-0881,C3_JSON_SCHEMA_STRUCTURED,14115836448559,12649.852805,batch-000056,8,12649.840608,0.0,0.007012,14103186607951,0.005185
V2C-0886,C3_JSON_SCHEMA_STRUCTURED,14115836448559,12649.855371000001,batch-000056,8,12649.840608,0.0,0.00956,14103186607951,0.005203
V2C-0900,C3_JSON_SCHEMA_STRUCTURED,14115836448559,12649.852781,batch-000056,8,12649.840608,0.0,0.006899,14103186607951,0.005274
V2C-0901,C3_JSON_SCHEMA_STRUCTURED,14115836448559,12649.852869,batch-000056,8,12649.840608,0.0,0.006879,14103186607951,0.005382
V2C-0902,C3_JSON_SCHEMA_STRUCTURED,14115836448559,12649.852724,batch-000056,8,12649.840608,0.0,0.006829,14103186607951,0.005287
V2C-0903,C3_JSON_SCHEMA_STRUCTURED,14115836448559,12649.854318000002,batch-000056,8,12649.840608,0.0,0.008432,14103186607951,0.005278
V2C-0904,C3_JSON_SCHEMA_STRUCTURED,14115836448559,12649.852892,batch-000056,8,12649.840608,0.0,0.00713,14103186607951,0.005154
V2C-0907,C3_JSON_SCHEMA_STRUCTURED,14115836448559,12649.87271,batch-000056,8,12649.840608,0.0,0.026708,14103186607951,0.005394
V2C-0908,C3_JSON_SCHEMA_STRUCTURED,14128695557533,12858.871297,batch-000057,8,12858.852158,0.0,0.014016,14115836705375,0.005123
V2C-0909,C3_JSON_SCHEMA_STRUCTURED,14128695557533,12858.867936999999,batch-000057,8,12858.852158,0.0,0.010121,14115836705375,0.005658
V2C-0911,C3_JSON_SCHEMA_STRUCTURED,14128695557533,12858.865794,batch-000057,8,12858.852158,0.0,0.007717,14115836705375,0.005919
V2C-0912,C3_JSON_SCHEMA_STRUCTURED,14128695557533,12858.864485,batch-000057,8,12858.852158,0.0,0.007172,14115836705375,0.005155
V2C-0913,C3_JSON_SCHEMA_STRUCTURED,14128695557533,12858.864757,batch-000057,8,12858.852158,0.0,0.007147,14115836705375,0.005452
V2C-0914,C3_JSON_SCHEMA_STRUCTURED,14128695557533,12858.866339999999,batch-000057,8,12858.852158,0.0,0.008847,14115836705375,0.005335
V2C-0915,C3_JSON_SCHEMA_STRUCTURED,14128695557533,12858.864907,batch-000057,8,12858.852158,0.0,0.007563,14115836705375,0.005186
V2C-0916,C3_JSON_SCHEMA_STRUCTURED,14128695557533,12858.865185999999,batch-000057,8,12858.852158,0.0,0.007555,14115836705375,0.005473
V2C-0917,C3_JSON_SCHEMA_STRUCTURED,14141324513084,12628.743019,batch-000058,8,12628.730263,0.0,0.006944,14128695782821,0.005812
V2C-0918,C3_JSON_SCHEMA_STRUCTURED,14141324513084,12628.751688999999,batch-000058,8,12628.730263,0.0,0.01612,14128695782821,0.005306
V2C-0919,C3_JSON_SCHEMA_STRUCTURED,14141324513084,12628.742474,batch-000058,8,12628.730263,0.0,0.006922,14128695782821,0.005289
V2C-0921,C3_JSON_SCHEMA_STRUCTURED,14141324513084,12628.742395,batch-000058,8,12628.730263,0.0,0.006929,14128695782821,0.005203
V2C-0922,C3_JSON_SCHEMA_STRUCTURED,14141324513084,12628.742479,batch-000058,8,12628.730263,0.0,0.007056,14128695782821,0.00516
V2C-0923,C3_JSON_SCHEMA_STRUCTURED,14141324513084,12628.743432,batch-000058,8,12628.730263,0.0,0.007811,14128695782821,0.005358
V2C-0925,C3_JSON_SCHEMA_STRUCTURED,14141324513084,12628.74467,batch-000058,8,12628.730263,0.0,0.008425,14128695782821,0.005982
V2C-0926,C3_JSON_SCHEMA_STRUCTURED,14141324513084,12628.742841,batch-000058,8,12628.730263,0.0,0.007059,14128695782821,0.005519
V2C-0927,C3_JSON_SCHEMA_STRUCTURED,14153983261430,12658.504660999999,batch-000059,8,12658.49276,0.0,0.006656,14141324768670,0.005245
V2C-0928,C3_JSON_SCHEMA_STRUCTURED,14153983261430,12658.504869,batch-000059,8,12658.49276,0.0,0.006917,14141324768670,0.005192
V2C-0929,C3_JSON_SCHEMA_STRUCTURED,14153983261430,12658.505098,batch-000059,8,12658.49276,0.0,0.006952,14141324768670,0.005386
V2C-0930,C3_JSON_SCHEMA_STRUCTURED,14153983261430,12658.506602,batch-000059,8,12658.49276,0.0,0.008101,14141324768670,0.005741
V2C-0931,C3_JSON_SCHEMA_STRUCTURED,14153983261430,12658.505502,batch-000059,8,12658.49276,0.0,0.006657,14141324768670,0.006085
V2C-0932,C3_JSON_SCHEMA_STRUCTURED,14153983261430,12658.505684999998,batch-000059,8,12658.49276,0.0,0.006977,14141324768670,0.005948
V2C-0935,C3_JSON_SCHEMA_STRUCTURED,14153983261430,12658.529422,batch-000059,8,12658.49276,0.0,0.007265,14141324768670,0.029397
V2C-0936,C3_JSON_SCHEMA_STRUCTURED,14153983261430,12658.506627,batch-000059,8,12658.49276,0.0,0.008159,14141324768670,0.005708
V2C-0937,C3_JSON_SCHEMA_STRUCTURED,14166610358240,12626.877285,batch-000060,8,12626.864674,0.0,0.007297,14153983493566,0.005314
V2C-0938,C3_JSON_SCHEMA_STRUCTURED,14166610358240,12626.877085000002,batch-000060,8,12626.864674,0.0,0.007197,14153983493566,0.005214
V2C-0940,C3_JSON_SCHEMA_STRUCTURED,14166610358240,12626.87942,batch-000060,8,12626.864674,0.0,0.009069,14153983493566,0.005677
V2C-0941,C3_JSON_SCHEMA_STRUCTURED,14166610358240,12626.877247,batch-000060,8,12626.864674,0.0,0.00731,14153983493566,0.005263
V2C-0942,C3_JSON_SCHEMA_STRUCTURED,14166610358240,12626.87699,batch-000060,8,12626.864674,0.0,0.00697,14153983493566,0.005346
V2C-0944,C3_JSON_SCHEMA_STRUCTURED,14166610358240,12626.876814,batch-000060,8,12626.864674,0.0,0.006898,14153983493566,0.005242
V2C-0945,C3_JSON_SCHEMA_STRUCTURED,14166610358240,12626.877841,batch-000060,8,12626.864674,0.0,0.007994,14153983493566,0.005173
V2C-0947,C3_JSON_SCHEMA_STRUCTURED,14166610358240,12626.876852,batch-000060,8,12626.864674,0.0,0.00702,14153983493566,0.005158
V2C-0949,C3_JSON_SCHEMA_STRUCTURED,14179298844838,12688.252171,batch-000061,8,12688.239195,0.0,0.007316,14166610605643,0.00566
V2C-0950,C3_JSON_SCHEMA_STRUCTURED,14179298844838,12688.251622,batch-000061,8,12688.239195,0.0,0.007048,14166610605643,0.005379
V2C-0953,C3_JSON_SCHEMA_STRUCTURED,14179298844838,12688.251332000002,batch-000061,8,12688.239195,0.0,0.007014,14166610605643,0.005123
V2C-0954,C3_JSON_SCHEMA_STRUCTURED,14179298844838,12688.253499,batch-000061,8,12688.239195,0.0,0.008414,14166610605643,0.00589
V2C-0955,C3_JSON_SCHEMA_STRUCTURED,14179298844838,12688.251608,batch-000061,8,12688.239195,0.0,0.007167,14166610605643,0.005246
V2C-0957,C3_JSON_SCHEMA_STRUCTURED,14179298844838,12688.251261,batch-000061,8,12688.239195,0.0,0.006905,14166610605643,0.005161
V2C-0958,C3_JSON_SCHEMA_STRUCTURED,14179298844838,12688.251669000001,batch-000061,8,12688.239195,0.0,0.007165,14166610605643,0.005309
V2C-0960,C3_JSON_SCHEMA_STRUCTURED,14179298844838,12688.252962999999,batch-000061,8,12688.239195,0.0,0.008412,14166610605643,0.005356
V2C-0961,C3_JSON_SCHEMA_STRUCTURED,14192089691198,12790.574976,batch-000062,8,12790.562068,0.0,0.007084,14179299129130,0.005824
V2C-0965,C3_JSON_SCHEMA_STRUCTURED,14192089691198,12790.574899,batch-000062,8,12790.562068,0.0,0.007149,14179299129130,0.005682
V2C-0966,C3_JSON_SCHEMA_STRUCTURED,14192089691198,12790.574442,batch-000062,8,12790.562068,0.0,0.007175,14179299129130,0.005199
V2C-0969,C3_JSON_SCHEMA_STRUCTURED,14192089691198,12790.574388999998,batch-000062,8,12790.562068,0.0,0.006816,14179299129130,0.005505
V2C-0970,C3_JSON_SCHEMA_STRUCTURED,14192089691198,12790.575877,batch-000062,8,12790.562068,0.0,0.008096,14179299129130,0.005713
V2C-0972,C3_JSON_SCHEMA_STRUCTURED,14192089691198,12790.574132,batch-000062,8,12790.562068,0.0,0.006855,14179299129130,0.005209
V2C-0973,C3_JSON_SCHEMA_STRUCTURED,14192089691198,12790.573986,batch-000062,8,12790.562068,0.0,0.006771,14179299129130,0.005147
V2C-0974,C3_JSON_SCHEMA_STRUCTURED,14192089691198,12790.575115999998,batch-000062,8,12790.562068,0.0,0.007886,14179299129130,0.005162
V2C-0976,C3_JSON_SCHEMA_STRUCTURED,14204647850632,12557.923128,batch-000063,8,12557.910695,0.0,0.007175,14192089939937,0.005258
V2C-0977,C3_JSON_SCHEMA_STRUCTURED,14204647850632,12557.936431000002,batch-000063,8,12557.910695,0.0,0.007014,14192089939937,0.018722
V2C-0978,C3_JSON_SCHEMA_STRUCTURED,14204647850632,12557.938682,batch-000063,8,12557.910695,0.0,0.007,14192089939937,0.020987
V2C-0979,C3_JSON_SCHEMA_STRUCTURED,14204647850632,12557.930144000002,batch-000063,8,12557.910695,0.0,0.006821,14192089939937,0.012628
V2C-0980,C3_JSON_SCHEMA_STRUCTURED,14204647850632,12557.926308,batch-000063,8,12557.910695,0.0,0.008813,14192089939937,0.0068
V2C-0981,C3_JSON_SCHEMA_STRUCTURED,14204647850632,12557.92336,batch-000063,8,12557.910695,0.0,0.006856,14192089939937,0.005809
V2C-0982,C3_JSON_SCHEMA_STRUCTURED,14204647850632,12557.922913,batch-000063,8,12557.910695,0.0,0.006801,14192089939937,0.005417
V2C-0988,C3_JSON_SCHEMA_STRUCTURED,14204647850632,12557.925205,batch-000063,8,12557.910695,0.0,0.009128,14192089939937,0.005382
V2C-0989,C3_JSON_SCHEMA_STRUCTURED,14217271001408,12622.894813,batch-000064,8,12622.881979,0.0,0.006964,14204648119429,0.00587
V2C-0990,C3_JSON_SCHEMA_STRUCTURED,14217271001408,12622.894284,batch-000064,8,12622.881979,0.0,0.007003,14204648119429,0.005302
V2C-0991,C3_JSON_SCHEMA_STRUCTURED,14217271001408,12622.894182,batch-000064,8,12622.881979,0.0,0.006919,14204648119429,0.005284
V2C-0994,C3_JSON_SCHEMA_STRUCTURED,14217271001408,12622.895917,batch-000064,8,12622.881979,0.0,0.008726,14204648119429,0.005212
V2C-0996,C3_JSON_SCHEMA_STRUCTURED,14217271001408,12622.894868,batch-000064,8,12622.881979,0.0,0.00762,14204648119429,0.005269
V2C-0999,C3_JSON_SCHEMA_STRUCTURED,14217271001408,12622.894746,batch-000064,8,12622.881979,0.0,0.007486,14204648119429,0.005281
V2C-1000,C3_JSON_SCHEMA_STRUCTURED,14217271001408,12622.907005,batch-000064,8,12622.881979,0.0,0.005975,14204648119429,0.019051
V2C-1001,C3_JSON_SCHEMA_STRUCTURED,14217271001408,12622.905021,batch-000064,8,12622.881979,0.0,0.005228,14204648119429,0.017814
V2C-1002,C3_JSON_SCHEMA_STRUCTURED,14228911570103,11640.352942,batch-000065,8,11640.333524,0.0,0.004808,14217271236579,0.01461
V2C-1003,C3_JSON_SCHEMA_STRUCTURED,14228911570103,11640.353359,batch-000065,8,11640.333524,0.0,0.00518,14217271236579,0.014655
V2C-1010,C3_JSON_SCHEMA_STRUCTURED,14228911570103,11640.350927000001,batch-000065,8,11640.333524,0.0,0.00465,14217271236579,0.012753
V2C-1011,C3_JSON_SCHEMA_STRUCTURED,14228911570103,11640.351471999998,batch-000065,8,11640.333524,0.0,0.005183,14217271236579,0.012765
V2C-1012,C3_JSON_SCHEMA_STRUCTURED,14228911570103,11640.347915,batch-000065,8,11640.333524,0.0,0.005048,14217271236579,0.009343
V2C-1013,C3_JSON_SCHEMA_STRUCTURED,14228911570103,11640.351512,batch-000065,8,11640.333524,0.0,0.004748,14217271236579,0.01324
V2C-1014,C3_JSON_SCHEMA_STRUCTURED,14228911570103,11640.350515,batch-000065,8,11640.333524,0.0,0.004552,14217271236579,0.012439
V2C-1015,C3_JSON_SCHEMA_STRUCTURED,14228911570103,11640.35065,batch-000065,8,11640.333524,0.0,0.004777,14217271236579,0.012349
V2C-1016,C3_JSON_SCHEMA_STRUCTURED,14240660980436,11749.174019,batch-000066,8,11749.145367,0.0,0.005245,14228911835069,0.023407
V2C-1017,C3_JSON_SCHEMA_STRUCTURED,14240660980436,11749.171214,batch-000066,8,11749.145367,0.0,0.004406,14228911835069,0.021441
V2C-1019,C3_JSON_SCHEMA_STRUCTURED,14240660980436,11749.166406,batch-000066,8,11749.145367,0.0,0.004317,14228911835069,0.016722
V2C-1020,C3_JSON_SCHEMA_STRUCTURED,14240660980436,11749.161409,batch-000066,8,11749.145367,0.0,0.004902,14228911835069,0.01114
V2C-1022,C3_JSON_SCHEMA_STRUCTURED,14240660980436,11749.162946,batch-000066,8,11749.145367,0.0,0.004591,14228911835069,0.012988
V2C-1024,C3_JSON_SCHEMA_STRUCTURED,14240660980436,11749.159656999998,batch-000066,8,11749.145367,0.0,0.004613,14228911835069,0.009677
V2C-1025,C3_JSON_SCHEMA_STRUCTURED,14240660980436,11749.162054999999,batch-000066,8,11749.145367,0.0,0.004417,14228911835069,0.012271
V2C-1026,C3_JSON_SCHEMA_STRUCTURED,14240660980436,11749.162405000001,batch-000066,8,11749.145367,0.0,0.004516,14228911835069,0.012522
V2C-1028,C3_JSON_SCHEMA_STRUCTURED,14252316049207,11654.778656,batch-000067,8,11654.765034,0.0,0.004632,14240661284173,0.00899
V2C-1030,C3_JSON_SCHEMA_STRUCTURED,14252316049207,11654.782086,batch-000067,8,11654.765034,0.0,0.004915,14240661284173,0.012137
V2C-1032,C3_JSON_SCHEMA_STRUCTURED,14252316049207,11654.778619,batch-000067,8,11654.765034,0.0,0.004521,14240661284173,0.009064
V2C-1033,C3_JSON_SCHEMA_STRUCTURED,14252316049207,11654.781533,batch-000067,8,11654.765034,0.0,0.004464,14240661284173,0.012035
V2C-1035,C3_JSON_SCHEMA_STRUCTURED,14252316049207,11654.782039,batch-000067,8,11654.765034,0.0,0.004547,14240661284173,0.012458
V2C-1036,C3_JSON_SCHEMA_STRUCTURED,14252316049207,11654.779788,batch-000067,8,11654.765034,0.0,0.005583,14240661284173,0.009171
V2C-1037,C3_JSON_SCHEMA_STRUCTURED,14252316049207,11654.82221,batch-000067,8,11654.765034,0.0,0.044918,14240661284173,0.012258
V2C-1039,C3_JSON_SCHEMA_STRUCTURED,14252316049207,11654.782209,batch-000067,8,11654.765034,0.0,0.004919,14240661284173,0.012256
V2C-1040,C3_JSON_SCHEMA_STRUCTURED,14264216688500,11900.395065,batch-000068,8,11900.381088,0.0,0.004803,14252316307412,0.009174
V2C-1043,C3_JSON_SCHEMA_STRUCTURED,14264216688500,11900.398269000001,batch-000068,8,11900.381088,0.0,0.004677,14252316307412,0.012504
V2C-1045,C3_JSON_SCHEMA_STRUCTURED,14264216688500,11900.401464,batch-000068,8,11900.381088,0.0,0.004488,14252316307412,0.015888
V2C-1046,C3_JSON_SCHEMA_STRUCTURED,14264216688500,11900.398641,batch-000068,8,11900.381088,0.0,0.004654,14252316307412,0.012899
V2C-1047,C3_JSON_SCHEMA_STRUCTURED,14264216688500,11900.398003,batch-000068,8,11900.381088,0.0,0.004537,14252316307412,0.012378
V2C-1049,C3_JSON_SCHEMA_STRUCTURED,14264216688500,11900.397965,batch-000068,8,11900.381088,0.0,0.004662,14252316307412,0.012215
V2C-1050,C3_JSON_SCHEMA_STRUCTURED,14264216688500,11900.40307,batch-000068,8,11900.381088,0.0,0.004537,14252316307412,0.017445
V2C-1055,C3_JSON_SCHEMA_STRUCTURED,14264216688500,11900.400070000002,batch-000068,8,11900.381088,0.0,0.004473,14252316307412,0.014509
V2C-1057,C3_JSON_SCHEMA_STRUCTURED,14275971806093,11754.876553,batch-000069,8,11754.859032,0.0,0.004545,14264216947061,0.012976
V2C-1061,C3_JSON_SCHEMA_STRUCTURED,14275971806093,11754.876460000001,batch-000069,8,11754.859032,0.0,0.004627,14264216947061,0.012801
V2C-1065,C3_JSON_SCHEMA_STRUCTURED,14275971806093,11754.876620000001,batch-000069,8,11754.859032,0.0,0.00445,14264216947061,0.013138
V2C-1070,C3_JSON_SCHEMA_STRUCTURED,14275971806093,11754.879201,batch-000069,8,11754.859032,0.0,0.004439,14264216947061,0.01573
V2C-1074,C3_JSON_SCHEMA_STRUCTURED,14275971806093,11754.878416,batch-000069,8,11754.859032,0.0,0.005806,14264216947061,0.013578
V2C-1076,C3_JSON_SCHEMA_STRUCTURED,14275971806093,11754.877309000001,batch-000069,8,11754.859032,0.0,0.004601,14264216947061,0.013676
V2C-1077,C3_JSON_SCHEMA_STRUCTURED,14275971806093,11754.876803000001,batch-000069,8,11754.859032,0.0,0.004751,14264216947061,0.01302
V2C-1079,C3_JSON_SCHEMA_STRUCTURED,14275971806093,11754.876107999999,batch-000069,8,11754.859032,0.0,0.004527,14264216947061,0.012549
V2C-1080,C3_JSON_SCHEMA_STRUCTURED,14287712670587,11740.650797,batch-000070,8,11740.633054,0.0,0.004508,14275972037533,0.013235
V2C-1082,C3_JSON_SCHEMA_STRUCTURED,14287712670587,11740.651300000001,batch-000070,8,11740.633054,0.0,0.004736,14275972037533,0.01351
V2C-1087,C3_JSON_SCHEMA_STRUCTURED,14287712670587,11740.650334999998,batch-000070,8,11740.633054,0.0,0.004946,14275972037533,0.012335
V2C-1088,C3_JSON_SCHEMA_STRUCTURED,14287712670587,11740.650491999999,batch-000070,8,11740.633054,0.0,0.004694,14275972037533,0.012744
V2C-1091,C3_JSON_SCHEMA_STRUCTURED,14287712670587,11740.649593999999,batch-000070,8,11740.633054,0.0,0.004436,14275972037533,0.012104
V2C-1093,C3_JSON_SCHEMA_STRUCTURED,14287712670587,11740.649847,batch-000070,8,11740.633054,0.0,0.004526,14275972037533,0.012267
V2C-1095,C3_JSON_SCHEMA_STRUCTURED,14287712670587,11740.649621,batch-000070,8,11740.633054,0.0,0.004602,14275972037533,0.011965
V2C-1096,C3_JSON_SCHEMA_STRUCTURED,14287712670587,11740.651861999999,batch-000070,8,11740.633054,0.0,0.006156,14275972037533,0.012652
V2C-1104,C3_JSON_SCHEMA_STRUCTURED,14299524942792,11812.068092,batch-000071,8,11812.048338,0.0,0.004685,14287712894454,0.015069
V2C-1107,C3_JSON_SCHEMA_STRUCTURED,14299524942792,11812.057362000001,batch-000071,8,11812.048338,0.0,0.004336,14287712894454,0.004688
V2C-1109,C3_JSON_SCHEMA_STRUCTURED,14299524942792,11812.065699,batch-000071,8,11812.048338,0.0,0.004295,14287712894454,0.013066
V2C-1110,C3_JSON_SCHEMA_STRUCTURED,14299524942792,11812.067723,batch-000071,8,11812.048338,0.0,0.004927,14287712894454,0.014458
V2C-1115,C3_JSON_SCHEMA_STRUCTURED,14299524942792,11812.057366000001,batch-000071,8,11812.048338,0.0,0.004534,14287712894454,0.004494
V2C-1116,C3_JSON_SCHEMA_STRUCTURED,14299524942792,11812.066643,batch-000071,8,11812.048338,0.0,0.004689,14287712894454,0.013616
V2C-1118,C3_JSON_SCHEMA_STRUCTURED,14299524942792,11812.065874000002,batch-000071,8,11812.048338,0.0,0.004516,14287712894454,0.01302
V2C-1119,C3_JSON_SCHEMA_STRUCTURED,14299524942792,11812.056847000002,batch-000071,8,11812.048338,0.0,0.004344,14287712894454,0.004165
V2C-1120,C3_JSON_SCHEMA_STRUCTURED,14311418849500,11893.666726,batch-000072,8,11893.64856,0.0,0.004549,14299525200940,0.013617
V2C-1123,C3_JSON_SCHEMA_STRUCTURED,14311418849500,11893.657861999998,batch-000072,8,11893.64856,0.0,0.004871,14299525200940,0.004431
V2C-1127,C3_JSON_SCHEMA_STRUCTURED,14311418849500,11893.657049999998,batch-000072,8,11893.64856,0.0,0.004264,14299525200940,0.004226
V2C-1128,C3_JSON_SCHEMA_STRUCTURED,14311418849500,11893.667363999999,batch-000072,8,11893.64856,0.0,0.005162,14299525200940,0.013642
V2C-1130,C3_JSON_SCHEMA_STRUCTURED,14311418849500,11893.665576,batch-000072,8,11893.64856,0.0,0.004422,14299525200940,0.012594
V2C-1133,C3_JSON_SCHEMA_STRUCTURED,14311418849500,11893.665937,batch-000072,8,11893.64856,0.0,0.004617,14299525200940,0.01276
V2C-1139,C3_JSON_SCHEMA_STRUCTURED,14311418849500,11893.657022999998,batch-000072,8,11893.64856,0.0,0.00428,14299525200940,0.004183
V2C-1141,C3_JSON_SCHEMA_STRUCTURED,14311418849500,11893.665799,batch-000072,8,11893.64856,0.0,0.004358,14299525200940,0.012881
V2C-1154,C3_JSON_SCHEMA_STRUCTURED,14324040242752,12621.144567,batch-000073,8,12621.12986,0.0,0.007916,14311419112892,0.006791
V2C-1155,C3_JSON_SCHEMA_STRUCTURED,14324040242752,12621.143693,batch-000073,8,12621.12986,0.0,0.007442,14311419112892,0.006391
V2C-1156,C3_JSON_SCHEMA_STRUCTURED,14324040242752,12621.143059999999,batch-000073,8,12621.12986,0.0,0.007633,14311419112892,0.005567
V2C-1158,C3_JSON_SCHEMA_STRUCTURED,14324040242752,12621.143585,batch-000073,8,12621.12986,0.0,0.008416,14311419112892,0.005309
V2C-1160,C3_JSON_SCHEMA_STRUCTURED,14324040242752,12621.158582999999,batch-000073,8,12621.12986,0.0,0.023453,14311419112892,0.00527
V2C-1162,C3_JSON_SCHEMA_STRUCTURED,14324040242752,12621.145653999998,batch-000073,8,12621.12986,0.0,0.010352,14311419112892,0.005442
V2C-1163,C3_JSON_SCHEMA_STRUCTURED,14324040242752,12621.143952999999,batch-000073,8,12621.12986,0.0,0.008863,14311419112892,0.00523
V2C-1164,C3_JSON_SCHEMA_STRUCTURED,14324040242752,12621.142380999998,batch-000073,8,12621.12986,0.0,0.007375,14311419112892,0.005146
V2C-1171,C3_JSON_SCHEMA_STRUCTURED,14336631001667,12590.477217,batch-000074,8,12590.464821,0.0,0.007196,14324040536846,0.0052
V2C-1173,C3_JSON_SCHEMA_STRUCTURED,14336631001667,12590.477702,batch-000074,8,12590.464821,0.0,0.007516,14324040536846,0.005365
V2C-1175,C3_JSON_SCHEMA_STRUCTURED,14336631001667,12590.476966999999,batch-000074,8,12590.464821,0.0,0.006897,14324040536846,0.005249
V2C-1178,C3_JSON_SCHEMA_STRUCTURED,14336631001667,12590.478337,batch-000074,8,12590.464821,0.0,0.008292,14324040536846,0.005224
V2C-1187,C3_JSON_SCHEMA_STRUCTURED,14336631001667,12590.476899,batch-000074,8,12590.464821,0.0,0.006806,14324040536846,0.005272
V2C-1190,C3_JSON_SCHEMA_STRUCTURED,14336631001667,12590.477256,batch-000074,8,12590.464821,0.0,0.006986,14324040536846,0.005449
V2C-1194,C3_JSON_SCHEMA_STRUCTURED,14336631001667,12590.477046,batch-000074,8,12590.464821,0.0,0.006974,14324040536846,0.005251
V2C-1199,C3_JSON_SCHEMA_STRUCTURED,14336631001667,12590.478787999999,batch-000074,8,12590.464821,0.0,0.008822,14324040536846,0.005145
EXT-ADVERSARIAL-0002,C4_TOOL_CALLING_AGENT,6514634495296,19974.350425,batch-000000,8,19974.223705,0.0,0.12672,5626109480333,0.0
EXT-ADVERSARIAL-0003,C4_TOOL_CALLING_AGENT,6514634495296,19974.244505,batch-000000,8,19974.223705,0.0,0.0208,5626109480333,0.0
EXT-ADVERSARIAL-0005,C4_TOOL_CALLING_AGENT,6514634495296,19974.233968,batch-000000,8,19974.223705,0.0,0.010263,5626109480333,0.0
EXT-ADVERSARIAL-0014,C4_TOOL_CALLING_AGENT,6514634495296,19974.235737,batch-000000,8,19974.223705,0.0,0.012032,5626109480333,0.0
EXT-ADVERSARIAL-0015,C4_TOOL_CALLING_AGENT,6514634495296,19974.231087,batch-000000,8,19974.223705,0.0,0.007382,5626109480333,0.0
EXT-ADVERSARIAL-0018,C4_TOOL_CALLING_AGENT,6514634495296,19974.233713999998,batch-000000,8,19974.223705,0.0,0.010009,5626109480333,0.0
EXT-ADVERSARIAL-0021,C4_TOOL_CALLING_AGENT,6514634495296,19974.232221,batch-000000,8,19974.223705,0.0,0.008516,5626109480333,0.0
EXT-ADVERSARIAL-0025,C4_TOOL_CALLING_AGENT,6514634495296,19974.242266999998,batch-000000,8,19974.223705,0.0,0.018562,5626109480333,0.0
EXT-ADVERSARIAL-0026,C4_TOOL_CALLING_AGENT,6518095758044,15297.180939000002,batch-000001,8,15297.166522,0.0,0.014417,5642180039672,0.0
EXT-ADVERSARIAL-0028,C4_TOOL_CALLING_AGENT,6518095758044,15297.177018999999,batch-000001,8,15297.166522,0.0,0.010497,5642180039672,0.0
EXT-ADVERSARIAL-0029,C4_TOOL_CALLING_AGENT,6518095758044,15297.175843,batch-000001,8,15297.166522,0.0,0.009321,5642180039672,0.0
EXT-ADVERSARIAL-0031,C4_TOOL_CALLING_AGENT,6518095758044,15297.175316,batch-000001,8,15297.166522,0.0,0.008794,5642180039672,0.0
EXT-ADVERSARIAL-0032,C4_TOOL_CALLING_AGENT,6518095758044,15297.175367,batch-000001,8,15297.166522,0.0,0.008845,5642180039672,0.0
EXT-ADVERSARIAL-0034,C4_TOOL_CALLING_AGENT,6518095758044,15297.173755,batch-000001,8,15297.166522,0.0,0.007233,5642180039672,0.0
EXT-ADVERSARIAL-0039,C4_TOOL_CALLING_AGENT,6518095758044,15297.174149000002,batch-000001,8,15297.166522,0.0,0.007627,5642180039672,0.0
EXT-ADVERSARIAL-0044,C4_TOOL_CALLING_AGENT,6518095758044,15297.173647,batch-000001,8,15297.166522,0.0,0.007125,5642180039672,0.0
EXT-ADVERSARIAL-0050,C4_TOOL_CALLING_AGENT,6521568974012,15176.645605000002,batch-000002,8,15176.637545000001,0.0,0.00806,5654016431566,0.0
EXT-ADVERSARIAL-0051,C4_TOOL_CALLING_AGENT,6521568974012,15176.6463,batch-000002,8,15176.637545000001,0.0,0.008755,5654016431566,0.0
EXT-ADVERSARIAL-0056,C4_TOOL_CALLING_AGENT,6521568974012,15176.645093,batch-000002,8,15176.637545000001,0.0,0.007548,5654016431566,0.0
EXT-ADVERSARIAL-0058,C4_TOOL_CALLING_AGENT,6521568974012,15176.645179,batch-000002,8,15176.637545000001,0.0,0.007634,5654016431566,0.0
EXT-ADVERSARIAL-0061,C4_TOOL_CALLING_AGENT,6521568974012,15176.645442000001,batch-000002,8,15176.637545000001,0.0,0.007897,5654016431566,0.0
EXT-ADVERSARIAL-0063,C4_TOOL_CALLING_AGENT,6521568974012,15176.644660000002,batch-000002,8,15176.637545000001,0.0,0.007115,5654016431566,0.0
EXT-ADVERSARIAL-0071,C4_TOOL_CALLING_AGENT,6521568974012,15176.644960000001,batch-000002,8,15176.637545000001,0.0,0.007415,5654016431566,0.0
EXT-ADVERSARIAL-0073,C4_TOOL_CALLING_AGENT,6521568974012,15176.644969,batch-000002,8,15176.637545000001,0.0,0.007424,5654016431566,0.0
EXT-ADVERSARIAL-0076,C4_TOOL_CALLING_AGENT,6525409179346,15879.388148,batch-000003,8,15879.381595,0.0,0.006553,5665720565444,0.0
EXT-ADVERSARIAL-0078,C4_TOOL_CALLING_AGENT,6525409179346,15879.388969000001,batch-000003,8,15879.381595,0.0,0.007374,5665720565444,0.0
EXT-ADVERSARIAL-0082,C4_TOOL_CALLING_AGENT,6525409179346,15879.390056,batch-000003,8,15879.381595,0.0,0.008461,5665720565444,0.0
EXT-ADVERSARIAL-0084,C4_TOOL_CALLING_AGENT,6525409179346,15879.388918,batch-000003,8,15879.381595,0.0,0.007323,5665720565444,0.0
EXT-ADVERSARIAL-0085,C4_TOOL_CALLING_AGENT,6525409179346,15879.387131000001,batch-000003,8,15879.381595,0.0,0.005536,5665720565444,0.0
EXT-ADVERSARIAL-0089,C4_TOOL_CALLING_AGENT,6525409179346,15879.388588000002,batch-000003,8,15879.381595,0.0,0.006993,5665720565444,0.0
EXT-ADVERSARIAL-0093,C4_TOOL_CALLING_AGENT,6525409179346,15879.388944,batch-000003,8,15879.381595,0.0,0.007349,5665720565444,0.0
EXT-ADVERSARIAL-0095,C4_TOOL_CALLING_AGENT,6525409179346,15879.390977000001,batch-000003,8,15879.381595,0.0,0.009382,5665720565444,0.0
EXT-ADVERSARIAL-0097,C4_TOOL_CALLING_AGENT,6528849189441,15188.788577,batch-000004,8,15188.77881,0.0,0.009767,5677760255219,0.0
EXT-ADVERSARIAL-0098,C4_TOOL_CALLING_AGENT,6528849189441,15188.799353,batch-000004,8,15188.77881,0.0,0.020543,5677760255219,0.0
EXT-AMBIGUOUS-0003,C4_TOOL_CALLING_AGENT,6528849189441,15188.788813,batch-000004,8,15188.77881,0.0,0.010003,5677760255219,0.0
EXT-AMBIGUOUS-0004,C4_TOOL_CALLING_AGENT,6528849189441,15188.787903,batch-000004,8,15188.77881,0.0,0.009093,5677760255219,0.0
EXT-AMBIGUOUS-0014,C4_TOOL_CALLING_AGENT,6528849189441,15188.786606,batch-000004,8,15188.77881,0.0,0.007796,5677760255219,0.0
EXT-AMBIGUOUS-0015,C4_TOOL_CALLING_AGENT,6528849189441,15188.785887,batch-000004,8,15188.77881,0.0,0.007077,5677760255219,0.0
EXT-AMBIGUOUS-0024,C4_TOOL_CALLING_AGENT,6528849189441,15188.786001999999,batch-000004,8,15188.77881,0.0,0.007192,5677760255219,0.0
EXT-AMBIGUOUS-0026,C4_TOOL_CALLING_AGENT,6528849189441,15188.793233,batch-000004,8,15188.77881,0.0,0.014423,5677760255219,0.0
EXT-AMBIGUOUS-0028,C4_TOOL_CALLING_AGENT,6531835897594,14471.421009,batch-000005,8,14471.412645,0.0,0.008364,5689509520379,0.0
EXT-AMBIGUOUS-0033,C4_TOOL_CALLING_AGENT,6531835897594,14471.41983,batch-000005,8,14471.412645,0.0,0.007185,5689509520379,0.0
EXT-AMBIGUOUS-0035,C4_TOOL_CALLING_AGENT,6531835897594,14471.419835,batch-000005,8,14471.412645,0.0,0.00719,5689509520379,0.0
EXT-AMBIGUOUS-0039,C4_TOOL_CALLING_AGENT,6531835897594,14471.419823,batch-000005,8,14471.412645,0.0,0.007178,5689509520379,0.0
EXT-AMBIGUOUS-0041,C4_TOOL_CALLING_AGENT,6531835897594,14471.418983,batch-000005,8,14471.412645,0.0,0.006338,5689509520379,0.0
EXT-AMBIGUOUS-0044,C4_TOOL_CALLING_AGENT,6531835897594,14471.419026,batch-000005,8,14471.412645,0.0,0.006381,5689509520379,0.0
EXT-AMBIGUOUS-0049,C4_TOOL_CALLING_AGENT,6531835897594,14471.419385000001,batch-000005,8,14471.412645,0.0,0.00674,5689509520379,0.0
EXT-AMBIGUOUS-0050,C4_TOOL_CALLING_AGENT,6531835897594,14471.419192000001,batch-000005,8,14471.412645,0.0,0.006547,5689509520379,0.0
EXT-INVALID_ENTITY-0004,C4_TOOL_CALLING_AGENT,6535502801688,15486.677965000003,batch-000006,8,15486.67108,0.0,0.006885,5700994788430,0.0
EXT-INVALID_ENTITY-0006,C4_TOOL_CALLING_AGENT,6535502801688,15486.677792000002,batch-000006,8,15486.67108,0.0,0.006712,5700994788430,0.0
EXT-INVALID_ENTITY-0009,C4_TOOL_CALLING_AGENT,6535502801688,15486.677963000002,batch-000006,8,15486.67108,0.0,0.006883,5700994788430,0.0
EXT-INVALID_ENTITY-0011,C4_TOOL_CALLING_AGENT,6535502801688,15486.678671000001,batch-000006,8,15486.67108,0.0,0.007591,5700994788430,0.0
EXT-INVALID_ENTITY-0013,C4_TOOL_CALLING_AGENT,6535502801688,15486.678628000001,batch-000006,8,15486.67108,0.0,0.007548,5700994788430,0.0
EXT-INVALID_ENTITY-0022,C4_TOOL_CALLING_AGENT,6535502801688,15486.678381000002,batch-000006,8,15486.67108,0.0,0.007301,5700994788430,0.0
EXT-INVALID_ENTITY-0026,C4_TOOL_CALLING_AGENT,6535502801688,15486.677988,batch-000006,8,15486.67108,0.0,0.006908,5700994788430,0.0
EXT-INVALID_ENTITY-0033,C4_TOOL_CALLING_AGENT,6535502801688,15486.677551,batch-000006,8,15486.67108,0.0,0.006471,5700994788430,0.0
EXT-INVALID_ENTITY-0034,C4_TOOL_CALLING_AGENT,6539171886935,15660.213601,batch-000007,8,15660.207564,0.0,0.006037,5712815296204,0.0
EXT-INVALID_ENTITY-0035,C4_TOOL_CALLING_AGENT,6539171886935,15660.224461,batch-000007,8,15660.207564,0.0,0.016897,5712815296204,0.0
EXT-INVALID_ENTITY-0036,C4_TOOL_CALLING_AGENT,6539171886935,15660.215365,batch-000007,8,15660.207564,0.0,0.007801,5712815296204,0.0
EXT-INVALID_ENTITY-0037,C4_TOOL_CALLING_AGENT,6539171886935,15660.214516,batch-000007,8,15660.207564,0.0,0.006952,5712815296204,0.0
EXT-INVALID_ENTITY-0038,C4_TOOL_CALLING_AGENT,6539171886935,15660.214036,batch-000007,8,15660.207564,0.0,0.006472,5712815296204,0.0
EXT-INVALID_ENTITY-0039,C4_TOOL_CALLING_AGENT,6539171886935,15660.21399,batch-000007,8,15660.207564,0.0,0.006426,5712815296204,0.0
EXT-INVALID_ENTITY-0040,C4_TOOL_CALLING_AGENT,6539171886935,15660.21392,batch-000007,8,15660.207564,0.0,0.006356,5712815296204,0.0
EXT-INVALID_ENTITY-0042,C4_TOOL_CALLING_AGENT,6539171886935,15660.213681000001,batch-000007,8,15660.207564,0.0,0.006117,5712815296204,0.0
EXT-INVALID_ENTITY-0043,C4_TOOL_CALLING_AGENT,6543784581547,16551.8826,batch-000008,8,16551.876355,0.0,0.006245,5724806932425,0.0
EXT-INVALID_ENTITY-0045,C4_TOOL_CALLING_AGENT,6543784581547,16551.881133000003,batch-000008,8,16551.876355,0.0,0.004778,5724806932425,0.0
EXT-INVALID_ENTITY-0047,C4_TOOL_CALLING_AGENT,6543784581547,16551.882697,batch-000008,8,16551.876355,0.0,0.006342,5724806932425,0.0
EXT-INVALID_ENTITY-0050,C4_TOOL_CALLING_AGENT,6543784581547,16551.882453,batch-000008,8,16551.876355,0.0,0.006098,5724806932425,0.0
EXT-INVALID_ENTITY-0053,C4_TOOL_CALLING_AGENT,6543784581547,16551.882789000003,batch-000008,8,16551.876355,0.0,0.006434,5724806932425,0.0
EXT-INVALID_ENTITY-0054,C4_TOOL_CALLING_AGENT,6543784581547,16551.889711,batch-000008,8,16551.876355,0.0,0.013356,5724806932425,0.0
EXT-INVALID_ENTITY-0065,C4_TOOL_CALLING_AGENT,6543784581547,16551.884401000003,batch-000008,8,16551.876355,0.0,0.008046,5724806932425,0.0
EXT-INVALID_ENTITY-0066,C4_TOOL_CALLING_AGENT,6543784581547,16551.891817,batch-000008,8,16551.876355,0.0,0.015462,5724806932425,0.0
EXT-INVALID_ENTITY-0069,C4_TOOL_CALLING_AGENT,6547434777460,15380.760570999999,batch-000009,8,15380.751783,0.0,0.008788,5736746633734,0.0
EXT-INVALID_ENTITY-0070,C4_TOOL_CALLING_AGENT,6547434777460,15380.759268000002,batch-000009,8,15380.751783,0.0,0.007485,5736746633734,0.0
EXT-INVALID_ENTITY-0073,C4_TOOL_CALLING_AGENT,6547434777460,15380.758683,batch-000009,8,15380.751783,0.0,0.0069,5736746633734,0.0
EXT-INVALID_ENTITY-0077,C4_TOOL_CALLING_AGENT,6547434777460,15380.758431000002,batch-000009,8,15380.751783,0.0,0.006648,5736746633734,0.0
EXT-INVALID_ENTITY-0078,C4_TOOL_CALLING_AGENT,6547434777460,15380.758535,batch-000009,8,15380.751783,0.0,0.006752,5736746633734,0.0
EXT-INVALID_ENTITY-0079,C4_TOOL_CALLING_AGENT,6547434777460,15380.759177,batch-000009,8,15380.751783,0.0,0.007394,5736746633734,0.0
EXT-INVALID_ENTITY-0080,C4_TOOL_CALLING_AGENT,6547434777460,15380.758208,batch-000009,8,15380.751783,0.0,0.006425,5736746633734,0.0
EXT-INVALID_ENTITY-0083,C4_TOOL_CALLING_AGENT,6547434777460,15380.758176,batch-000009,8,15380.751783,0.0,0.006393,5736746633734,0.0
EXT-INVALID_ENTITY-0084,C4_TOOL_CALLING_AGENT,6550858934717,15229.768322,batch-000010,8,15229.762029,0.0,0.006293,5748477689590,0.0
EXT-INVALID_ENTITY-0086,C4_TOOL_CALLING_AGENT,6550858934717,15229.768541,batch-000010,8,15229.762029,0.0,0.006512,5748477689590,0.0
EXT-INVALID_ENTITY-0093,C4_TOOL_CALLING_AGENT,6550858934717,15229.768262,batch-000010,8,15229.762029,0.0,0.006233,5748477689590,0.0
EXT-INVALID_ENTITY-0098,C4_TOOL_CALLING_AGENT,6550858934717,15229.768438,batch-000010,8,15229.762029,0.0,0.006409,5748477689590,0.0
EXT-NUMERIC_PROVENANCE-0008,C4_TOOL_CALLING_AGENT,6550858934717,15229.769268,batch-000010,8,15229.762029,0.0,0.007239,5748477689590,0.0
EXT-NUMERIC_PROVENANCE-0009,C4_TOOL_CALLING_AGENT,6550858934717,15229.769172999999,batch-000010,8,15229.762029,0.0,0.007144,5748477689590,0.0
EXT-NUMERIC_PROVENANCE-0012,C4_TOOL_CALLING_AGENT,6550858934717,15229.776963,batch-000010,8,15229.762029,0.0,0.014934,5748477689590,0.0
EXT-NUMERIC_PROVENANCE-0013,C4_TOOL_CALLING_AGENT,6550858934717,15229.774033,batch-000010,8,15229.762029,0.0,0.012004,5748477689590,0.0
EXT-NUMERIC_PROVENANCE-0015,C4_TOOL_CALLING_AGENT,6554791732840,15760.689847999998,batch-000011,8,15760.684429,0.0,0.005419,5760283977057,0.0
EXT-NUMERIC_PROVENANCE-0016,C4_TOOL_CALLING_AGENT,6554791732840,15760.692946,batch-000011,8,15760.684429,0.0,0.008517,5760283977057,0.0
EXT-NUMERIC_PROVENANCE-0017,C4_TOOL_CALLING_AGENT,6554791732840,15760.692092000001,batch-000011,8,15760.684429,0.0,0.007663,5760283977057,0.0
EXT-NUMERIC_PROVENANCE-0018,C4_TOOL_CALLING_AGENT,6554791732840,15760.691343999999,batch-000011,8,15760.684429,0.0,0.006915,5760283977057,0.0
EXT-NUMERIC_PROVENANCE-0019,C4_TOOL_CALLING_AGENT,6554791732840,15760.691171999999,batch-000011,8,15760.684429,0.0,0.006743,5760283977057,0.0
EXT-NUMERIC_PROVENANCE-0020,C4_TOOL_CALLING_AGENT,6554791732840,15760.693636,batch-000011,8,15760.684429,0.0,0.009207,5760283977057,0.0
EXT-NUMERIC_PROVENANCE-0021,C4_TOOL_CALLING_AGENT,6554791732840,15760.693276999998,batch-000011,8,15760.684429,0.0,0.008848,5760283977057,0.0
EXT-NUMERIC_PROVENANCE-0029,C4_TOOL_CALLING_AGENT,6554791732840,15760.691008000002,batch-000011,8,15760.684429,0.0,0.006579,5760283977057,0.0
EXT-NUMERIC_PROVENANCE-0031,C4_TOOL_CALLING_AGENT,6558163482599,15198.610774,batch-000012,8,15198.603745,0.0,0.007029,5772112407279,0.0
EXT-NUMERIC_PROVENANCE-0033,C4_TOOL_CALLING_AGENT,6558163482599,15198.610886,batch-000012,8,15198.603745,0.0,0.007141,5772112407279,0.0
EXT-NUMERIC_PROVENANCE-0035,C4_TOOL_CALLING_AGENT,6558163482599,15198.610401,batch-000012,8,15198.603745,0.0,0.006656,5772112407279,0.0
EXT-NUMERIC_PROVENANCE-0038,C4_TOOL_CALLING_AGENT,6558163482599,15198.610270000001,batch-000012,8,15198.603745,0.0,0.006525,5772112407279,0.0
EXT-NUMERIC_PROVENANCE-0039,C4_TOOL_CALLING_AGENT,6558163482599,15198.610091,batch-000012,8,15198.603745,0.0,0.006346,5772112407279,0.0
EXT-NUMERIC_PROVENANCE-0047,C4_TOOL_CALLING_AGENT,6558163482599,15198.610389,batch-000012,8,15198.603745,0.0,0.006644,5772112407279,0.0
EXT-PAIR-0001-KO,C4_TOOL_CALLING_AGENT,6558163482599,15198.610502,batch-000012,8,15198.603745,0.0,0.006757,5772112407279,0.0
EXT-PAIR-0004-EN,C4_TOOL_CALLING_AGENT,6558163482599,15198.610407,batch-000012,8,15198.603745,0.0,0.006662,5772112407279,0.0
EXT-PAIR-0004-KO,C4_TOOL_CALLING_AGENT,6562106502340,15775.294949,batch-000013,8,15775.274069,0.0,0.02088,5783939856654,0.0
EXT-PAIR-0007-EN,C4_TOOL_CALLING_AGENT,6562106502340,15775.283399,batch-000013,8,15775.274069,0.0,0.00933,5783939856654,0.0
EXT-PAIR-0009-EN,C4_TOOL_CALLING_AGENT,6562106502340,15775.281664999999,batch-000013,8,15775.274069,0.0,0.007596,5783939856654,0.0
EXT-PAIR-0010-EN,C4_TOOL_CALLING_AGENT,6562106502340,15775.283619999998,batch-000013,8,15775.274069,0.0,0.009551,5783939856654,0.0
EXT-PAIR-0013-EN,C4_TOOL_CALLING_AGENT,6562106502340,15775.281045,batch-000013,8,15775.274069,0.0,0.006976,5783939856654,0.0
EXT-PAIR-0013-KO,C4_TOOL_CALLING_AGENT,6562106502340,15775.283424,batch-000013,8,15775.274069,0.0,0.009355,5783939856654,0.0
EXT-PAIR-0021-KO,C4_TOOL_CALLING_AGENT,6562106502340,15775.282760999999,batch-000013,8,15775.274069,0.0,0.008692,5783939856654,0.0
EXT-PAIR-0026-EN,C4_TOOL_CALLING_AGENT,6562106502340,15775.282161,batch-000013,8,15775.274069,0.0,0.008092,5783939856654,0.0
EXT-PAIR-0026-KO,C4_TOOL_CALLING_AGENT,6565962990175,15694.85299,batch-000014,8,15694.843448,0.0,0.009542,5795772664772,0.0
EXT-PAIR-0027-KO,C4_TOOL_CALLING_AGENT,6565962990175,15694.850199999999,batch-000014,8,15694.843448,0.0,0.006752,5795772664772,0.0
EXT-PAIR-0029-KO,C4_TOOL_CALLING_AGENT,6565962990175,15694.850634999999,batch-000014,8,15694.843448,0.0,0.007187,5795772664772,0.0
EXT-PAIR-0030-EN,C4_TOOL_CALLING_AGENT,6565962990175,15694.857560999999,batch-000014,8,15694.843448,0.0,0.014113,5795772664772,0.0
EXT-PAIR-0034-EN,C4_TOOL_CALLING_AGENT,6565962990175,15694.851981,batch-000014,8,15694.843448,0.0,0.008533,5795772664772,0.0
EXT-PAIR-0035-KO,C4_TOOL_CALLING_AGENT,6565962990175,15694.849149,batch-000014,8,15694.843448,0.0,0.005701,5795772664772,0.0
EXT-PAIR-0039-KO,C4_TOOL_CALLING_AGENT,6565962990175,15694.852292,batch-000014,8,15694.843448,0.0,0.008844,5795772664772,0.0
EXT-PAIR-0040-EN,C4_TOOL_CALLING_AGENT,6565962990175,15694.850174,batch-000014,8,15694.843448,0.0,0.006726,5795772664772,0.0
EXT-PAIR-0041-EN,C4_TOOL_CALLING_AGENT,6569535941510,15417.233633,batch-000015,8,15417.226657,0.0,0.006976,5807611717051,0.0
EXT-PAIR-0043-KO,C4_TOOL_CALLING_AGENT,6569535941510,15417.233504,batch-000015,8,15417.226657,0.0,0.006847,5807611717051,0.0
EXT-PAIR-0047-KO,C4_TOOL_CALLING_AGENT,6569535941510,15417.233381,batch-000015,8,15417.226657,0.0,0.006724,5807611717051,0.0
EXT-PAIR-0048-EN,C4_TOOL_CALLING_AGENT,6569535941510,15417.234833999999,batch-000015,8,15417.226657,0.0,0.008177,5807611717051,0.0
EXT-PAIR-0049-KO,C4_TOOL_CALLING_AGENT,6569535941510,15417.233983,batch-000015,8,15417.226657,0.0,0.007326,5807611717051,0.0
EXT-PAIR-0055-EN,C4_TOOL_CALLING_AGENT,6569535941510,15417.233377999999,batch-000015,8,15417.226657,0.0,0.006721,5807611717051,0.0
EXT-PAIR-0056-EN,C4_TOOL_CALLING_AGENT,6569535941510,15417.233327999998,batch-000015,8,15417.226657,0.0,0.006671,5807611717051,0.0
EXT-PAIR-0063-KO,C4_TOOL_CALLING_AGENT,6569535941510,15417.233103999999,batch-000015,8,15417.226657,0.0,0.006447,5807611717051,0.0
EXT-PAIR-0064-EN,C4_TOOL_CALLING_AGENT,6572903225016,15245.767220999998,batch-000016,8,15245.744328,0.0,0.022893,5819456535963,0.0
EXT-PAIR-0072-EN,C4_TOOL_CALLING_AGENT,6572903225016,15245.753108,batch-000016,8,15245.744328,0.0,0.00878,5819456535963,0.0
EXT-PAIR-0073-KO,C4_TOOL_CALLING_AGENT,6572903225016,15245.752081999999,batch-000016,8,15245.744328,0.0,0.007754,5819456535963,0.0
EXT-PAIR-0078-KO,C4_TOOL_CALLING_AGENT,6572903225016,15245.752520999999,batch-000016,8,15245.744328,0.0,0.008193,5819456535963,0.0
EXT-PAIR-0080-EN,C4_TOOL_CALLING_AGENT,6572903225016,15245.751446999999,batch-000016,8,15245.744328,0.0,0.007119,5819456535963,0.0
EXT-PAIR-0080-KO,C4_TOOL_CALLING_AGENT,6572903225016,15245.749347,batch-000016,8,15245.744328,0.0,0.005019,5819456535963,0.0
EXT-PAIR-0082-EN,C4_TOOL_CALLING_AGENT,6572903225016,15245.751004999998,batch-000016,8,15245.744328,0.0,0.006677,5819456535963,0.0
EXT-PAIR-0083-KO,C4_TOOL_CALLING_AGENT,6572903225016,15245.750872,batch-000016,8,15245.744328,0.0,0.006544,5819456535963,0.0
EXT-PAIR-0085-EN,C4_TOOL_CALLING_AGENT,6576322804573,15060.854914,batch-000017,8,15060.846753,0.0,0.008161,5831335504327,0.0
EXT-PAIR-0088-EN,C4_TOOL_CALLING_AGENT,6576322804573,15060.853422,batch-000017,8,15060.846753,0.0,0.006669,5831335504327,0.0
EXT-PAIR-0089-EN,C4_TOOL_CALLING_AGENT,6576322804573,15060.85312,batch-000017,8,15060.846753,0.0,0.006367,5831335504327,0.0
EXT-PAIR-0091-EN,C4_TOOL_CALLING_AGENT,6576322804573,15060.852855,batch-000017,8,15060.846753,0.0,0.006102,5831335504327,0.0
EXT-PAIR-0091-KO,C4_TOOL_CALLING_AGENT,6576322804573,15060.867925,batch-000017,8,15060.846753,0.0,0.021172,5831335504327,0.0
EXT-PAIR-0094-EN,C4_TOOL_CALLING_AGENT,6576322804573,15060.861823,batch-000017,8,15060.846753,0.0,0.01507,5831335504327,0.0
EXT-PAIR-0096-EN,C4_TOOL_CALLING_AGENT,6576322804573,15060.855965,batch-000017,8,15060.846753,0.0,0.009212,5831335504327,0.0
EXT-PAIR-0099-KO,C4_TOOL_CALLING_AGENT,6576322804573,15060.854213999999,batch-000017,8,15060.846753,0.0,0.007461,5831335504327,0.0
EXT-PAIR-0104-KO,C4_TOOL_CALLING_AGENT,6580172077847,15698.772328,batch-000018,8,15698.763921,0.0,0.008407,5842977318361,0.0
EXT-PAIR-0109-KO,C4_TOOL_CALLING_AGENT,6580172077847,15698.78441,batch-000018,8,15698.763921,0.0,0.020489,5842977318361,0.0
EXT-PAIR-0115-KO,C4_TOOL_CALLING_AGENT,6580172077847,15698.773857,batch-000018,8,15698.763921,0.0,0.009936,5842977318361,0.0
EXT-PAIR-0116-KO,C4_TOOL_CALLING_AGENT,6580172077847,15698.775294,batch-000018,8,15698.763921,0.0,0.011373,5842977318361,0.0
EXT-PAIR-0117-EN,C4_TOOL_CALLING_AGENT,6580172077847,15698.772267,batch-000018,8,15698.763921,0.0,0.008346,5842977318361,0.0
EXT-PAIR-0121-EN,C4_TOOL_CALLING_AGENT,6580172077847,15698.77174,batch-000018,8,15698.763921,0.0,0.007819,5842977318361,0.0
EXT-PAIR-0128-KO,C4_TOOL_CALLING_AGENT,6580172077847,15698.77079,batch-000018,8,15698.763921,0.0,0.006869,5842977318361,0.0
EXT-PAIR-0136-KO,C4_TOOL_CALLING_AGENT,6580172077847,15698.770299,batch-000018,8,15698.763921,0.0,0.006378,5842977318361,0.0
EXT-PAIR-0140-EN,C4_TOOL_CALLING_AGENT,6583629875662,15341.991940999998,batch-000019,8,15341.984115,0.0,0.007826,5854827351239,0.0
EXT-PAIR-0140-KO,C4_TOOL_CALLING_AGENT,6583629875662,15341.989221,batch-000019,8,15341.984115,0.0,0.005106,5854827351239,0.0
EXT-PAIR-0143-EN,C4_TOOL_CALLING_AGENT,6583629875662,15341.992628999998,batch-000019,8,15341.984115,0.0,0.008514,5854827351239,0.0
EXT-PAIR-0144-EN,C4_TOOL_CALLING_AGENT,6583629875662,15341.991816,batch-000019,8,15341.984115,0.0,0.007701,5854827351239,0.0
EXT-PAIR-0146-EN,C4_TOOL_CALLING_AGENT,6583629875662,15341.992181,batch-000019,8,15341.984115,0.0,0.008066,5854827351239,0.0
EXT-PAIR-0148-EN,C4_TOOL_CALLING_AGENT,6583629875662,15341.990613,batch-000019,8,15341.984115,0.0,0.006498,5854827351239,0.0
EXT-PAIR-0148-KO,C4_TOOL_CALLING_AGENT,6583629875662,15341.990949,batch-000019,8,15341.984115,0.0,0.006834,5854827351239,0.0
EXT-PAIR-0149-KO,C4_TOOL_CALLING_AGENT,6583629875662,15341.990979999999,batch-000019,8,15341.984115,0.0,0.006865,5854827351239,0.0
EXT-PAIR-0150-KO,C4_TOOL_CALLING_AGENT,6587204817494,15437.56066,batch-000020,8,15437.553081,0.0,0.007579,5866712051194,0.0
EXT-PAIR-0152-KO,C4_TOOL_CALLING_AGENT,6587204817494,15437.559642,batch-000020,8,15437.553081,0.0,0.006561,5866712051194,0.0
EXT-PAIR-0154-KO,C4_TOOL_CALLING_AGENT,6587204817494,15437.559821,batch-000020,8,15437.553081,0.0,0.00674,5866712051194,0.0
EXT-PAIR-0157-KO,C4_TOOL_CALLING_AGENT,6587204817494,15437.563476,batch-000020,8,15437.553081,0.0,0.010395,5866712051194,0.0
EXT-PAIR-0159-EN,C4_TOOL_CALLING_AGENT,6587204817494,15437.562649,batch-000020,8,15437.553081,0.0,0.009568,5866712051194,0.0
EXT-PAIR-0161-EN,C4_TOOL_CALLING_AGENT,6587204817494,15437.560786,batch-000020,8,15437.553081,0.0,0.007705,5866712051194,0.0
EXT-PAIR-0162-EN,C4_TOOL_CALLING_AGENT,6587204817494,15437.56093,batch-000020,8,15437.553081,0.0,0.007849,5866712051194,0.0
EXT-PAIR-0166-EN,C4_TOOL_CALLING_AGENT,6587204817494,15437.560841,batch-000020,8,15437.553081,0.0,0.00776,5866712051194,0.0
EXT-PAIR-0166-KO,C4_TOOL_CALLING_AGENT,6591141316004,15776.866554999999,batch-000021,8,15776.859701,0.0,0.006854,5878575171461,0.0
EXT-PAIR-0167-EN,C4_TOOL_CALLING_AGENT,6591141316004,15776.866144,batch-000021,8,15776.859701,0.0,0.006443,5878575171461,0.0
EXT-PAIR-0169-EN,C4_TOOL_CALLING_AGENT,6591141316004,15776.866006,batch-000021,8,15776.859701,0.0,0.006305,5878575171461,0.0
EXT-PAIR-0170-EN,C4_TOOL_CALLING_AGENT,6591141316004,15776.870681999999,batch-000021,8,15776.859701,0.0,0.010981,5878575171461,0.0
EXT-PAIR-0174-KO,C4_TOOL_CALLING_AGENT,6591141316004,15776.866773,batch-000021,8,15776.859701,0.0,0.007072,5878575171461,0.0
EXT-PAIR-0175-EN,C4_TOOL_CALLING_AGENT,6591141316004,15776.866410999999,batch-000021,8,15776.859701,0.0,0.00671,5878575171461,0.0
EXT-PAIR-0179-EN,C4_TOOL_CALLING_AGENT,6591141316004,15776.866861999999,batch-000021,8,15776.859701,0.0,0.007161,5878575171461,0.0
EXT-PAIR-0184-KO,C4_TOOL_CALLING_AGENT,6591141316004,15776.868641,batch-000021,8,15776.859701,0.0,0.00894,5878575171461,0.0
EXT-PAIR-0191-EN,C4_TOOL_CALLING_AGENT,6594806856490,15538.462173,batch-000022,8,15538.45507,0.0,0.007103,5890416014934,0.0
EXT-PAIR-0191-KO,C4_TOOL_CALLING_AGENT,6594806856490,15538.461658,batch-000022,8,15538.45507,0.0,0.006588,5890416014934,0.0
EXT-PAIR-0193-EN,C4_TOOL_CALLING_AGENT,6594806856490,15538.462258,batch-000022,8,15538.45507,0.0,0.007188,5890416014934,0.0
EXT-PAIR-0194-EN,C4_TOOL_CALLING_AGENT,6594806856490,15538.475492000001,batch-000022,8,15538.45507,0.0,0.020422,5890416014934,0.0
EXT-PAIR-0194-KO,C4_TOOL_CALLING_AGENT,6594806856490,15538.461751000003,batch-000022,8,15538.45507,0.0,0.006681,5890416014934,0.0
EXT-PAIR-0195-EN,C4_TOOL_CALLING_AGENT,6594806856490,15538.461664000002,batch-000022,8,15538.45507,0.0,0.006594,5890416014934,0.0
EXT-PAIR-0195-KO,C4_TOOL_CALLING_AGENT,6594806856490,15538.460128000002,batch-000022,8,15538.45507,0.0,0.005058,5890416014934,0.0
EXT-PARAPHRASE-0003,C4_TOOL_CALLING_AGENT,6594806856490,15538.463296000002,batch-000022,8,15538.45507,0.0,0.008226,5890416014934,0.0
EXT-PARAPHRASE-0004,C4_TOOL_CALLING_AGENT,6598675942772,15723.843011,batch-000023,8,15723.836072,0.0,0.006939,5902289490752,0.0
EXT-PARAPHRASE-0005,C4_TOOL_CALLING_AGENT,6598675942772,15723.840651,batch-000023,8,15723.836072,0.0,0.004579,5902289490752,0.0
EXT-PARAPHRASE-0020,C4_TOOL_CALLING_AGENT,6598675942772,15723.844793,batch-000023,8,15723.836072,0.0,0.008721,5902289490752,0.0
EXT-PARAPHRASE-0026,C4_TOOL_CALLING_AGENT,6598675942772,15723.845332,batch-000023,8,15723.836072,0.0,0.00926,5902289490752,0.0
EXT-PARAPHRASE-0028,C4_TOOL_CALLING_AGENT,6598675942772,15723.842289,batch-000023,8,15723.836072,0.0,0.006217,5902289490752,0.0
EXT-PARAPHRASE-0030,C4_TOOL_CALLING_AGENT,6598675942772,15723.843061,batch-000023,8,15723.836072,0.0,0.006989,5902289490752,0.0
EXT-PARAPHRASE-0034,C4_TOOL_CALLING_AGENT,6598675942772,15723.842752,batch-000023,8,15723.836072,0.0,0.00668,5902289490752,0.0
EXT-PARAPHRASE-0039,C4_TOOL_CALLING_AGENT,6598675942772,15723.842355,batch-000023,8,15723.836072,0.0,0.006283,5902289490752,0.0
EXT-PARAPHRASE-0069,C4_TOOL_CALLING_AGENT,6602253667350,15201.641055,batch-000024,8,15201.633849,0.0,0.007206,5914144777693,0.0
EXT-PARAPHRASE-0076,C4_TOOL_CALLING_AGENT,6602253667350,15201.640274,batch-000024,8,15201.633849,0.0,0.006425,5914144777693,0.0
EXT-PARAPHRASE-0080,C4_TOOL_CALLING_AGENT,6602253667350,15201.640733,batch-000024,8,15201.633849,0.0,0.006884,5914144777693,0.0
EXT-PARAPHRASE-0091,C4_TOOL_CALLING_AGENT,6602253667350,15201.640212,batch-000024,8,15201.633849,0.0,0.006363,5914144777693,0.0
EXT-PARAPHRASE-0097,C4_TOOL_CALLING_AGENT,6602253667350,15201.643665,batch-000024,8,15201.633849,0.0,0.009816,5914144777693,0.0
EXT-PARAPHRASE-0101,C4_TOOL_CALLING_AGENT,6602253667350,15201.642447,batch-000024,8,15201.633849,0.0,0.008598,5914144777693,0.0
EXT-PARAPHRASE-0114,C4_TOOL_CALLING_AGENT,6602253667350,15201.641022,batch-000024,8,15201.633849,0.0,0.007173,5914144777693,0.0
EXT-PARAPHRASE-0121,C4_TOOL_CALLING_AGENT,6602253667350,15201.641827,batch-000024,8,15201.633849,0.0,0.007978,5914144777693,0.0
EXT-PARAPHRASE-0150,C4_TOOL_CALLING_AGENT,6606020764354,15540.399712,batch-000025,8,15540.39329,0.0,0.006422,5925769198190,0.0
EXT-PARAPHRASE-0154,C4_TOOL_CALLING_AGENT,6606020764354,15540.416817,batch-000025,8,15540.39329,0.0,0.023527,5925769198190,0.0
EXT-PARAPHRASE-0158,C4_TOOL_CALLING_AGENT,6606020764354,15540.436109,batch-000025,8,15540.39329,0.0,0.042819,5925769198190,0.0
EXT-PARAPHRASE-0159,C4_TOOL_CALLING_AGENT,6606020764354,15540.405353,batch-000025,8,15540.39329,0.0,0.012063,5925769198190,0.0
EXT-PARAPHRASE-0162,C4_TOOL_CALLING_AGENT,6606020764354,15540.42249,batch-000025,8,15540.39329,0.0,0.0292,5925769198190,0.0
EXT-PARAPHRASE-0166,C4_TOOL_CALLING_AGENT,6606020764354,15540.404574,batch-000025,8,15540.39329,0.0,0.011284,5925769198190,0.0
EXT-PARAPHRASE-0172,C4_TOOL_CALLING_AGENT,6606020764354,15540.401898,batch-000025,8,15540.39329,0.0,0.008608,5925769198190,0.0
EXT-PARAPHRASE-0176,C4_TOOL_CALLING_AGENT,6606020764354,15540.401601,batch-000025,8,15540.39329,0.0,0.008311,5925769198190,0.0
EXT-PARAPHRASE-0183,C4_TOOL_CALLING_AGENT,6609466965082,15634.181943,batch-000026,8,15634.173310999999,0.0,0.008632,5937543039083,0.0
EXT-PARAPHRASE-0191,C4_TOOL_CALLING_AGENT,6609466965082,15634.181242999999,batch-000026,8,15634.173310999999,0.0,0.007932,5937543039083,0.0
EXT-PARAPHRASE-0194,C4_TOOL_CALLING_AGENT,6609466965082,15634.184570999998,batch-000026,8,15634.173310999999,0.0,0.01126,5937543039083,0.0
EXT-PARAPHRASE-0197,C4_TOOL_CALLING_AGENT,6609466965082,15634.182031,batch-000026,8,15634.173310999999,0.0,0.00872,5937543039083,0.0
EXT-POLICY_CONFLICT-0001,C4_TOOL_CALLING_AGENT,6609466965082,15634.195103999999,batch-000026,8,15634.173310999999,0.0,0.021793,5937543039083,0.0
EXT-POLICY_CONFLICT-0010,C4_TOOL_CALLING_AGENT,6609466965082,15634.186222,batch-000026,8,15634.173310999999,0.0,0.012911,5937543039083,0.0
EXT-POLICY_CONFLICT-0012,C4_TOOL_CALLING_AGENT,6609466965082,15634.183001000001,batch-000026,8,15634.173310999999,0.0,0.00969,5937543039083,0.0
EXT-POLICY_CONFLICT-0015,C4_TOOL_CALLING_AGENT,6609466965082,15634.182413999999,batch-000026,8,15634.173310999999,0.0,0.009103,5937543039083,0.0
EXT-POLICY_CONFLICT-0017,C4_TOOL_CALLING_AGENT,6613870076415,16394.554433,batch-000027,8,16394.545536,0.0,0.008897,5949731797187,0.0
EXT-POLICY_CONFLICT-0019,C4_TOOL_CALLING_AGENT,6613870076415,16394.552903,batch-000027,8,16394.545536,0.0,0.007367,5949731797187,0.0
EXT-POLICY_CONFLICT-0022,C4_TOOL_CALLING_AGENT,6613870076415,16394.553515,batch-000027,8,16394.545536,0.0,0.007979,5949731797187,0.0
EXT-POLICY_CONFLICT-0027,C4_TOOL_CALLING_AGENT,6613870076415,16394.553973000002,batch-000027,8,16394.545536,0.0,0.008437,5949731797187,0.0
EXT-POLICY_CONFLICT-0030,C4_TOOL_CALLING_AGENT,6613870076415,16394.552765,batch-000027,8,16394.545536,0.0,0.007229,5949731797187,0.0
EXT-POLICY_CONFLICT-0034,C4_TOOL_CALLING_AGENT,6613870076415,16394.55366,batch-000027,8,16394.545536,0.0,0.008124,5949731797187,0.0
EXT-POLICY_CONFLICT-0043,C4_TOOL_CALLING_AGENT,6613870076415,16394.552913,batch-000027,8,16394.545536,0.0,0.007377,5949731797187,0.0
EXT-POLICY_CONFLICT-0044,C4_TOOL_CALLING_AGENT,6613870076415,16394.558217,batch-000027,8,16394.545536,0.0,0.012681,5949731797187,0.0
EXT-POLICY_CONFLICT-0055,C4_TOOL_CALLING_AGENT,6617309041166,15446.491327000002,batch-000028,8,15446.482937,0.0,0.00839,5961723716364,0.0
EXT-POLICY_CONFLICT-0056,C4_TOOL_CALLING_AGENT,6617309041166,15446.491287,batch-000028,8,15446.482937,0.0,0.00835,5961723716364,0.0
EXT-POLICY_CONFLICT-0057,C4_TOOL_CALLING_AGENT,6617309041166,15446.490666000002,batch-000028,8,15446.482937,0.0,0.007729,5961723716364,0.0
EXT-POLICY_CONFLICT-0060,C4_TOOL_CALLING_AGENT,6617309041166,15446.490569000001,batch-000028,8,15446.482937,0.0,0.007632,5961723716364,0.0
EXT-POLICY_CONFLICT-0061,C4_TOOL_CALLING_AGENT,6617309041166,15446.491871,batch-000028,8,15446.482937,0.0,0.008934,5961723716364,0.0
EXT-POLICY_CONFLICT-0062,C4_TOOL_CALLING_AGENT,6617309041166,15446.490713000001,batch-000028,8,15446.482937,0.0,0.007776,5961723716364,0.0
EXT-POLICY_CONFLICT-0065,C4_TOOL_CALLING_AGENT,6617309041166,15446.491604,batch-000028,8,15446.482937,0.0,0.008667,5961723716364,0.0
EXT-POLICY_CONFLICT-0066,C4_TOOL_CALLING_AGENT,6617309041166,15446.490380000001,batch-000028,8,15446.482937,0.0,0.007443,5961723716364,0.0
EXT-POLICY_CONFLICT-0071,C4_TOOL_CALLING_AGENT,6621041655782,15716.802002,batch-000029,8,15716.789853,0.0,0.012149,5973731843668,0.0
EXT-POLICY_CONFLICT-0073,C4_TOOL_CALLING_AGENT,6621041655782,15716.798391,batch-000029,8,15716.789853,0.0,0.008538,5973731843668,0.0
EXT-POLICY_CONFLICT-0075,C4_TOOL_CALLING_AGENT,6621041655782,15716.797991,batch-000029,8,15716.789853,0.0,0.008138,5973731843668,0.0
EXT-POLICY_CONFLICT-0080,C4_TOOL_CALLING_AGENT,6621041655782,15716.797222000001,batch-000029,8,15716.789853,0.0,0.007369,5973731843668,0.0
EXT-POLICY_CONFLICT-0081,C4_TOOL_CALLING_AGENT,6621041655782,15716.795555,batch-000029,8,15716.789853,0.0,0.005702,5973731843668,0.0
EXT-POLICY_CONFLICT-0086,C4_TOOL_CALLING_AGENT,6621041655782,15716.79832,batch-000029,8,15716.789853,0.0,0.008467,5973731843668,0.0
EXT-POLICY_CONFLICT-0091,C4_TOOL_CALLING_AGENT,6621041655782,15716.797316,batch-000029,8,15716.789853,0.0,0.007463,5973731843668,0.0
EXT-POLICY_CONFLICT-0094,C4_TOOL_CALLING_AGENT,6621041655782,15716.797773,batch-000029,8,15716.789853,0.0,0.00792,5973731843668,0.0
EXT-POLICY_CONFLICT-0095,C4_TOOL_CALLING_AGENT,6638750873185,29694.450475999998,batch-000030,8,29694.442998,0.0,0.007478,5985716638018,0.0
EXT-POLICY_CONFLICT-0098,C4_TOOL_CALLING_AGENT,6638750873185,29694.452317999996,batch-000030,8,29694.442998,0.0,0.00932,5985716638018,0.0
EXT-POLICY_CONFLICT-0099,C4_TOOL_CALLING_AGENT,6638750873185,29694.450306,batch-000030,8,29694.442998,0.0,0.007308,5985716638018,0.0
EXT-POLICY_CONFLICT-0100,C4_TOOL_CALLING_AGENT,6638750873185,29694.451266999997,batch-000030,8,29694.442998,0.0,0.008269,5985716638018,0.0
SEC3B-000-EN,C4_TOOL_CALLING_AGENT,6638750873185,29694.453472999998,batch-000030,8,29694.442998,0.0,0.010475,5985716638018,0.0
SEC3B-000-KO,C4_TOOL_CALLING_AGENT,6638750873185,29694.456276999997,batch-000030,8,29694.442998,0.0,0.013279,5985716638018,0.0
SEC3B-001-KO,C4_TOOL_CALLING_AGENT,6638750873185,29694.454746999996,batch-000030,8,29694.442998,0.0,0.011749,5985716638018,0.0
SEC3B-002-EN,C4_TOOL_CALLING_AGENT,6638750873185,29694.452998,batch-000030,8,29694.442998,0.0,0.01,5985716638018,0.0
SEC3B-005-EN,C4_TOOL_CALLING_AGENT,6656757689877,29676.245003999997,batch-000031,8,29676.235202999997,0.0,0.009801,5997702376681,0.0
SEC3B-005-KO,C4_TOOL_CALLING_AGENT,6656757689877,29676.245396,batch-000031,8,29676.235202999997,0.0,0.010193,5997702376681,0.0
SEC3B-009-KO,C4_TOOL_CALLING_AGENT,6656757689877,29676.244699,batch-000031,8,29676.235202999997,0.0,0.009496,5997702376681,0.0
SEC3B-010-EN,C4_TOOL_CALLING_AGENT,6656757689877,29676.244393,batch-000031,8,29676.235202999997,0.0,0.00919,5997702376681,0.0
SEC3B-012-EN,C4_TOOL_CALLING_AGENT,6656757689877,29676.252381,batch-000031,8,29676.235202999997,0.0,0.017178,5997702376681,0.0
SEC3B-012-KO,C4_TOOL_CALLING_AGENT,6656757689877,29676.246809999997,batch-000031,8,29676.235202999997,0.0,0.011607,5997702376681,0.0
SEC3B-013-EN,C4_TOOL_CALLING_AGENT,6656757689877,29676.245471,batch-000031,8,29676.235202999997,0.0,0.010268,5997702376681,0.0
SEC3B-014-KO,C4_TOOL_CALLING_AGENT,6656757689877,29676.260057,batch-000031,8,29676.235202999997,0.0,0.024854,5997702376681,0.0
SEC3B-015-EN,C4_TOOL_CALLING_AGENT,6674914595788,29829.597553,batch-000032,8,29829.581088,0.0,0.016465,6009372289370,0.0
SEC3B-016-EN,C4_TOOL_CALLING_AGENT,6674914595788,29829.592414,batch-000032,8,29829.581088,0.0,0.011326,6009372289370,0.0
SEC3B-016-KO,C4_TOOL_CALLING_AGENT,6674914595788,29829.592669999998,batch-000032,8,29829.581088,0.0,0.011582,6009372289370,0.0
SEC3B-018-EN,C4_TOOL_CALLING_AGENT,6674914595788,29829.59105,batch-000032,8,29829.581088,0.0,0.009962,6009372289370,0.0
SEC3B-020-EN,C4_TOOL_CALLING_AGENT,6674914595788,29829.590722,batch-000032,8,29829.581088,0.0,0.009634,6009372289370,0.0
SEC3B-020-KO,C4_TOOL_CALLING_AGENT,6674914595788,29829.591417,batch-000032,8,29829.581088,0.0,0.010329,6009372289370,0.0
SEC3B-021-KO,C4_TOOL_CALLING_AGENT,6674914595788,29829.591635999997,batch-000032,8,29829.581088,0.0,0.010548,6009372289370,0.0
SEC3B-023-EN,C4_TOOL_CALLING_AGENT,6674914595788,29829.589624,batch-000032,8,29829.581088,0.0,0.008536,6009372289370,0.0
SEC3B-025-EN,C4_TOOL_CALLING_AGENT,6692978334539,29737.452459,batch-000033,8,29737.433827,0.0,0.018632,6021045437762,0.0
SEC3B-025-KO,C4_TOOL_CALLING_AGENT,6692978334539,29737.447421999997,batch-000033,8,29737.433827,0.0,0.013595,6021045437762,0.0
SEC3B-026-EN,C4_TOOL_CALLING_AGENT,6692978334539,29737.44438,batch-000033,8,29737.433827,0.0,0.010553,6021045437762,0.0
SEC3B-028-KO,C4_TOOL_CALLING_AGENT,6692978334539,29737.443966,batch-000033,8,29737.433827,0.0,0.010139,6021045437762,0.0
SEC3B-030-EN,C4_TOOL_CALLING_AGENT,6692978334539,29737.451573,batch-000033,8,29737.433827,0.0,0.017746,6021045437762,0.0
SEC3B-030-KO,C4_TOOL_CALLING_AGENT,6692978334539,29737.445995,batch-000033,8,29737.433827,0.0,0.012168,6021045437762,0.0
SEC3B-031-EN,C4_TOOL_CALLING_AGENT,6692978334539,29737.444261999997,batch-000033,8,29737.433827,0.0,0.010435,6021045437762,0.0
SEC3B-032-EN,C4_TOOL_CALLING_AGENT,6692978334539,29737.442806,batch-000033,8,29737.433827,0.0,0.008979,6021045437762,0.0
SEC3B-032-KO,C4_TOOL_CALLING_AGENT,6713014603244,31723.911688,batch-000034,8,31723.902174000003,0.0,0.009514,6032719659918,0.0
SEC3B-034-EN,C4_TOOL_CALLING_AGENT,6713014603244,31723.929473,batch-000034,8,31723.902174000003,0.0,0.027299,6032719659918,0.0
SEC3B-037-KO,C4_TOOL_CALLING_AGENT,6713014603244,31723.920496,batch-000034,8,31723.902174000003,0.0,0.018322,6032719659918,0.0
SEC3B-038-KO,C4_TOOL_CALLING_AGENT,6713014603244,31723.915609000003,batch-000034,8,31723.902174000003,0.0,0.013435,6032719659918,0.0
SEC3B-039-EN,C4_TOOL_CALLING_AGENT,6713014603244,31723.908832,batch-000034,8,31723.902174000003,0.0,0.006658,6032719659918,0.0
SEC3B-040-KO,C4_TOOL_CALLING_AGENT,6713014603244,31723.913376,batch-000034,8,31723.902174000003,0.0,0.011202,6032719659918,0.0
SEC3B-043-EN,C4_TOOL_CALLING_AGENT,6713014603244,31723.911577,batch-000034,8,31723.902174000003,0.0,0.009403,6032719659918,0.0
SEC3B-043-KO,C4_TOOL_CALLING_AGENT,6713014603244,31723.912048,batch-000034,8,31723.902174000003,0.0,0.009874,6032719659918,0.0
SEC3B-044-KO,C4_TOOL_CALLING_AGENT,6731150943844,29838.16904,batch-000035,8,29838.155517,0.0,0.013523,6044407813037,0.0
SEC3B-045-EN,C4_TOOL_CALLING_AGENT,6731150943844,29838.166615000002,batch-000035,8,29838.155517,0.0,0.011098,6044407813037,0.0
SEC3B-048-KO,C4_TOOL_CALLING_AGENT,6731150943844,29838.164998,batch-000035,8,29838.155517,0.0,0.009481,6044407813037,0.0
SEC3B-050-EN,C4_TOOL_CALLING_AGENT,6731150943844,29838.166787000002,batch-000035,8,29838.155517,0.0,0.01127,6044407813037,0.0
SEC3B-051-KO,C4_TOOL_CALLING_AGENT,6731150943844,29838.176418,batch-000035,8,29838.155517,0.0,0.020901,6044407813037,0.0
SEC3B-052-EN,C4_TOOL_CALLING_AGENT,6731150943844,29838.169833,batch-000035,8,29838.155517,0.0,0.014316,6044407813037,0.0
SEC3B-053-EN,C4_TOOL_CALLING_AGENT,6731150943844,29838.16747,batch-000035,8,29838.155517,0.0,0.011953,6044407813037,0.0
SEC3B-054-KO,C4_TOOL_CALLING_AGENT,6731150943844,29838.167792,batch-000035,8,29838.155517,0.0,0.012275,6044407813037,0.0
SEC3B-059-EN,C4_TOOL_CALLING_AGENT,6749315062632,29866.425583,batch-000036,8,29866.412974,0.0,0.012609,6056110201250,0.0
SEC3B-060-EN,C4_TOOL_CALLING_AGENT,6749315062632,29866.424673,batch-000036,8,29866.412974,0.0,0.011699,6056110201250,0.0
SEC3B-061-EN,C4_TOOL_CALLING_AGENT,6749315062632,29866.423046,batch-000036,8,29866.412974,0.0,0.010072,6056110201250,0.0
SEC3B-069-KO,C4_TOOL_CALLING_AGENT,6749315062632,29866.423845,batch-000036,8,29866.412974,0.0,0.010871,6056110201250,0.0
SEC3B-071-EN,C4_TOOL_CALLING_AGENT,6749315062632,29866.424407,batch-000036,8,29866.412974,0.0,0.011433,6056110201250,0.0
SEC3B-072-EN,C4_TOOL_CALLING_AGENT,6749315062632,29866.424054000003,batch-000036,8,29866.412974,0.0,0.01108,6056110201250,0.0
SEC3B-073-KO,C4_TOOL_CALLING_AGENT,6749315062632,29866.423792,batch-000036,8,29866.412974,0.0,0.010818,6056110201250,0.0
SEC3B-076-EN,C4_TOOL_CALLING_AGENT,6749315062632,29866.423747,batch-000036,8,29866.412974,0.0,0.010773,6056110201250,0.0
SEC3B-077-EN,C4_TOOL_CALLING_AGENT,6767483661946,29835.963719,batch-000037,8,29835.952424,0.0,0.011295,6067813086372,0.0
SEC3B-078-EN,C4_TOOL_CALLING_AGENT,6767483661946,29835.962592,batch-000037,8,29835.952424,0.0,0.010168,6067813086372,0.0
SEC3B-081-KO,C4_TOOL_CALLING_AGENT,6767483661946,29835.962551999997,batch-000037,8,29835.952424,0.0,0.010128,6067813086372,0.0
SEC3B-082-EN,C4_TOOL_CALLING_AGENT,6767483661946,29835.974534,batch-000037,8,29835.952424,0.0,0.02211,6067813086372,0.0
SEC3B-084-EN,C4_TOOL_CALLING_AGENT,6767483661946,29835.967479,batch-000037,8,29835.952424,0.0,0.015055,6067813086372,0.0
SEC3B-086-KO,C4_TOOL_CALLING_AGENT,6767483661946,29835.963840999997,batch-000037,8,29835.952424,0.0,0.011417,6067813086372,0.0
SEC3B-087-KO,C4_TOOL_CALLING_AGENT,6767483661946,29835.964714,batch-000037,8,29835.952424,0.0,0.01229,6067813086372,0.0
SEC3B-088-EN,C4_TOOL_CALLING_AGENT,6767483661946,29835.963417,batch-000037,8,29835.952424,0.0,0.010993,6067813086372,0.0
SEC3B-089-EN,C4_TOOL_CALLING_AGENT,6785400487167,29589.325269,batch-000038,8,29589.315724,0.0,0.009545,6079481025441,0.0
SEC3B-090-EN,C4_TOOL_CALLING_AGENT,6785400487167,29589.326201000003,batch-000038,8,29589.315724,0.0,0.010477,6079481025441,0.0
SEC3B-090-KO,C4_TOOL_CALLING_AGENT,6785400487167,29589.326926,batch-000038,8,29589.315724,0.0,0.011202,6079481025441,0.0
SEC3B-093-EN,C4_TOOL_CALLING_AGENT,6785400487167,29589.326637000002,batch-000038,8,29589.315724,0.0,0.010913,6079481025441,0.0
SEC3B-093-KO,C4_TOOL_CALLING_AGENT,6785400487167,29589.326019,batch-000038,8,29589.315724,0.0,0.010295,6079481025441,0.0
SEC3B-099-KO,C4_TOOL_CALLING_AGENT,6785400487167,29589.325938,batch-000038,8,29589.315724,0.0,0.010214,6079481025441,0.0
V2C-0004,C4_TOOL_CALLING_AGENT,6785400487167,29589.326555,batch-000038,8,29589.315724,0.0,0.010831,6079481025441,0.0
V2C-0010,C4_TOOL_CALLING_AGENT,6785400487167,29589.336179,batch-000038,8,29589.315724,0.0,0.020455,6079481025441,0.0
V2C-0016,C4_TOOL_CALLING_AGENT,6799035601084,25308.206094,batch-000039,8,25308.194663000002,0.0,0.011431,6091154170061,0.0
V2C-0018,C4_TOOL_CALLING_AGENT,6799035601084,25308.20543,batch-000039,8,25308.194663000002,0.0,0.010767,6091154170061,0.0
V2C-0020,C4_TOOL_CALLING_AGENT,6799035601084,25308.205059,batch-000039,8,25308.194663000002,0.0,0.010396,6091154170061,0.0
V2C-0026,C4_TOOL_CALLING_AGENT,6799035601084,25308.204476,batch-000039,8,25308.194663000002,0.0,0.009813,6091154170061,0.0
V2C-0027,C4_TOOL_CALLING_AGENT,6799035601084,25308.204197,batch-000039,8,25308.194663000002,0.0,0.009534,6091154170061,0.0
V2C-0030,C4_TOOL_CALLING_AGENT,6799035601084,25308.748193,batch-000039,8,25308.194663000002,0.0,0.55353,6091154170061,0.0
V2C-0032,C4_TOOL_CALLING_AGENT,6799035601084,25308.211948,batch-000039,8,25308.194663000002,0.0,0.017285,6091154170061,0.0
V2C-0034,C4_TOOL_CALLING_AGENT,6799035601084,25308.204182,batch-000039,8,25308.194663000002,0.0,0.009519,6091154170061,0.0
V2C-0048,C4_TOOL_CALLING_AGENT,6812773549580,25425.264197,batch-000040,8,25425.255937,0.0,0.00826,6102827739352,0.0
V2C-0056,C4_TOOL_CALLING_AGENT,6812773549580,25425.26425,batch-000040,8,25425.255937,0.0,0.008313,6102827739352,0.0
V2C-0061,C4_TOOL_CALLING_AGENT,6812773549580,25425.264283,batch-000040,8,25425.255937,0.0,0.008346,6102827739352,0.0
V2C-0066,C4_TOOL_CALLING_AGENT,6812773549580,25425.265421,batch-000040,8,25425.255937,0.0,0.009484,6102827739352,0.0
V2C-0072,C4_TOOL_CALLING_AGENT,6812773549580,25425.264796,batch-000040,8,25425.255937,0.0,0.008859,6102827739352,0.0
V2C-0078,C4_TOOL_CALLING_AGENT,6812773549580,25425.265054,batch-000040,8,25425.255937,0.0,0.009117,6102827739352,0.0
V2C-0084,C4_TOOL_CALLING_AGENT,6812773549580,25425.264484,batch-000040,8,25425.255937,0.0,0.008547,6102827739352,0.0
V2C-0087,C4_TOOL_CALLING_AGENT,6812773549580,25425.264212000002,batch-000040,8,25425.255937,0.0,0.008275,6102827739352,0.0
V2C-0116,C4_TOOL_CALLING_AGENT,6826519050462,25429.147896,batch-000041,8,25429.1319,0.0,0.015996,6114515555069,0.0
V2C-0127,C4_TOOL_CALLING_AGENT,6826519050462,25429.138292999996,batch-000041,8,25429.1319,0.0,0.006393,6114515555069,0.0
V2C-0128,C4_TOOL_CALLING_AGENT,6826519050462,25429.141308,batch-000041,8,25429.1319,0.0,0.009408,6114515555069,0.0
V2C-0137,C4_TOOL_CALLING_AGENT,6826519050462,25429.140161,batch-000041,8,25429.1319,0.0,0.008261,6114515555069,0.0
V2C-0148,C4_TOOL_CALLING_AGENT,6826519050462,25429.140166999998,batch-000041,8,25429.1319,0.0,0.008267,6114515555069,0.0
V2C-0156,C4_TOOL_CALLING_AGENT,6826519050462,25429.140084,batch-000041,8,25429.1319,0.0,0.008184,6114515555069,0.0
V2C-0172,C4_TOOL_CALLING_AGENT,6826519050462,25429.140311999996,batch-000041,8,25429.1319,0.0,0.008412,6114515555069,0.0
V2C-0176,C4_TOOL_CALLING_AGENT,6826519050462,25429.140788999997,batch-000041,8,25429.1319,0.0,0.008889,6114515555069,0.0
V2C-0181,C4_TOOL_CALLING_AGENT,6840217887933,25401.889203,batch-000042,8,25401.871674,0.0,0.017529,6126199697175,0.0
V2C-0184,C4_TOOL_CALLING_AGENT,6840217887933,25401.882563,batch-000042,8,25401.871674,0.0,0.010889,6126199697175,0.0
V2C-0197,C4_TOOL_CALLING_AGENT,6840217887933,25401.881868,batch-000042,8,25401.871674,0.0,0.010194,6126199697175,0.0
V2C-0201,C4_TOOL_CALLING_AGENT,6840217887933,25401.88046,batch-000042,8,25401.871674,0.0,0.008786,6126199697175,0.0
V2C-0202,C4_TOOL_CALLING_AGENT,6840217887933,25401.880481,batch-000042,8,25401.871674,0.0,0.008807,6126199697175,0.0
V2C-0207,C4_TOOL_CALLING_AGENT,6840217887933,25401.877923,batch-000042,8,25401.871674,0.0,0.006249,6126199697175,0.0
V2C-0210,C4_TOOL_CALLING_AGENT,6840217887933,25401.880515,batch-000042,8,25401.871674,0.0,0.008841,6126199697175,0.0
V2C-0219,C4_TOOL_CALLING_AGENT,6840217887933,25401.883590999998,batch-000042,8,25401.871674,0.0,0.011917,6126199697175,0.0
V2C-0221,C4_TOOL_CALLING_AGENT,6853878793625,25328.714692,batch-000043,8,25328.705203999998,0.0,0.009488,6137903283431,0.0
V2C-0223,C4_TOOL_CALLING_AGENT,6853878793625,25328.713197999998,batch-000043,8,25328.705203999998,0.0,0.007994,6137903283431,0.0
V2C-0229,C4_TOOL_CALLING_AGENT,6853878793625,25328.713217999997,batch-000043,8,25328.705203999998,0.0,0.008014,6137903283431,0.0
V2C-0263,C4_TOOL_CALLING_AGENT,6853878793625,25328.715203,batch-000043,8,25328.705203999998,0.0,0.009999,6137903283431,0.0
V2C-0265,C4_TOOL_CALLING_AGENT,6853878793625,25328.714292,batch-000043,8,25328.705203999998,0.0,0.009088,6137903283431,0.0
V2C-0274,C4_TOOL_CALLING_AGENT,6853878793625,25328.713928999998,batch-000043,8,25328.705203999998,0.0,0.008725,6137903283431,0.0
V2C-0276,C4_TOOL_CALLING_AGENT,6853878793625,25328.713571,batch-000043,8,25328.705203999998,0.0,0.008367,6137903283431,0.0
V2C-0297,C4_TOOL_CALLING_AGENT,6853878793625,25328.724691,batch-000043,8,25328.705203999998,0.0,0.019487,6137903283431,0.0
V2C-0298,C4_TOOL_CALLING_AGENT,6867577077076,25431.732210000002,batch-000044,8,25431.715498,0.0,0.016712,6149571616660,0.0
V2C-0300,C4_TOOL_CALLING_AGENT,6867577077076,25431.726518000003,batch-000044,8,25431.715498,0.0,0.01102,6149571616660,0.0
V2C-0328,C4_TOOL_CALLING_AGENT,6867577077076,25431.724148,batch-000044,8,25431.715498,0.0,0.00865,6149571616660,0.0
V2C-0342,C4_TOOL_CALLING_AGENT,6867577077076,25431.724947000002,batch-000044,8,25431.715498,0.0,0.009449,6149571616660,0.0
V2C-0348,C4_TOOL_CALLING_AGENT,6867577077076,25431.733134000002,batch-000044,8,25431.715498,0.0,0.017636,6149571616660,0.0
V2C-0351,C4_TOOL_CALLING_AGENT,6867577077076,25431.726058,batch-000044,8,25431.715498,0.0,0.01056,6149571616660,0.0
V2C-0354,C4_TOOL_CALLING_AGENT,6867577077076,25431.724583000003,batch-000044,8,25431.715498,0.0,0.009085,6149571616660,0.0
V2C-0357,C4_TOOL_CALLING_AGENT,6867577077076,25431.725079000003,batch-000044,8,25431.715498,0.0,0.009581,6149571616660,0.0
V2C-0360,C4_TOOL_CALLING_AGENT,6881254360332,25386.317041000002,batch-000045,8,25386.308563,0.0,0.008478,6161305605337,0.0
V2C-0365,C4_TOOL_CALLING_AGENT,6881254360332,25386.326226,batch-000045,8,25386.308563,0.0,0.017663,6161305605337,0.0
V2C-0369,C4_TOOL_CALLING_AGENT,6881254360332,25386.318992,batch-000045,8,25386.308563,0.0,0.010429,6161305605337,0.0
V2C-0370,C4_TOOL_CALLING_AGENT,6881254360332,25386.318445,batch-000045,8,25386.308563,0.0,0.009882,6161305605337,0.0
V2C-0374,C4_TOOL_CALLING_AGENT,6881254360332,25386.32583,batch-000045,8,25386.308563,0.0,0.017267,6161305605337,0.0
V2C-0380,C4_TOOL_CALLING_AGENT,6881254360332,25386.319812,batch-000045,8,25386.308563,0.0,0.011249,6161305605337,0.0
V2C-0384,C4_TOOL_CALLING_AGENT,6881254360332,25386.317441,batch-000045,8,25386.308563,0.0,0.008878,6161305605337,0.0
V2C-0396,C4_TOOL_CALLING_AGENT,6881254360332,25386.317166,batch-000045,8,25386.308563,0.0,0.008603,6161305605337,0.0
V2C-0399,C4_TOOL_CALLING_AGENT,6894843022531,25270.278521,batch-000046,8,25270.266470000002,0.0,0.012051,6173015105966,0.0
V2C-0400,C4_TOOL_CALLING_AGENT,6894843022531,25270.285407000003,batch-000046,8,25270.266470000002,0.0,0.018937,6173015105966,0.0
V2C-0401,C4_TOOL_CALLING_AGENT,6894843022531,25270.278074,batch-000046,8,25270.266470000002,0.0,0.011604,6173015105966,0.0
V2C-0403,C4_TOOL_CALLING_AGENT,6894843022531,25270.273647,batch-000046,8,25270.266470000002,0.0,0.007177,6173015105966,0.0
V2C-0409,C4_TOOL_CALLING_AGENT,6894843022531,25270.276337000003,batch-000046,8,25270.266470000002,0.0,0.009867,6173015105966,0.0
V2C-0415,C4_TOOL_CALLING_AGENT,6894843022531,25270.272487000002,batch-000046,8,25270.266470000002,0.0,0.006017,6173015105966,0.0
V2C-0418,C4_TOOL_CALLING_AGENT,6894843022531,25270.275396,batch-000046,8,25270.266470000002,0.0,0.008926,6173015105966,0.0
V2C-0424,C4_TOOL_CALLING_AGENT,6894843022531,25270.274701000002,batch-000046,8,25270.266470000002,0.0,0.008231,6173015105966,0.0
V2C-0427,C4_TOOL_CALLING_AGENT,6908484602684,25307.352736,batch-000047,8,25307.347121,0.0,0.005615,6184697272885,0.0
V2C-0430,C4_TOOL_CALLING_AGENT,6908484602684,25307.356431,batch-000047,8,25307.347121,0.0,0.00931,6184697272885,0.0
V2C-0431,C4_TOOL_CALLING_AGENT,6908484602684,25307.355308,batch-000047,8,25307.347121,0.0,0.008187,6184697272885,0.0
V2C-0458,C4_TOOL_CALLING_AGENT,6908484602684,25307.354927,batch-000047,8,25307.347121,0.0,0.007806,6184697272885,0.0
V2C-0462,C4_TOOL_CALLING_AGENT,6908484602684,25307.355158,batch-000047,8,25307.347121,0.0,0.008037,6184697272885,0.0
V2C-0478,C4_TOOL_CALLING_AGENT,6908484602684,25307.363767,batch-000047,8,25307.347121,0.0,0.016646,6184697272885,0.0
V2C-0487,C4_TOOL_CALLING_AGENT,6908484602684,25307.35791,batch-000047,8,25307.347121,0.0,0.010789,6184697272885,0.0
V2C-0502,C4_TOOL_CALLING_AGENT,6908484602684,25307.356695,batch-000047,8,25307.347121,0.0,0.009574,6184697272885,0.0
V2C-0505,C4_TOOL_CALLING_AGENT,6922123328392,25342.866259000002,batch-000048,8,25342.857672,0.0,0.008587,6196363543924,0.0
V2C-0512,C4_TOOL_CALLING_AGENT,6922123328392,25342.880153,batch-000048,8,25342.857672,0.0,0.022481,6196363543924,0.0
V2C-0528,C4_TOOL_CALLING_AGENT,6922123328392,25342.87074,batch-000048,8,25342.857672,0.0,0.013068,6196363543924,0.0
V2C-0530,C4_TOOL_CALLING_AGENT,6922123328392,25342.867156,batch-000048,8,25342.857672,0.0,0.009484,6196363543924,0.0
V2C-0532,C4_TOOL_CALLING_AGENT,6922123328392,25342.865814999997,batch-000048,8,25342.857672,0.0,0.008143,6196363543924,0.0
V2C-0533,C4_TOOL_CALLING_AGENT,6922123328392,25342.866557,batch-000048,8,25342.857672,0.0,0.008885,6196363543924,0.0
V2C-0536,C4_TOOL_CALLING_AGENT,6922123328392,25342.865912,batch-000048,8,25342.857672,0.0,0.00824,6196363543924,0.0
V2C-0560,C4_TOOL_CALLING_AGENT,6922123328392,25342.865951,batch-000048,8,25342.857672,0.0,0.008279,6196363543924,0.0
V2C-0575,C4_TOOL_CALLING_AGENT,6935738672438,25309.853061,batch-000049,8,25309.845204999998,0.0,0.007856,6208068155320,0.0
V2C-0589,C4_TOOL_CALLING_AGENT,6935738672438,25309.852901,batch-000049,8,25309.845204999998,0.0,0.007696,6208068155320,0.0
V2C-0604,C4_TOOL_CALLING_AGENT,6935738672438,25309.853154999997,batch-000049,8,25309.845204999998,0.0,0.00795,6208068155320,0.0
V2C-0606,C4_TOOL_CALLING_AGENT,6935738672438,25309.853896,batch-000049,8,25309.845204999998,0.0,0.008691,6208068155320,0.0
V2C-0611,C4_TOOL_CALLING_AGENT,6935738672438,25309.853032,batch-000049,8,25309.845204999998,0.0,0.007827,6208068155320,0.0
V2C-0615,C4_TOOL_CALLING_AGENT,6935738672438,25309.852866,batch-000049,8,25309.845204999998,0.0,0.007661,6208068155320,0.0
V2C-0617,C4_TOOL_CALLING_AGENT,6935738672438,25309.853269,batch-000049,8,25309.845204999998,0.0,0.008064,6208068155320,0.0
V2C-0621,C4_TOOL_CALLING_AGENT,6935738672438,25309.853204,batch-000049,8,25309.845204999998,0.0,0.007999,6208068155320,0.0
V2C-0630,C4_TOOL_CALLING_AGENT,6949544250204,25489.984925,batch-000050,8,25489.976456,0.0,0.008469,6219763198184,0.0
V2C-0632,C4_TOOL_CALLING_AGENT,6949544250204,25489.985804,batch-000050,8,25489.976456,0.0,0.009348,6219763198184,0.0
V2C-0635,C4_TOOL_CALLING_AGENT,6949544250204,25489.984217,batch-000050,8,25489.976456,0.0,0.007761,6219763198184,0.0
V2C-0653,C4_TOOL_CALLING_AGENT,6949544250204,25489.984156,batch-000050,8,25489.976456,0.0,0.0077,6219763198184,0.0
V2C-0658,C4_TOOL_CALLING_AGENT,6949544250204,25489.984403000002,batch-000050,8,25489.976456,0.0,0.007947,6219763198184,0.0
V2C-0670,C4_TOOL_CALLING_AGENT,6949544250204,25489.984540999998,batch-000050,8,25489.976456,0.0,0.008085,6219763198184,0.0
V2C-0674,C4_TOOL_CALLING_AGENT,6949544250204,25489.984048,batch-000050,8,25489.976456,0.0,0.007592,6219763198184,0.0
V2C-0681,C4_TOOL_CALLING_AGENT,6949544250204,25489.985208,batch-000050,8,25489.976456,0.0,0.008752,6219763198184,0.0
V2C-0698,C4_TOOL_CALLING_AGENT,6963388573808,25533.901062999998,batch-000051,8,25533.892957,0.0,0.008106,6231448117446,0.0
V2C-0700,C4_TOOL_CALLING_AGENT,6963388573808,25533.901263,batch-000051,8,25533.892957,0.0,0.008306,6231448117446,0.0
V2C-0701,C4_TOOL_CALLING_AGENT,6963388573808,25533.90114,batch-000051,8,25533.892957,0.0,0.008183,6231448117446,0.0
V2C-0708,C4_TOOL_CALLING_AGENT,6963388573808,25533.900703,batch-000051,8,25533.892957,0.0,0.007746,6231448117446,0.0
V2C-0714,C4_TOOL_CALLING_AGENT,6963388573808,25533.900739,batch-000051,8,25533.892957,0.0,0.007782,6231448117446,0.0
V2C-0717,C4_TOOL_CALLING_AGENT,6963388573808,25533.901543,batch-000051,8,25533.892957,0.0,0.008586,6231448117446,0.0
V2C-0718,C4_TOOL_CALLING_AGENT,6963388573808,25533.991315,batch-000051,8,25533.892957,0.0,0.098358,6231448117446,0.0
V2C-0722,C4_TOOL_CALLING_AGENT,6963388573808,25533.923702,batch-000051,8,25533.892957,0.0,0.030745,6231448117446,0.0
V2C-0729,C4_TOOL_CALLING_AGENT,6977100959906,25419.545504,batch-000052,8,25419.486836,0.0,0.058668,6243138297195,0.0
V2C-0735,C4_TOOL_CALLING_AGENT,6977100959906,25419.49959,batch-000052,8,25419.486836,0.0,0.012754,6243138297195,0.0
V2C-0738,C4_TOOL_CALLING_AGENT,6977100959906,25419.496471,batch-000052,8,25419.486836,0.0,0.009635,6243138297195,0.0
V2C-0744,C4_TOOL_CALLING_AGENT,6977100959906,25419.496294,batch-000052,8,25419.486836,0.0,0.009458,6243138297195,0.0
V2C-0745,C4_TOOL_CALLING_AGENT,6977100959906,25419.495392999997,batch-000052,8,25419.486836,0.0,0.008557,6243138297195,0.0
V2C-0757,C4_TOOL_CALLING_AGENT,6977100959906,25419.496882,batch-000052,8,25419.486836,0.0,0.010046,6243138297195,0.0
V2C-0761,C4_TOOL_CALLING_AGENT,6977100959906,25419.495955,batch-000052,8,25419.486836,0.0,0.009119,6243138297195,0.0
V2C-0767,C4_TOOL_CALLING_AGENT,6977100959906,25419.495748,batch-000052,8,25419.486836,0.0,0.008912,6243138297195,0.0
V2C-0772,C4_TOOL_CALLING_AGENT,6990767839295,25349.654759999998,batch-000053,8,25349.646337,0.0,0.008423,6254845883973,0.0
V2C-0773,C4_TOOL_CALLING_AGENT,6990767839295,25349.654982,batch-000053,8,25349.646337,0.0,0.008645,6254845883973,0.0
V2C-0787,C4_TOOL_CALLING_AGENT,6990767839295,25349.654378,batch-000053,8,25349.646337,0.0,0.008041,6254845883973,0.0
V2C-0790,C4_TOOL_CALLING_AGENT,6990767839295,25349.656474,batch-000053,8,25349.646337,0.0,0.010137,6254845883973,0.0
V2C-0795,C4_TOOL_CALLING_AGENT,6990767839295,25349.653991,batch-000053,8,25349.646337,0.0,0.007654,6254845883973,0.0
V2C-0796,C4_TOOL_CALLING_AGENT,6990767839295,25349.655415,batch-000053,8,25349.646337,0.0,0.009078,6254845883973,0.0
V2C-0797,C4_TOOL_CALLING_AGENT,6990767839295,25349.655453,batch-000053,8,25349.646337,0.0,0.009116,6254845883973,0.0
V2C-0801,C4_TOOL_CALLING_AGENT,6990767839295,25349.683194999998,batch-000053,8,25349.646337,0.0,0.036858,6254845883973,0.0
V2C-0803,C4_TOOL_CALLING_AGENT,7003119786719,24040.098061,batch-000054,8,24040.087438000002,0.0,0.010623,6266529187474,0.0
V2C-0811,C4_TOOL_CALLING_AGENT,7003119786719,24040.097737,batch-000054,8,24040.087438000002,0.0,0.010299,6266529187474,0.0
V2C-0813,C4_TOOL_CALLING_AGENT,7003119786719,24040.09721,batch-000054,8,24040.087438000002,0.0,0.009772,6266529187474,0.0
V2C-0815,C4_TOOL_CALLING_AGENT,7003119786719,24040.093492,batch-000054,8,24040.087438000002,0.0,0.006054,6266529187474,0.0
V2C-0827,C4_TOOL_CALLING_AGENT,7003119786719,24040.092913,batch-000054,8,24040.087438000002,0.0,0.005475,6266529187474,0.0
V2C-0835,C4_TOOL_CALLING_AGENT,7003119786719,24040.095757000003,batch-000054,8,24040.087438000002,0.0,0.008319,6266529187474,0.0
V2C-0839,C4_TOOL_CALLING_AGENT,7003119786719,24040.097707,batch-000054,8,24040.087438000002,0.0,0.010269,6266529187474,0.0
V2C-0842,C4_TOOL_CALLING_AGENT,7003119786719,24040.106165,batch-000054,8,24040.087438000002,0.0,0.018727,6266529187474,0.0
V2C-0844,C4_TOOL_CALLING_AGENT,7016834706634,25406.269485,batch-000055,8,25406.261575,0.0,0.00791,6278217881604,0.0
V2C-0847,C4_TOOL_CALLING_AGENT,7016834706634,25406.267017,batch-000055,8,25406.261575,0.0,0.005442,6278217881604,0.0
V2C-0850,C4_TOOL_CALLING_AGENT,7016834706634,25406.271318,batch-000055,8,25406.261575,0.0,0.009743,6278217881604,0.0
V2C-0851,C4_TOOL_CALLING_AGENT,7016834706634,25406.269751,batch-000055,8,25406.261575,0.0,0.008176,6278217881604,0.0
V2C-0859,C4_TOOL_CALLING_AGENT,7016834706634,25406.270194,batch-000055,8,25406.261575,0.0,0.008619,6278217881604,0.0
V2C-0862,C4_TOOL_CALLING_AGENT,7016834706634,25406.270898000002,batch-000055,8,25406.261575,0.0,0.009323,6278217881604,0.0
V2C-0863,C4_TOOL_CALLING_AGENT,7016834706634,25406.269830999998,batch-000055,8,25406.261575,0.0,0.008256,6278217881604,0.0
V2C-0867,C4_TOOL_CALLING_AGENT,7016834706634,25406.267303,batch-000055,8,25406.261575,0.0,0.005728,6278217881604,0.0
V2C-0881,C4_TOOL_CALLING_AGENT,7030458326717,25329.454005,batch-000056,8,25329.445509999998,0.0,0.008495,6289909849249,0.0
V2C-0886,C4_TOOL_CALLING_AGENT,7030458326717,25329.455341,batch-000056,8,25329.445509999998,0.0,0.009831,6289909849249,0.0
V2C-0900,C4_TOOL_CALLING_AGENT,7030458326717,25329.454282,batch-000056,8,25329.445509999998,0.0,0.008772,6289909849249,0.0
V2C-0901,C4_TOOL_CALLING_AGENT,7030458326717,25329.453858,batch-000056,8,25329.445509999998,0.0,0.008348,6289909849249,0.0
V2C-0902,C4_TOOL_CALLING_AGENT,7030458326717,25329.463469000002,batch-000056,8,25329.445509999998,0.0,0.017959,6289909849249,0.0
V2C-0903,C4_TOOL_CALLING_AGENT,7030458326717,25329.452634,batch-000056,8,25329.445509999998,0.0,0.007124,6289909849249,0.0
V2C-0904,C4_TOOL_CALLING_AGENT,7030458326717,25329.454948,batch-000056,8,25329.445509999998,0.0,0.009438,6289909849249,0.0
V2C-0907,C4_TOOL_CALLING_AGENT,7030458326717,25329.452595,batch-000056,8,25329.445509999998,0.0,0.007085,6289909849249,0.0
V2C-0908,C4_TOOL_CALLING_AGENT,7044060588339,25295.452515,batch-000057,8,25295.443229,0.0,0.009286,6301616239938,0.0
V2C-0909,C4_TOOL_CALLING_AGENT,7044060588339,25295.452037000003,batch-000057,8,25295.443229,0.0,0.008808,6301616239938,0.0
V2C-0911,C4_TOOL_CALLING_AGENT,7044060588339,25295.453617,batch-000057,8,25295.443229,0.0,0.010388,6301616239938,0.0
V2C-0912,C4_TOOL_CALLING_AGENT,7044060588339,25295.461633,batch-000057,8,25295.443229,0.0,0.018404,6301616239938,0.0
V2C-0913,C4_TOOL_CALLING_AGENT,7044060588339,25295.491239000003,batch-000057,8,25295.443229,0.0,0.04801,6301616239938,0.0
V2C-0914,C4_TOOL_CALLING_AGENT,7044060588339,25295.461964000002,batch-000057,8,25295.443229,0.0,0.018735,6301616239938,0.0
V2C-0915,C4_TOOL_CALLING_AGENT,7044060588339,25295.455594,batch-000057,8,25295.443229,0.0,0.012365,6301616239938,0.0
V2C-0916,C4_TOOL_CALLING_AGENT,7044060588339,25295.457409000002,batch-000057,8,25295.443229,0.0,0.01418,6301616239938,0.0
V2C-0917,C4_TOOL_CALLING_AGENT,7057759622285,25390.725076000002,batch-000058,8,25390.715236,0.0,0.00984,6313310006524,0.0
V2C-0918,C4_TOOL_CALLING_AGENT,7057759622285,25390.725068,batch-000058,8,25390.715236,0.0,0.009832,6313310006524,0.0
V2C-0919,C4_TOOL_CALLING_AGENT,7057759622285,25390.724073999998,batch-000058,8,25390.715236,0.0,0.008838,6313310006524,0.0
V2C-0921,C4_TOOL_CALLING_AGENT,7057759622285,25390.724243,batch-000058,8,25390.715236,0.0,0.009007,6313310006524,0.0
V2C-0922,C4_TOOL_CALLING_AGENT,7057759622285,25390.725010000002,batch-000058,8,25390.715236,0.0,0.009774,6313310006524,0.0
V2C-0923,C4_TOOL_CALLING_AGENT,7057759622285,25390.721276,batch-000058,8,25390.715236,0.0,0.00604,6313310006524,0.0
V2C-0925,C4_TOOL_CALLING_AGENT,7057759622285,25390.724809,batch-000058,8,25390.715236,0.0,0.009573,6313310006524,0.0
V2C-0926,C4_TOOL_CALLING_AGENT,7057759622285,25390.723297,batch-000058,8,25390.715236,0.0,0.008061,6313310006524,0.0
V2C-0927,C4_TOOL_CALLING_AGENT,7071434770885,25367.260513,batch-000059,8,25367.252572999998,0.0,0.00794,6325002265059,0.0
V2C-0928,C4_TOOL_CALLING_AGENT,7071434770885,25367.260465,batch-000059,8,25367.252572999998,0.0,0.007892,6325002265059,0.0
V2C-0929,C4_TOOL_CALLING_AGENT,7071434770885,25367.260671,batch-000059,8,25367.252572999998,0.0,0.008098,6325002265059,0.0
V2C-0930,C4_TOOL_CALLING_AGENT,7071434770885,25367.262112999997,batch-000059,8,25367.252572999998,0.0,0.00954,6325002265059,0.0
V2C-0931,C4_TOOL_CALLING_AGENT,7071434770885,25367.260915,batch-000059,8,25367.252572999998,0.0,0.008342,6325002265059,0.0
V2C-0932,C4_TOOL_CALLING_AGENT,7071434770885,25367.260602000002,batch-000059,8,25367.252572999998,0.0,0.008029,6325002265059,0.0
V2C-0935,C4_TOOL_CALLING_AGENT,7071434770885,25367.260714,batch-000059,8,25367.252572999998,0.0,0.008141,6325002265059,0.0
V2C-0936,C4_TOOL_CALLING_AGENT,7071434770885,25367.261126999998,batch-000059,8,25367.252572999998,0.0,0.008554,6325002265059,0.0
V2C-0937,C4_TOOL_CALLING_AGENT,7085168195818,25427.071469000002,batch-000060,8,25427.027430000002,0.0,0.044039,6336694868989,0.0
V2C-0938,C4_TOOL_CALLING_AGENT,7085168195818,25427.045711,batch-000060,8,25427.027430000002,0.0,0.018281,6336694868989,0.0
V2C-0940,C4_TOOL_CALLING_AGENT,7085168195818,25427.038246,batch-000060,8,25427.027430000002,0.0,0.010816,6336694868989,0.0
V2C-0941,C4_TOOL_CALLING_AGENT,7085168195818,25427.037775,batch-000060,8,25427.027430000002,0.0,0.010345,6336694868989,0.0
V2C-0942,C4_TOOL_CALLING_AGENT,7085168195818,25427.036971,batch-000060,8,25427.027430000002,0.0,0.009541,6336694868989,0.0
V2C-0944,C4_TOOL_CALLING_AGENT,7085168195818,25427.035704,batch-000060,8,25427.027430000002,0.0,0.008274,6336694868989,0.0
V2C-0945,C4_TOOL_CALLING_AGENT,7085168195818,25427.036466999998,batch-000060,8,25427.027430000002,0.0,0.009037,6336694868989,0.0
V2C-0947,C4_TOOL_CALLING_AGENT,7085168195818,25427.034571,batch-000060,8,25427.027430000002,0.0,0.007141,6336694868989,0.0
V2C-0949,C4_TOOL_CALLING_AGENT,7098838142816,25390.642307000002,batch-000061,8,25390.633399,0.0,0.008908,6348388950611,0.0
V2C-0950,C4_TOOL_CALLING_AGENT,7098838142816,25390.641417,batch-000061,8,25390.633399,0.0,0.008018,6348388950611,0.0
V2C-0953,C4_TOOL_CALLING_AGENT,7098838142816,25390.643527,batch-000061,8,25390.633399,0.0,0.010128,6348388950611,0.0
V2C-0954,C4_TOOL_CALLING_AGENT,7098838142816,25390.641327,batch-000061,8,25390.633399,0.0,0.007928,6348388950611,0.0
V2C-0955,C4_TOOL_CALLING_AGENT,7098838142816,25390.641496,batch-000061,8,25390.633399,0.0,0.008097,6348388950611,0.0
V2C-0957,C4_TOOL_CALLING_AGENT,7098838142816,25390.642971,batch-000061,8,25390.633399,0.0,0.009572,6348388950611,0.0
V2C-0958,C4_TOOL_CALLING_AGENT,7098838142816,25390.641484,batch-000061,8,25390.633399,0.0,0.008085,6348388950611,0.0
V2C-0960,C4_TOOL_CALLING_AGENT,7098838142816,25390.641357,batch-000061,8,25390.633399,0.0,0.007958,6348388950611,0.0
V2C-0961,C4_TOOL_CALLING_AGENT,7112526512620,25371.993566,batch-000062,8,25371.983754,0.0,0.009812,6360110192858,0.0
V2C-0965,C4_TOOL_CALLING_AGENT,7112526512620,25371.991924,batch-000062,8,25371.983754,0.0,0.00817,6360110192858,0.0
V2C-0966,C4_TOOL_CALLING_AGENT,7112526512620,25371.991646000002,batch-000062,8,25371.983754,0.0,0.007892,6360110192858,0.0
V2C-0969,C4_TOOL_CALLING_AGENT,7112526512620,25371.993717,batch-000062,8,25371.983754,0.0,0.009963,6360110192858,0.0
V2C-0970,C4_TOOL_CALLING_AGENT,7112526512620,25371.991759,batch-000062,8,25371.983754,0.0,0.008005,6360110192858,0.0
V2C-0972,C4_TOOL_CALLING_AGENT,7112526512620,25371.991857,batch-000062,8,25371.983754,0.0,0.008103,6360110192858,0.0
V2C-0973,C4_TOOL_CALLING_AGENT,7112526512620,25371.993464,batch-000062,8,25371.983754,0.0,0.00971,6360110192858,0.0
V2C-0974,C4_TOOL_CALLING_AGENT,7112526512620,25371.991554,batch-000062,8,25371.983754,0.0,0.0078,6360110192858,0.0
V2C-0976,C4_TOOL_CALLING_AGENT,7126187472778,25318.251057,batch-000063,8,25318.242986999998,0.0,0.00807,6371794287762,0.0
V2C-0977,C4_TOOL_CALLING_AGENT,7126187472778,25318.251349,batch-000063,8,25318.242986999998,0.0,0.008362,6371794287762,0.0
V2C-0978,C4_TOOL_CALLING_AGENT,7126187472778,25318.250825,batch-000063,8,25318.242986999998,0.0,0.007838,6371794287762,0.0
V2C-0979,C4_TOOL_CALLING_AGENT,7126187472778,25318.249352,batch-000063,8,25318.242986999998,0.0,0.006365,6371794287762,0.0
V2C-0980,C4_TOOL_CALLING_AGENT,7126187472778,25318.252942,batch-000063,8,25318.242986999998,0.0,0.009955,6371794287762,0.0
V2C-0981,C4_TOOL_CALLING_AGENT,7126187472778,25318.250700999997,batch-000063,8,25318.242986999998,0.0,0.007714,6371794287762,0.0
V2C-0982,C4_TOOL_CALLING_AGENT,7126187472778,25318.250933,batch-000063,8,25318.242986999998,0.0,0.007946,6371794287762,0.0
V2C-0988,C4_TOOL_CALLING_AGENT,7126187472778,25318.252645,batch-000063,8,25318.242986999998,0.0,0.009658,6371794287762,0.0
V2C-0989,C4_TOOL_CALLING_AGENT,7139853118881,25389.381387,batch-000064,8,25389.373555,0.0,0.007832,6383452044758,0.0
V2C-0990,C4_TOOL_CALLING_AGENT,7139853118881,25389.381435,batch-000064,8,25389.373555,0.0,0.00788,6383452044758,0.0
V2C-0991,C4_TOOL_CALLING_AGENT,7139853118881,25389.381389000002,batch-000064,8,25389.373555,0.0,0.007834,6383452044758,0.0
V2C-0994,C4_TOOL_CALLING_AGENT,7139853118881,25389.381594,batch-000064,8,25389.373555,0.0,0.008039,6383452044758,0.0
V2C-0996,C4_TOOL_CALLING_AGENT,7139853118881,25389.383010999998,batch-000064,8,25389.373555,0.0,0.009456,6383452044758,0.0
V2C-0999,C4_TOOL_CALLING_AGENT,7139853118881,25389.379227999998,batch-000064,8,25389.373555,0.0,0.005673,6383452044758,0.0
V2C-1000,C4_TOOL_CALLING_AGENT,7139853118881,25389.379939,batch-000064,8,25389.373555,0.0,0.006384,6383452044758,0.0
V2C-1001,C4_TOOL_CALLING_AGENT,7139853118881,25389.381797000002,batch-000064,8,25389.373555,0.0,0.008242,6383452044758,0.0
V2C-1002,C4_TOOL_CALLING_AGENT,7143336762651,14962.144542000002,batch-000065,8,14962.137367,0.0,0.007175,6395176289319,0.0
V2C-1003,C4_TOOL_CALLING_AGENT,7143336762651,14962.145416,batch-000065,8,14962.137367,0.0,0.008049,6395176289319,0.0
V2C-1010,C4_TOOL_CALLING_AGENT,7143336762651,14962.142587999999,batch-000065,8,14962.137367,0.0,0.005221,6395176289319,0.0
V2C-1011,C4_TOOL_CALLING_AGENT,7143336762651,14962.145219999999,batch-000065,8,14962.137367,0.0,0.007853,6395176289319,0.0
V2C-1012,C4_TOOL_CALLING_AGENT,7143336762651,14962.143532999999,batch-000065,8,14962.137367,0.0,0.006166,6395176289319,0.0
V2C-1013,C4_TOOL_CALLING_AGENT,7143336762651,14962.145214,batch-000065,8,14962.137367,0.0,0.007847,6395176289319,0.0
V2C-1014,C4_TOOL_CALLING_AGENT,7143336762651,14962.142574000001,batch-000065,8,14962.137367,0.0,0.005207,6395176289319,0.0
V2C-1015,C4_TOOL_CALLING_AGENT,7143336762651,14962.145222,batch-000065,8,14962.137367,0.0,0.007855,6395176289319,0.0
V2C-1016,C4_TOOL_CALLING_AGENT,7146813012247,14910.665565000001,batch-000066,8,14910.656858,0.0,0.008707,6406655258007,0.0
V2C-1017,C4_TOOL_CALLING_AGENT,7146813012247,14910.664633,batch-000066,8,14910.656858,0.0,0.007775,6406655258007,0.0
V2C-1019,C4_TOOL_CALLING_AGENT,7146813012247,14910.664511,batch-000066,8,14910.656858,0.0,0.007653,6406655258007,0.0
V2C-1020,C4_TOOL_CALLING_AGENT,7146813012247,14910.664457,batch-000066,8,14910.656858,0.0,0.007599,6406655258007,0.0
V2C-1022,C4_TOOL_CALLING_AGENT,7146813012247,14910.663156,batch-000066,8,14910.656858,0.0,0.006298,6406655258007,0.0
V2C-1024,C4_TOOL_CALLING_AGENT,7146813012247,14910.664857,batch-000066,8,14910.656858,0.0,0.007999,6406655258007,0.0
V2C-1025,C4_TOOL_CALLING_AGENT,7146813012247,14910.66455,batch-000066,8,14910.656858,0.0,0.007692,6406655258007,0.0
V2C-1026,C4_TOOL_CALLING_AGENT,7146813012247,14910.662393,batch-000066,8,14910.656858,0.0,0.005535,6406655258007,0.0
V2C-1028,C4_TOOL_CALLING_AGENT,7150288226919,14915.051443000002,batch-000067,8,14915.042575000001,0.0,0.008868,6418090176908,0.0
V2C-1030,C4_TOOL_CALLING_AGENT,7150288226919,14915.048024000002,batch-000067,8,14915.042575000001,0.0,0.005449,6418090176908,0.0
V2C-1032,C4_TOOL_CALLING_AGENT,7150288226919,14915.050276000002,batch-000067,8,14915.042575000001,0.0,0.007701,6418090176908,0.0
V2C-1033,C4_TOOL_CALLING_AGENT,7150288226919,14915.051589,batch-000067,8,14915.042575000001,0.0,0.009014,6418090176908,0.0
V2C-1035,C4_TOOL_CALLING_AGENT,7150288226919,14915.050593000002,batch-000067,8,14915.042575000001,0.0,0.008018,6418090176908,0.0
V2C-1036,C4_TOOL_CALLING_AGENT,7150288226919,14915.050032000001,batch-000067,8,14915.042575000001,0.0,0.007457,6418090176908,0.0
V2C-1037,C4_TOOL_CALLING_AGENT,7150288226919,14915.050156000001,batch-000067,8,14915.042575000001,0.0,0.007581,6418090176908,0.0
V2C-1039,C4_TOOL_CALLING_AGENT,7150288226919,14915.051858,batch-000067,8,14915.042575000001,0.0,0.009283,6418090176908,0.0
V2C-1040,C4_TOOL_CALLING_AGENT,7153824632061,15090.763745,batch-000068,8,15090.756388,0.0,0.007357,6429530558079,0.0
V2C-1043,C4_TOOL_CALLING_AGENT,7153824632061,15090.764201,batch-000068,8,15090.756388,0.0,0.007813,6429530558079,0.0
V2C-1045,C4_TOOL_CALLING_AGENT,7153824632061,15090.763949,batch-000068,8,15090.756388,0.0,0.007561,6429530558079,0.0
V2C-1046,C4_TOOL_CALLING_AGENT,7153824632061,15090.761636,batch-000068,8,15090.756388,0.0,0.005248,6429530558079,0.0
V2C-1047,C4_TOOL_CALLING_AGENT,7153824632061,15090.809814,batch-000068,8,15090.756388,0.0,0.053426,6429530558079,0.0
V2C-1049,C4_TOOL_CALLING_AGENT,7153824632061,15090.767885,batch-000068,8,15090.756388,0.0,0.011497,6429530558079,0.0
V2C-1050,C4_TOOL_CALLING_AGENT,7153824632061,15090.765498,batch-000068,8,15090.756388,0.0,0.00911,6429530558079,0.0
V2C-1055,C4_TOOL_CALLING_AGENT,7153824632061,15090.765378,batch-000068,8,15090.756388,0.0,0.00899,6429530558079,0.0
V2C-1057,C4_TOOL_CALLING_AGENT,7156073713835,13818.010531,batch-000069,8,13818.002133999998,0.0,0.008397,6441085496945,0.0
V2C-1061,C4_TOOL_CALLING_AGENT,7156073713835,13818.011466,batch-000069,8,13818.002133999998,0.0,0.009332,6441085496945,0.0
V2C-1065,C4_TOOL_CALLING_AGENT,7156073713835,13818.010594,batch-000069,8,13818.002133999998,0.0,0.00846,6441085496945,0.0
V2C-1070,C4_TOOL_CALLING_AGENT,7156073713835,13818.010086999999,batch-000069,8,13818.002133999998,0.0,0.007953,6441085496945,0.0
V2C-1074,C4_TOOL_CALLING_AGENT,7156073713835,13818.010140999999,batch-000069,8,13818.002133999998,0.0,0.008007,6441085496945,0.0
V2C-1076,C4_TOOL_CALLING_AGENT,7156073713835,13818.011712,batch-000069,8,13818.002133999998,0.0,0.009578,6441085496945,0.0
V2C-1077,C4_TOOL_CALLING_AGENT,7156073713835,13818.01179,batch-000069,8,13818.002133999998,0.0,0.009656,6441085496945,0.0
V2C-1079,C4_TOOL_CALLING_AGENT,7156073713835,13818.010125,batch-000069,8,13818.002133999998,0.0,0.007991,6441085496945,0.0
V2C-1080,C4_TOOL_CALLING_AGENT,7158780511083,14248.466174,batch-000070,8,14248.458233,0.0,0.007941,6452654918841,0.0
V2C-1082,C4_TOOL_CALLING_AGENT,7158780511083,14248.468071,batch-000070,8,14248.458233,0.0,0.009838,6452654918841,0.0
V2C-1087,C4_TOOL_CALLING_AGENT,7158780511083,14248.466165,batch-000070,8,14248.458233,0.0,0.007932,6452654918841,0.0
V2C-1088,C4_TOOL_CALLING_AGENT,7158780511083,14248.465945,batch-000070,8,14248.458233,0.0,0.007712,6452654918841,0.0
V2C-1091,C4_TOOL_CALLING_AGENT,7158780511083,14248.467394,batch-000070,8,14248.458233,0.0,0.009161,6452654918841,0.0
V2C-1093,C4_TOOL_CALLING_AGENT,7158780511083,14248.465939,batch-000070,8,14248.458233,0.0,0.007706,6452654918841,0.0
V2C-1095,C4_TOOL_CALLING_AGENT,7158780511083,14248.466188999999,batch-000070,8,14248.458233,0.0,0.007956,6452654918841,0.0
V2C-1096,C4_TOOL_CALLING_AGENT,7158780511083,14248.466725,batch-000070,8,14248.458233,0.0,0.008492,6452654918841,0.0
V2C-1104,C4_TOOL_CALLING_AGENT,7162318898015,15120.411686,batch-000071,8,15120.386019,0.0,0.025667,6464197115190,0.0
V2C-1107,C4_TOOL_CALLING_AGENT,7162318898015,15120.397813,batch-000071,8,15120.386019,0.0,0.011794,6464197115190,0.0
V2C-1109,C4_TOOL_CALLING_AGENT,7162318898015,15120.395010999999,batch-000071,8,15120.386019,0.0,0.008992,6464197115190,0.0
V2C-1110,C4_TOOL_CALLING_AGENT,7162318898015,15120.394796999999,batch-000071,8,15120.386019,0.0,0.008778,6464197115190,0.0
V2C-1115,C4_TOOL_CALLING_AGENT,7162318898015,15120.395582,batch-000071,8,15120.386019,0.0,0.009563,6464197115190,0.0
V2C-1116,C4_TOOL_CALLING_AGENT,7162318898015,15120.398412999999,batch-000071,8,15120.386019,0.0,0.012394,6464197115190,0.0
V2C-1118,C4_TOOL_CALLING_AGENT,7162318898015,15120.393951,batch-000071,8,15120.386019,0.0,0.007932,6464197115190,0.0
V2C-1119,C4_TOOL_CALLING_AGENT,7162318898015,15120.394688999999,batch-000071,8,15120.386019,0.0,0.00867,6464197115190,0.0
V2C-1120,C4_TOOL_CALLING_AGENT,7166229809105,15492.706263,batch-000072,8,15492.690977999999,0.0,0.015285,6475779700796,0.0
V2C-1123,C4_TOOL_CALLING_AGENT,7166229809105,15492.699868,batch-000072,8,15492.690977999999,0.0,0.00889,6475779700796,0.0
V2C-1127,C4_TOOL_CALLING_AGENT,7166229809105,15492.698782,batch-000072,8,15492.690977999999,0.0,0.007804,6475779700796,0.0
V2C-1128,C4_TOOL_CALLING_AGENT,7166229809105,15492.701345999998,batch-000072,8,15492.690977999999,0.0,0.010368,6475779700796,0.0
V2C-1130,C4_TOOL_CALLING_AGENT,7166229809105,15492.698868,batch-000072,8,15492.690977999999,0.0,0.00789,6475779700796,0.0
V2C-1133,C4_TOOL_CALLING_AGENT,7166229809105,15492.699797000001,batch-000072,8,15492.690977999999,0.0,0.008819,6475779700796,0.0
V2C-1139,C4_TOOL_CALLING_AGENT,7166229809105,15492.698502,batch-000072,8,15492.690977999999,0.0,0.007524,6475779700796,0.0
V2C-1141,C4_TOOL_CALLING_AGENT,7166229809105,15492.698387,batch-000072,8,15492.690977999999,0.0,0.007409,6475779700796,0.0
V2C-1154,C4_TOOL_CALLING_AGENT,7179894528002,25352.801452,batch-000073,8,25352.792542,0.0,0.00891,6487361960797,0.0
V2C-1155,C4_TOOL_CALLING_AGENT,7179894528002,25352.802062,batch-000073,8,25352.792542,0.0,0.00952,6487361960797,0.0
V2C-1156,C4_TOOL_CALLING_AGENT,7179894528002,25352.803362,batch-000073,8,25352.792542,0.0,0.01082,6487361960797,0.0
V2C-1158,C4_TOOL_CALLING_AGENT,7179894528002,25352.801198,batch-000073,8,25352.792542,0.0,0.008656,6487361960797,0.0
V2C-1160,C4_TOOL_CALLING_AGENT,7179894528002,25352.80185,batch-000073,8,25352.792542,0.0,0.009308,6487361960797,0.0
V2C-1162,C4_TOOL_CALLING_AGENT,7179894528002,25352.800655,batch-000073,8,25352.792542,0.0,0.008113,6487361960797,0.0
V2C-1163,C4_TOOL_CALLING_AGENT,7179894528002,25352.79862,batch-000073,8,25352.792542,0.0,0.006078,6487361960797,0.0
V2C-1164,C4_TOOL_CALLING_AGENT,7179894528002,25352.816852999997,batch-000073,8,25352.792542,0.0,0.024311,6487361960797,0.0
V2C-1171,C4_TOOL_CALLING_AGENT,7193700532789,25471.409496,batch-000074,8,25471.401358,0.0,0.008138,6499050560123,0.0
V2C-1173,C4_TOOL_CALLING_AGENT,7193700532789,25471.414329,batch-000074,8,25471.401358,0.0,0.012971,6499050560123,0.0
V2C-1175,C4_TOOL_CALLING_AGENT,7193700532789,25471.410332,batch-000074,8,25471.401358,0.0,0.008974,6499050560123,0.0
V2C-1178,C4_TOOL_CALLING_AGENT,7193700532789,25471.409935,batch-000074,8,25471.401358,0.0,0.008577,6499050560123,0.0
V2C-1187,C4_TOOL_CALLING_AGENT,7193700532789,25471.409467999998,batch-000074,8,25471.401358,0.0,0.00811,6499050560123,0.0
V2C-1190,C4_TOOL_CALLING_AGENT,7193700532789,25471.409264,batch-000074,8,25471.401358,0.0,0.007906,6499050560123,0.0
V2C-1194,C4_TOOL_CALLING_AGENT,7193700532789,25471.41061,batch-000074,8,25471.401358,0.0,0.009252,6499050560123,0.0
V2C-1199,C4_TOOL_CALLING_AGENT,7193700532789,25471.409888,batch-000074,8,25471.401358,0.0,0.00853,6499050560123,0.0
EXT-ADVERSARIAL-0002,C5_GUARDRAIL_STYLE,7193758680405,0.008647,,,0.0,0.008647,0.0,7193758671758,0.0
EXT-ADVERSARIAL-0003,C5_GUARDRAIL_STYLE,7193758702194,0.003131,,,0.0,0.003131,0.0,7193758699063,0.0
EXT-ADVERSARIAL-0005,C5_GUARDRAIL_STYLE,7193758708274,0.001662,,,0.0,0.001662,0.0,7193758706612,0.0
EXT-ADVERSARIAL-0014,C5_GUARDRAIL_STYLE,7193758712903,0.001357,,,0.0,0.001357,0.0,7193758711546,0.0
EXT-ADVERSARIAL-0015,C5_GUARDRAIL_STYLE,7193758716675,0.001279,,,0.0,0.001279,0.0,7193758715396,0.0
EXT-ADVERSARIAL-0018,C5_GUARDRAIL_STYLE,7193758720258,0.001271,,,0.0,0.001271,0.0,7193758718987,0.0
EXT-ADVERSARIAL-0021,C5_GUARDRAIL_STYLE,7193758723949,0.000917,,,0.0,0.000917,0.0,7193758723032,0.0
EXT-ADVERSARIAL-0025,C5_GUARDRAIL_STYLE,7193758727336,0.001012,,,0.0,0.001012,0.0,7193758726324,0.0
EXT-ADVERSARIAL-0026,C5_GUARDRAIL_STYLE,7193758730691,0.001019,,,0.0,0.001019,0.0,7193758729672,0.0
EXT-ADVERSARIAL-0028,C5_GUARDRAIL_STYLE,7193758733805,0.000877,,,0.0,0.000877,0.0,7193758732928,0.0
EXT-ADVERSARIAL-0029,C5_GUARDRAIL_STYLE,7193758737286,0.000932,,,0.0,0.000932,0.0,7193758736354,0.0
EXT-ADVERSARIAL-0031,C5_GUARDRAIL_STYLE,7193758740543,0.001013,,,0.0,0.001013,0.0,7193758739530,0.0
EXT-ADVERSARIAL-0032,C5_GUARDRAIL_STYLE,7193758744121,0.001241,,,0.0,0.001241,0.0,7193758742880,0.0
EXT-ADVERSARIAL-0034,C5_GUARDRAIL_STYLE,7193758779736,0.0043,,,0.0,0.0043,0.0,7193758775436,0.0
EXT-ADVERSARIAL-0039,C5_GUARDRAIL_STYLE,7193758785823,0.001873,,,0.0,0.001873,0.0,7193758783950,0.0
EXT-ADVERSARIAL-0044,C5_GUARDRAIL_STYLE,7193758790132,0.001577,,,0.0,0.001577,0.0,7193758788555,0.0
EXT-ADVERSARIAL-0050,C5_GUARDRAIL_STYLE,7193758799298,0.001176,,,0.0,0.001176,0.0,7193758798122,0.0
EXT-ADVERSARIAL-0051,C5_GUARDRAIL_STYLE,7193758803027,0.001235,,,0.0,0.001235,0.0,7193758801792,0.0
EXT-ADVERSARIAL-0056,C5_GUARDRAIL_STYLE,7193758806567,0.000992,,,0.0,0.000992,0.0,7193758805575,0.0
EXT-ADVERSARIAL-0058,C5_GUARDRAIL_STYLE,7193758809743,0.001136,,,0.0,0.001136,0.0,7193758808607,0.0
EXT-ADVERSARIAL-0061,C5_GUARDRAIL_STYLE,7193758813411,0.001234,,,0.0,0.001234,0.0,7193758812177,0.0
EXT-ADVERSARIAL-0063,C5_GUARDRAIL_STYLE,7193758816785,0.001139,,,0.0,0.001139,0.0,7193758815646,0.0
EXT-ADVERSARIAL-0071,C5_GUARDRAIL_STYLE,7193758819871,0.000997,,,0.0,0.000997,0.0,7193758818874,0.0
EXT-ADVERSARIAL-0073,C5_GUARDRAIL_STYLE,7193758823029,0.001091,,,0.0,0.001091,0.0,7193758821938,0.0
EXT-ADVERSARIAL-0076,C5_GUARDRAIL_STYLE,7193758826167,0.001065,,,0.0,0.001065,0.0,7193758825102,0.0
EXT-ADVERSARIAL-0078,C5_GUARDRAIL_STYLE,7193758829499,0.001159,,,0.0,0.001159,0.0,7193758828340,0.0
EXT-ADVERSARIAL-0082,C5_GUARDRAIL_STYLE,7193758834114,0.001153,,,0.0,0.001153,0.0,7193758832961,0.0
EXT-ADVERSARIAL-0084,C5_GUARDRAIL_STYLE,7193758837459,0.001043,,,0.0,0.001043,0.0,7193758836416,0.0
EXT-ADVERSARIAL-0085,C5_GUARDRAIL_STYLE,7193758840633,0.001039,,,0.0,0.001039,0.0,7193758839594,0.0
EXT-ADVERSARIAL-0089,C5_GUARDRAIL_STYLE,7193758843884,0.001038,,,0.0,0.001038,0.0,7193758842846,0.0
EXT-ADVERSARIAL-0093,C5_GUARDRAIL_STYLE,7193758847519,0.001394,,,0.0,0.001394,0.0,7193758846125,0.0
EXT-ADVERSARIAL-0095,C5_GUARDRAIL_STYLE,7193758850650,0.000968,,,0.0,0.000968,0.0,7193758849682,0.0
EXT-ADVERSARIAL-0097,C5_GUARDRAIL_STYLE,7193758853716,0.000918,,,0.0,0.000918,0.0,7193758852798,0.0
EXT-ADVERSARIAL-0098,C5_GUARDRAIL_STYLE,7193758857232,0.001238,,,0.0,0.001238,0.0,7193758855994,0.0
EXT-AMBIGUOUS-0003,C5_GUARDRAIL_STYLE,7195665136548,1902.316388,batch-000000,8,1902.213178,0.0,0.02968,7193762923370,0.07353
EXT-AMBIGUOUS-0004,C5_GUARDRAIL_STYLE,7195665136548,1902.234925,batch-000000,8,1902.213178,0.0,0.010076,7193762923370,0.011671
EXT-AMBIGUOUS-0014,C5_GUARDRAIL_STYLE,7195665136548,1902.226532,batch-000000,8,1902.213178,0.0,0.005686,7193762923370,0.007668
EXT-AMBIGUOUS-0015,C5_GUARDRAIL_STYLE,7195665136548,1902.224555,batch-000000,8,1902.213178,0.0,0.005103,7193762923370,0.006274
EXT-AMBIGUOUS-0024,C5_GUARDRAIL_STYLE,7195665136548,1902.223098,batch-000000,8,1902.213178,0.0,0.00445,7193762923370,0.00547
EXT-AMBIGUOUS-0026,C5_GUARDRAIL_STYLE,7195665136548,1902.222223,batch-000000,8,1902.213178,0.0,0.00389,7193762923370,0.005155
EXT-AMBIGUOUS-0028,C5_GUARDRAIL_STYLE,7195665136548,1902.222152,batch-000000,8,1902.213178,0.0,0.003925,7193762923370,0.005049
EXT-AMBIGUOUS-0033,C5_GUARDRAIL_STYLE,7195665136548,1902.223421,batch-000000,8,1902.213178,0.0,0.005178,7193762923370,0.005065
EXT-AMBIGUOUS-0035,C5_GUARDRAIL_STYLE,7198099002819,2433.6466940000005,batch-000001,8,2433.637247,0.0,0.004491,7195665365572,0.004956
EXT-AMBIGUOUS-0039,C5_GUARDRAIL_STYLE,7198099002819,2433.646976,batch-000001,8,2433.637247,0.0,0.004536,7195665365572,0.005193
EXT-AMBIGUOUS-0041,C5_GUARDRAIL_STYLE,7198099002819,2433.646863,batch-000001,8,2433.637247,0.0,0.004286,7195665365572,0.00533
EXT-AMBIGUOUS-0044,C5_GUARDRAIL_STYLE,7198099002819,2433.6464770000002,batch-000001,8,2433.637247,0.0,0.004056,7195665365572,0.005174
EXT-AMBIGUOUS-0049,C5_GUARDRAIL_STYLE,7198099002819,2433.6467330000005,batch-000001,8,2433.637247,0.0,0.004369,7195665365572,0.005117
EXT-AMBIGUOUS-0050,C5_GUARDRAIL_STYLE,7198099002819,2433.6463380000005,batch-000001,8,2433.637247,0.0,0.004174,7195665365572,0.004917
EXT-INVALID_ENTITY-0004,C5_GUARDRAIL_STYLE,7198099002819,2433.6473570000003,batch-000001,8,2433.637247,0.0,0.004571,7195665365572,0.005539
EXT-INVALID_ENTITY-0006,C5_GUARDRAIL_STYLE,7198099002819,2433.646806,batch-000001,8,2433.637247,0.0,0.004051,7195665365572,0.005508
EXT-INVALID_ENTITY-0009,C5_GUARDRAIL_STYLE,7204974448561,6875.188400999999,batch-000002,8,6875.167221,0.0,0.004889,7198099281340,0.016291
EXT-INVALID_ENTITY-0011,C5_GUARDRAIL_STYLE,7204974448561,6875.179197,batch-000002,8,6875.167221,0.0,0.004657,7198099281340,0.007319
EXT-INVALID_ENTITY-0013,C5_GUARDRAIL_STYLE,7204974448561,6875.177889,batch-000002,8,6875.167221,0.0,0.004962,7198099281340,0.005706
EXT-INVALID_ENTITY-0022,C5_GUARDRAIL_STYLE,7204974448561,6875.177032,batch-000002,8,6875.167221,0.0,0.004386,7198099281340,0.005425
EXT-INVALID_ENTITY-0026,C5_GUARDRAIL_STYLE,7204974448561,6875.176806,batch-000002,8,6875.167221,0.0,0.004152,7198099281340,0.005433
EXT-INVALID_ENTITY-0033,C5_GUARDRAIL_STYLE,7204974448561,6875.176957,batch-000002,8,6875.167221,0.0,0.004231,7198099281340,0.005505
EXT-INVALID_ENTITY-0034,C5_GUARDRAIL_STYLE,7204974448561,6875.17984,batch-000002,8,6875.167221,0.0,0.007268,7198099281340,0.005351
EXT-INVALID_ENTITY-0035,C5_GUARDRAIL_STYLE,7204974448561,6875.1782029999995,batch-000002,8,6875.167221,0.0,0.005212,7198099281340,0.00577
EXT-INVALID_ENTITY-0036,C5_GUARDRAIL_STYLE,7211847977086,6873.295799,batch-000003,8,6873.285842,0.0,0.004493,7204974691244,0.005464
EXT-INVALID_ENTITY-0037,C5_GUARDRAIL_STYLE,7211847977086,6873.296424,batch-000003,8,6873.285842,0.0,0.005012,7204974691244,0.00557
EXT-INVALID_ENTITY-0038,C5_GUARDRAIL_STYLE,7211847977086,6873.295763,batch-000003,8,6873.285842,0.0,0.004686,7204974691244,0.005235
EXT-INVALID_ENTITY-0039,C5_GUARDRAIL_STYLE,7211847977086,6873.303376000001,batch-000003,8,6873.285842,0.0,0.004691,7204974691244,0.012843
EXT-INVALID_ENTITY-0040,C5_GUARDRAIL_STYLE,7211847977086,6873.296675,batch-000003,8,6873.285842,0.0,0.004913,7204974691244,0.00592
EXT-INVALID_ENTITY-0042,C5_GUARDRAIL_STYLE,7211847977086,6873.296196,batch-000003,8,6873.285842,0.0,0.005076,7204974691244,0.005278
EXT-INVALID_ENTITY-0043,C5_GUARDRAIL_STYLE,7211847977086,6873.311658,batch-000003,8,6873.285842,0.0,0.005423,7204974691244,0.020393
EXT-INVALID_ENTITY-0045,C5_GUARDRAIL_STYLE,7211847977086,6873.299866,batch-000003,8,6873.285842,0.0,0.00509,7204974691244,0.008934
EXT-INVALID_ENTITY-0047,C5_GUARDRAIL_STYLE,7218647269912,6799.0485530000005,batch-000004,8,6799.036981,0.0,0.004958,7211848232931,0.006614
EXT-INVALID_ENTITY-0050,C5_GUARDRAIL_STYLE,7218647269912,6799.0471880000005,batch-000004,8,6799.036981,0.0,0.00474,7211848232931,0.005467
EXT-INVALID_ENTITY-0053,C5_GUARDRAIL_STYLE,7218647269912,6799.04779,batch-000004,8,6799.036981,0.0,0.00498,7211848232931,0.005829
EXT-INVALID_ENTITY-0054,C5_GUARDRAIL_STYLE,7218647269912,6799.047193,batch-000004,8,6799.036981,0.0,0.004544,7211848232931,0.005668
EXT-INVALID_ENTITY-0065,C5_GUARDRAIL_STYLE,7218647269912,6799.047952,batch-000004,8,6799.036981,0.0,0.005548,7211848232931,0.005423
EXT-INVALID_ENTITY-0066,C5_GUARDRAIL_STYLE,7218647269912,6799.047366000001,batch-000004,8,6799.036981,0.0,0.004882,7211848232931,0.005503
EXT-INVALID_ENTITY-0069,C5_GUARDRAIL_STYLE,7218647269912,6799.049925,batch-000004,8,6799.036981,0.0,0.00514,7211848232931,0.007804
EXT-INVALID_ENTITY-0070,C5_GUARDRAIL_STYLE,7218647269912,6799.048119,batch-000004,8,6799.036981,0.0,0.004662,7211848232931,0.006476
EXT-INVALID_ENTITY-0073,C5_GUARDRAIL_STYLE,7222112675336,3465.18244,batch-000005,8,3465.17184,0.0,0.005299,7218647503496,0.005301
EXT-INVALID_ENTITY-0077,C5_GUARDRAIL_STYLE,7222112675336,3465.1820549999998,batch-000005,8,3465.17184,0.0,0.004885,7218647503496,0.00533
EXT-INVALID_ENTITY-0078,C5_GUARDRAIL_STYLE,7222112675336,3465.181572,batch-000005,8,3465.17184,0.0,0.004562,7218647503496,0.00517
EXT-INVALID_ENTITY-0079,C5_GUARDRAIL_STYLE,7222112675336,3465.182714,batch-000005,8,3465.17184,0.0,0.00498,7218647503496,0.005894
EXT-INVALID_ENTITY-0080,C5_GUARDRAIL_STYLE,7222112675336,3465.181587,batch-000005,8,3465.17184,0.0,0.004382,7218647503496,0.005365
EXT-INVALID_ENTITY-0083,C5_GUARDRAIL_STYLE,7222112675336,3465.182966,batch-000005,8,3465.17184,0.0,0.004881,7218647503496,0.006245
EXT-INVALID_ENTITY-0084,C5_GUARDRAIL_STYLE,7222112675336,3465.181652,batch-000005,8,3465.17184,0.0,0.004351,7218647503496,0.005461
EXT-INVALID_ENTITY-0086,C5_GUARDRAIL_STYLE,7222112675336,3465.1824300000003,batch-000005,8,3465.17184,0.0,0.00442,7218647503496,0.00617
EXT-INVALID_ENTITY-0093,C5_GUARDRAIL_STYLE,7225238231125,3125.323178,batch-000006,8,3125.312677,0.0,0.005003,7222112918448,0.005498
EXT-INVALID_ENTITY-0098,C5_GUARDRAIL_STYLE,7225238231125,3125.322935,batch-000006,8,3125.312677,0.0,0.004464,7222112918448,0.005794
EXT-NUMERIC_PROVENANCE-0008,C5_GUARDRAIL_STYLE,7225238231125,3125.322346,batch-000006,8,3125.312677,0.0,0.004517,7222112918448,0.005152
EXT-NUMERIC_PROVENANCE-0009,C5_GUARDRAIL_STYLE,7225238231125,3125.322987,batch-000006,8,3125.312677,0.0,0.005106,7222112918448,0.005204
EXT-NUMERIC_PROVENANCE-0012,C5_GUARDRAIL_STYLE,7225238231125,3125.322797,batch-000006,8,3125.312677,0.0,0.004848,7222112918448,0.005272
EXT-NUMERIC_PROVENANCE-0013,C5_GUARDRAIL_STYLE,7225238231125,3125.327546,batch-000006,8,3125.312677,0.0,0.005129,7222112918448,0.00974
EXT-NUMERIC_PROVENANCE-0015,C5_GUARDRAIL_STYLE,7225238231125,3125.323219,batch-000006,8,3125.312677,0.0,0.005403,7222112918448,0.005139
EXT-NUMERIC_PROVENANCE-0016,C5_GUARDRAIL_STYLE,7225238231125,3125.3224619999996,batch-000006,8,3125.312677,0.0,0.004677,7222112918448,0.005108
EXT-NUMERIC_PROVENANCE-0017,C5_GUARDRAIL_STYLE,7228540774218,3302.313929,batch-000007,8,3302.303724,0.0,0.004955,7225238470494,0.00525
EXT-NUMERIC_PROVENANCE-0018,C5_GUARDRAIL_STYLE,7228540774218,3302.313589,batch-000007,8,3302.303724,0.0,0.004668,7225238470494,0.005197
EXT-NUMERIC_PROVENANCE-0019,C5_GUARDRAIL_STYLE,7228540774218,3302.3141659999997,batch-000007,8,3302.303724,0.0,0.004936,7225238470494,0.005506
EXT-NUMERIC_PROVENANCE-0020,C5_GUARDRAIL_STYLE,7228540774218,3302.32081,batch-000007,8,3302.303724,0.0,0.011405,7225238470494,0.005681
EXT-NUMERIC_PROVENANCE-0021,C5_GUARDRAIL_STYLE,7228540774218,3302.3171439999996,batch-000007,8,3302.303724,0.0,0.00798,7225238470494,0.00544
EXT-NUMERIC_PROVENANCE-0029,C5_GUARDRAIL_STYLE,7228540774218,3302.3153649999995,batch-000007,8,3302.303724,0.0,0.006478,7225238470494,0.005163
EXT-NUMERIC_PROVENANCE-0031,C5_GUARDRAIL_STYLE,7228540774218,3302.314451,batch-000007,8,3302.303724,0.0,0.00561,7225238470494,0.005117
EXT-NUMERIC_PROVENANCE-0033,C5_GUARDRAIL_STYLE,7228540774218,3302.314398,batch-000007,8,3302.303724,0.0,0.005455,7225238470494,0.005219
EXT-NUMERIC_PROVENANCE-0035,C5_GUARDRAIL_STYLE,7233703327257,5162.331329,batch-000008,8,5162.320395,0.0,0.005493,7228541006862,0.005441
EXT-NUMERIC_PROVENANCE-0038,C5_GUARDRAIL_STYLE,7233703327257,5162.330778999999,batch-000008,8,5162.320395,0.0,0.00491,7228541006862,0.005474
EXT-NUMERIC_PROVENANCE-0039,C5_GUARDRAIL_STYLE,7233703327257,5162.331945999999,batch-000008,8,5162.320395,0.0,0.00497,7228541006862,0.006581
EXT-NUMERIC_PROVENANCE-0047,C5_GUARDRAIL_STYLE,7233703327257,5162.330553,batch-000008,8,5162.320395,0.0,0.004931,7228541006862,0.005227
EXT-PAIR-0001-KO,C5_GUARDRAIL_STYLE,7233703327257,5162.330867999999,batch-000008,8,5162.320395,0.0,0.005316,7228541006862,0.005157
EXT-PAIR-0004-EN,C5_GUARDRAIL_STYLE,7233703327257,5162.3303829999995,batch-000008,8,5162.320395,0.0,0.004903,7228541006862,0.005085
EXT-PAIR-0004-KO,C5_GUARDRAIL_STYLE,7233703327257,5162.33024,batch-000008,8,5162.320395,0.0,0.004909,7228541006862,0.004936
EXT-PAIR-0007-EN,C5_GUARDRAIL_STYLE,7233703327257,5162.329927999999,batch-000008,8,5162.320395,0.0,0.004521,7228541006862,0.005012
EXT-PAIR-0009-EN,C5_GUARDRAIL_STYLE,7237011491997,3307.8991060000003,batch-000009,8,3307.889465,0.0,0.004445,7233703602532,0.005196
EXT-PAIR-0010-EN,C5_GUARDRAIL_STYLE,7237011491997,3307.8990700000004,batch-000009,8,3307.889465,0.0,0.004582,7233703602532,0.005023
EXT-PAIR-0013-EN,C5_GUARDRAIL_STYLE,7237011491997,3307.8996270000002,batch-000009,8,3307.889465,0.0,0.005062,7233703602532,0.0051
EXT-PAIR-0013-KO,C5_GUARDRAIL_STYLE,7237011491997,3307.9001780000003,batch-000009,8,3307.889465,0.0,0.005524,7233703602532,0.005189
EXT-PAIR-0021-KO,C5_GUARDRAIL_STYLE,7237011491997,3307.899541,batch-000009,8,3307.889465,0.0,0.005015,7233703602532,0.005061
EXT-PAIR-0026-EN,C5_GUARDRAIL_STYLE,7237011491997,3307.899821,batch-000009,8,3307.889465,0.0,0.004995,7233703602532,0.005361
EXT-PAIR-0026-KO,C5_GUARDRAIL_STYLE,7237011491997,3307.899473,batch-000009,8,3307.889465,0.0,0.004747,7233703602532,0.005261
EXT-PAIR-0027-KO,C5_GUARDRAIL_STYLE,7237011491997,3307.8995,batch-000009,8,3307.889465,0.0,0.004948,7233703602532,0.005087
EXT-PAIR-0029-KO,C5_GUARDRAIL_STYLE,7240407856232,3396.11604,batch-000010,8,3396.106251,0.0,0.004693,7237011749981,0.005096
EXT-PAIR-0030-EN,C5_GUARDRAIL_STYLE,7240407856232,3396.115891,batch-000010,8,3396.106251,0.0,0.004455,7237011749981,0.005185
EXT-PAIR-0034-EN,C5_GUARDRAIL_STYLE,7240407856232,3396.115841,batch-000010,8,3396.106251,0.0,0.004548,7237011749981,0.005042
EXT-PAIR-0035-KO,C5_GUARDRAIL_STYLE,7240407856232,3396.116002,batch-000010,8,3396.106251,0.0,0.004884,7237011749981,0.004867
EXT-PAIR-0039-KO,C5_GUARDRAIL_STYLE,7240407856232,3396.1159420000004,batch-000010,8,3396.106251,0.0,0.004639,7237011749981,0.005052
EXT-PAIR-0040-EN,C5_GUARDRAIL_STYLE,7240407856232,3396.1170270000002,batch-000010,8,3396.106251,0.0,0.004441,7237011749981,0.006335
EXT-PAIR-0041-EN,C5_GUARDRAIL_STYLE,7240407856232,3396.1162910000003,batch-000010,8,3396.106251,0.0,0.004806,7237011749981,0.005234
EXT-PAIR-0043-KO,C5_GUARDRAIL_STYLE,7240407856232,3396.116215,batch-000010,8,3396.106251,0.0,0.004701,7237011749981,0.005263
EXT-PAIR-0047-KO,C5_GUARDRAIL_STYLE,7246617895287,6209.835756,batch-000011,8,6209.825742,0.0,0.004847,7240408069545,0.005167
EXT-PAIR-0048-EN,C5_GUARDRAIL_STYLE,7246617895287,6209.835518999999,batch-000011,8,6209.825742,0.0,0.004609,7240408069545,0.005168
EXT-PAIR-0049-KO,C5_GUARDRAIL_STYLE,7246617895287,6209.835719,batch-000011,8,6209.825742,0.0,0.004793,7240408069545,0.005184
EXT-PAIR-0055-EN,C5_GUARDRAIL_STYLE,7246617895287,6209.835422,batch-000011,8,6209.825742,0.0,0.004672,7240408069545,0.005008
EXT-PAIR-0056-EN,C5_GUARDRAIL_STYLE,7246617895287,6209.835005,batch-000011,8,6209.825742,0.0,0.004378,7240408069545,0.004885
EXT-PAIR-0063-KO,C5_GUARDRAIL_STYLE,7246617895287,6209.837500000001,batch-000011,8,6209.825742,0.0,0.004847,7240408069545,0.006911
EXT-PAIR-0064-EN,C5_GUARDRAIL_STYLE,7246617895287,6209.836165,batch-000011,8,6209.825742,0.0,0.004916,7240408069545,0.005507
EXT-PAIR-0072-EN,C5_GUARDRAIL_STYLE,7246617895287,6209.835059999999,batch-000011,8,6209.825742,0.0,0.004368,7240408069545,0.00495
EXT-PAIR-0073-KO,C5_GUARDRAIL_STYLE,7249913161671,3295.015779,batch-000012,8,3295.006088,0.0,0.00479,7246618155583,0.004901
EXT-PAIR-0078-KO,C5_GUARDRAIL_STYLE,7249913161671,3295.0278940000003,batch-000012,8,3295.006088,0.0,0.016705,7246618155583,0.005101
EXT-PAIR-0080-EN,C5_GUARDRAIL_STYLE,7249913161671,3295.019342,batch-000012,8,3295.006088,0.0,0.008074,7246618155583,0.00518
EXT-PAIR-0080-KO,C5_GUARDRAIL_STYLE,7249913161671,3295.016763,batch-000012,8,3295.006088,0.0,0.00576,7246618155583,0.004915
EXT-PAIR-0082-EN,C5_GUARDRAIL_STYLE,7249913161671,3295.0153,batch-000012,8,3295.006088,0.0,0.00447,7246618155583,0.004742
EXT-PAIR-0083-KO,C5_GUARDRAIL_STYLE,7249913161671,3295.0163,batch-000012,8,3295.006088,0.0,0.00492,7246618155583,0.005292
EXT-PAIR-0085-EN,C5_GUARDRAIL_STYLE,7249913161671,3295.0162250000003,batch-000012,8,3295.006088,0.0,0.005161,7246618155583,0.004976
EXT-PAIR-0088-EN,C5_GUARDRAIL_STYLE,7249913161671,3295.015406,batch-000012,8,3295.006088,0.0,0.004294,7246618155583,0.005024
EXT-PAIR-0089-EN,C5_GUARDRAIL_STYLE,7253013901999,3100.5287399999997,batch-000013,8,3100.519131,0.0,0.004318,7249913382868,0.005291
EXT-PAIR-0091-EN,C5_GUARDRAIL_STYLE,7253013901999,3100.5295,batch-000013,8,3100.519131,0.0,0.004422,7249913382868,0.005947
EXT-PAIR-0091-KO,C5_GUARDRAIL_STYLE,7253013901999,3100.529416,batch-000013,8,3100.519131,0.0,0.004944,7249913382868,0.005341
EXT-PAIR-0094-EN,C5_GUARDRAIL_STYLE,7253013901999,3100.528586,batch-000013,8,3100.519131,0.0,0.004318,7249913382868,0.005137
EXT-PAIR-0096-EN,C5_GUARDRAIL_STYLE,7253013901999,3100.528618,batch-000013,8,3100.519131,0.0,0.004477,7249913382868,0.00501
EXT-PAIR-0099-KO,C5_GUARDRAIL_STYLE,7253013901999,3100.5290919999998,batch-000013,8,3100.519131,0.0,0.0049,7249913382868,0.005061
EXT-PAIR-0104-KO,C5_GUARDRAIL_STYLE,7253013901999,3100.52889,batch-000013,8,3100.519131,0.0,0.004644,7249913382868,0.005115
EXT-PAIR-0109-KO,C5_GUARDRAIL_STYLE,7253013901999,3100.5288090000004,batch-000013,8,3100.519131,0.0,0.004702,7249913382868,0.004976
EXT-PAIR-0115-KO,C5_GUARDRAIL_STYLE,7260301811024,7287.701234,batch-000014,8,7287.691473,0.0,0.004863,7253014119551,0.004898
EXT-PAIR-0116-KO,C5_GUARDRAIL_STYLE,7260301811024,7287.7017319999995,batch-000014,8,7287.691473,0.0,0.005126,7253014119551,0.005133
EXT-PAIR-0117-EN,C5_GUARDRAIL_STYLE,7260301811024,7287.700933,batch-000014,8,7287.691473,0.0,0.004567,7253014119551,0.004893
EXT-PAIR-0121-EN,C5_GUARDRAIL_STYLE,7260301811024,7287.701411999999,batch-000014,8,7287.691473,0.0,0.004728,7253014119551,0.005211
EXT-PAIR-0128-KO,C5_GUARDRAIL_STYLE,7260301811024,7287.703101,batch-000014,8,7287.691473,0.0,0.005142,7253014119551,0.006486
EXT-PAIR-0136-KO,C5_GUARDRAIL_STYLE,7260301811024,7287.702025,batch-000014,8,7287.691473,0.0,0.005341,7253014119551,0.005211
EXT-PAIR-0140-EN,C5_GUARDRAIL_STYLE,7260301811024,7287.701374,batch-000014,8,7287.691473,0.0,0.004511,7253014119551,0.00539
EXT-PAIR-0140-KO,C5_GUARDRAIL_STYLE,7260301811024,7287.701389,batch-000014,8,7287.691473,0.0,0.004931,7253014119551,0.004985
EXT-PAIR-0143-EN,C5_GUARDRAIL_STYLE,7262990650733,2688.6232999999997,batch-000015,8,2688.6136,0.0,0.004623,7260302037133,0.005077
EXT-PAIR-0144-EN,C5_GUARDRAIL_STYLE,7262990650733,2688.623119,batch-000015,8,2688.6136,0.0,0.004439,7260302037133,0.00508
EXT-PAIR-0146-EN,C5_GUARDRAIL_STYLE,7262990650733,2688.6240570000004,batch-000015,8,2688.6136,0.0,0.004456,7260302037133,0.006001
EXT-PAIR-0148-EN,C5_GUARDRAIL_STYLE,7262990650733,2688.622537,batch-000015,8,2688.6136,0.0,0.0043,7260302037133,0.004637
EXT-PAIR-0148-KO,C5_GUARDRAIL_STYLE,7262990650733,2688.6238110000004,batch-000015,8,2688.6136,0.0,0.004746,7260302037133,0.005465
EXT-PAIR-0149-KO,C5_GUARDRAIL_STYLE,7262990650733,2688.6230560000004,batch-000015,8,2688.6136,0.0,0.004741,7260302037133,0.004715
EXT-PAIR-0150-KO,C5_GUARDRAIL_STYLE,7262990650733,2688.623488,batch-000015,8,2688.6136,0.0,0.005079,7260302037133,0.004809
EXT-PAIR-0152-KO,C5_GUARDRAIL_STYLE,7262990650733,2688.623451,batch-000015,8,2688.6136,0.0,0.004948,7260302037133,0.004903
EXT-PAIR-0154-KO,C5_GUARDRAIL_STYLE,7266541635785,3550.7799,batch-000016,8,3550.770338,0.0,0.004691,7262990865447,0.004871
EXT-PAIR-0157-KO,C5_GUARDRAIL_STYLE,7266541635785,3550.7804709999996,batch-000016,8,3550.770338,0.0,0.00526,7262990865447,0.004873
EXT-PAIR-0159-EN,C5_GUARDRAIL_STYLE,7266541635785,3550.7801389999995,batch-000016,8,3550.770338,0.0,0.004556,7262990865447,0.005245
EXT-PAIR-0161-EN,C5_GUARDRAIL_STYLE,7266541635785,3550.779404,batch-000016,8,3550.770338,0.0,0.004326,7262990865447,0.00474
EXT-PAIR-0162-EN,C5_GUARDRAIL_STYLE,7266541635785,3550.779492,batch-000016,8,3550.770338,0.0,0.004373,7262990865447,0.004781
EXT-PAIR-0166-EN,C5_GUARDRAIL_STYLE,7266541635785,3550.7794099999996,batch-000016,8,3550.770338,0.0,0.004317,7262990865447,0.004755
EXT-PAIR-0166-KO,C5_GUARDRAIL_STYLE,7266541635785,3550.849484,batch-000016,8,3550.770338,0.0,0.074397,7262990865447,0.004749
EXT-PAIR-0167-EN,C5_GUARDRAIL_STYLE,7266541635785,3550.779888,batch-000016,8,3550.770338,0.0,0.004651,7262990865447,0.004899
EXT-PAIR-0169-EN,C5_GUARDRAIL_STYLE,7273088186372,6546.297324,batch-000017,8,6546.28839,0.0,0.004407,7266541897982,0.004527
EXT-PAIR-0170-EN,C5_GUARDRAIL_STYLE,7273088186372,6546.297509999999,batch-000017,8,6546.28839,0.0,0.004414,7266541897982,0.004706
EXT-PAIR-0174-KO,C5_GUARDRAIL_STYLE,7273088186372,6546.300339,batch-000017,8,6546.28839,0.0,0.004901,7266541897982,0.007048
EXT-PAIR-0175-EN,C5_GUARDRAIL_STYLE,7273088186372,6546.298187,batch-000017,8,6546.28839,0.0,0.004428,7266541897982,0.005369
EXT-PAIR-0179-EN,C5_GUARDRAIL_STYLE,7273088186372,6546.297575,batch-000017,8,6546.28839,0.0,0.004282,7266541897982,0.004903
EXT-PAIR-0184-KO,C5_GUARDRAIL_STYLE,7273088186372,6546.298,batch-000017,8,6546.28839,0.0,0.004696,7266541897982,0.004914
EXT-PAIR-0191-EN,C5_GUARDRAIL_STYLE,7273088186372,6546.298382,batch-000017,8,6546.28839,0.0,0.00496,7266541897982,0.005032
EXT-PAIR-0191-KO,C5_GUARDRAIL_STYLE,7273088186372,6546.298458,batch-000017,8,6546.28839,0.0,0.005221,7266541897982,0.004847
EXT-PAIR-0193-EN,C5_GUARDRAIL_STYLE,7280766284007,7677.874498,batch-000018,8,7677.863714,0.0,0.004798,7273088420293,0.005986
EXT-PAIR-0194-EN,C5_GUARDRAIL_STYLE,7280766284007,7677.872979,batch-000018,8,7677.863714,0.0,0.004473,7273088420293,0.004792
EXT-PAIR-0194-KO,C5_GUARDRAIL_STYLE,7280766284007,7677.873197000001,batch-000018,8,7677.863714,0.0,0.004716,7273088420293,0.004767
EXT-PAIR-0195-EN,C5_GUARDRAIL_STYLE,7280766284007,7677.87309,batch-000018,8,7677.863714,0.0,0.004381,7273088420293,0.004995
EXT-PAIR-0195-KO,C5_GUARDRAIL_STYLE,7280766284007,7677.873307,batch-000018,8,7677.863714,0.0,0.004855,7273088420293,0.004738
EXT-PARAPHRASE-0003,C5_GUARDRAIL_STYLE,7280766284007,7677.874863,batch-000018,8,7677.863714,0.0,0.004941,7273088420293,0.006208
EXT-PARAPHRASE-0004,C5_GUARDRAIL_STYLE,7280766284007,7677.872823,batch-000018,8,7677.863714,0.0,0.00433,7273088420293,0.004779
EXT-PARAPHRASE-0005,C5_GUARDRAIL_STYLE,7280766284007,7677.873291000001,batch-000018,8,7677.863714,0.0,0.004869,7273088420293,0.004708
EXT-PARAPHRASE-0020,C5_GUARDRAIL_STYLE,7283827380798,3060.8688530000004,batch-000019,8,3060.859452,0.0,0.004479,7280766521346,0.004922
EXT-PARAPHRASE-0026,C5_GUARDRAIL_STYLE,7283827380798,3060.868845,batch-000019,8,3060.859452,0.0,0.004536,7280766521346,0.004857
EXT-PARAPHRASE-0028,C5_GUARDRAIL_STYLE,7283827380798,3060.868464,batch-000019,8,3060.859452,0.0,0.004413,7280766521346,0.004599
EXT-PARAPHRASE-0030,C5_GUARDRAIL_STYLE,7283827380798,3060.8684980000003,batch-000019,8,3060.859452,0.0,0.004382,7280766521346,0.004664
EXT-PARAPHRASE-0034,C5_GUARDRAIL_STYLE,7283827380798,3060.868684,batch-000019,8,3060.859452,0.0,0.004364,7280766521346,0.004868
EXT-PARAPHRASE-0039,C5_GUARDRAIL_STYLE,7283827380798,3060.869168,batch-000019,8,3060.859452,0.0,0.004869,7280766521346,0.004847
EXT-PARAPHRASE-0069,C5_GUARDRAIL_STYLE,7283827380798,3060.8687710000004,batch-000019,8,3060.859452,0.0,0.004549,7280766521346,0.00477
EXT-PARAPHRASE-0076,C5_GUARDRAIL_STYLE,7283827380798,3060.86849,batch-000019,8,3060.859452,0.0,0.004427,7280766521346,0.004611
EXT-PARAPHRASE-0080,C5_GUARDRAIL_STYLE,7287200913306,3373.277202,batch-000020,8,3373.266723,0.0,0.004693,7283827646583,0.005786
EXT-PARAPHRASE-0091,C5_GUARDRAIL_STYLE,7287200913306,3373.276609,batch-000020,8,3373.266723,0.0,0.004948,7283827646583,0.004938
EXT-PARAPHRASE-0097,C5_GUARDRAIL_STYLE,7287200913306,3373.283342,batch-000020,8,3373.266723,0.0,0.012075,7283827646583,0.004544
EXT-PARAPHRASE-0101,C5_GUARDRAIL_STYLE,7287200913306,3373.2840510000005,batch-000020,8,3373.266723,0.0,0.010791,7283827646583,0.006537
EXT-PARAPHRASE-0114,C5_GUARDRAIL_STYLE,7287200913306,3373.277106,batch-000020,8,3373.266723,0.0,0.00564,7283827646583,0.004743
EXT-PARAPHRASE-0121,C5_GUARDRAIL_STYLE,7287200913306,3373.277126,batch-000020,8,3373.266723,0.0,0.005647,7283827646583,0.004756
EXT-PARAPHRASE-0150,C5_GUARDRAIL_STYLE,7287200913306,3373.2765440000003,batch-000020,8,3373.266723,0.0,0.004796,7283827646583,0.005025
EXT-PARAPHRASE-0154,C5_GUARDRAIL_STYLE,7287200913306,3373.276131,batch-000020,8,3373.266723,0.0,0.004387,7283827646583,0.005021
EXT-PARAPHRASE-0158,C5_GUARDRAIL_STYLE,7290009300651,2808.1665879999996,batch-000021,8,2808.157323,0.0,0.004263,7287201143328,0.005002
EXT-PARAPHRASE-0159,C5_GUARDRAIL_STYLE,7290009300651,2808.167421,batch-000021,8,2808.157323,0.0,0.004958,7287201143328,0.00514
EXT-PARAPHRASE-0162,C5_GUARDRAIL_STYLE,7290009300651,2808.1663909999997,batch-000021,8,2808.157323,0.0,0.004376,7287201143328,0.004692
EXT-PARAPHRASE-0166,C5_GUARDRAIL_STYLE,7290009300651,2808.166578,batch-000021,8,2808.157323,0.0,0.004372,7287201143328,0.004883
EXT-PARAPHRASE-0172,C5_GUARDRAIL_STYLE,7290009300651,2808.16653,batch-000021,8,2808.157323,0.0,0.004323,7287201143328,0.004884
EXT-PARAPHRASE-0176,C5_GUARDRAIL_STYLE,7290009300651,2808.166705,batch-000021,8,2808.157323,0.0,0.004453,7287201143328,0.004929
EXT-PARAPHRASE-0183,C5_GUARDRAIL_STYLE,7290009300651,2808.1669580000002,batch-000021,8,2808.157323,0.0,0.004796,7287201143328,0.004839
EXT-PARAPHRASE-0191,C5_GUARDRAIL_STYLE,7290009300651,2808.167205,batch-000021,8,2808.157323,0.0,0.004941,7287201143328,0.004941
EXT-PARAPHRASE-0194,C5_GUARDRAIL_STYLE,7305898524622,15888.988480000002,batch-000022,8,15888.979085,0.0,0.004514,7290009545537,0.004881
EXT-PARAPHRASE-0197,C5_GUARDRAIL_STYLE,7305898524622,15888.989536000001,batch-000022,8,15888.979085,0.0,0.004965,7290009545537,0.005486
EXT-POLICY_CONFLICT-0001,C5_GUARDRAIL_STYLE,7193760027782,0.001275,,,0.0,0.001275,0.0,7193760026507,0.0
EXT-POLICY_CONFLICT-0010,C5_GUARDRAIL_STYLE,7193760035376,0.001507,,,0.0,0.001507,0.0,7193760033869,0.0
EXT-POLICY_CONFLICT-0012,C5_GUARDRAIL_STYLE,7193760041534,0.001243,,,0.0,0.001243,0.0,7193760040291,0.0
EXT-POLICY_CONFLICT-0015,C5_GUARDRAIL_STYLE,7193760045017,0.001166,,,0.0,0.001166,0.0,7193760043851,0.0
EXT-POLICY_CONFLICT-0017,C5_GUARDRAIL_STYLE,7193760048531,0.001007,,,0.0,0.001007,0.0,7193760047524,0.0
EXT-POLICY_CONFLICT-0019,C5_GUARDRAIL_STYLE,7193760051788,0.000875,,,0.0,0.000875,0.0,7193760050913,0.0
EXT-POLICY_CONFLICT-0022,C5_GUARDRAIL_STYLE,7193760055131,0.000925,,,0.0,0.000925,0.0,7193760054206,0.0
EXT-POLICY_CONFLICT-0027,C5_GUARDRAIL_STYLE,7193760058615,0.001134,,,0.0,0.001134,0.0,7193760057481,0.0
EXT-POLICY_CONFLICT-0030,C5_GUARDRAIL_STYLE,7193760061862,0.001017,,,0.0,0.001017,0.0,7193760060845,0.0
EXT-POLICY_CONFLICT-0034,C5_GUARDRAIL_STYLE,7193760064994,0.000903,,,0.0,0.000903,0.0,7193760064091,0.0
EXT-POLICY_CONFLICT-0043,C5_GUARDRAIL_STYLE,7193760068238,0.000959,,,0.0,0.000959,0.0,7193760067279,0.0
EXT-POLICY_CONFLICT-0044,C5_GUARDRAIL_STYLE,7193760071661,0.001076,,,0.0,0.001076,0.0,7193760070585,0.0
EXT-POLICY_CONFLICT-0055,C5_GUARDRAIL_STYLE,7193760074950,0.00092,,,0.0,0.00092,0.0,7193760074030,0.0
EXT-POLICY_CONFLICT-0056,C5_GUARDRAIL_STYLE,7193760078175,0.000909,,,0.0,0.000909,0.0,7193760077266,0.0
EXT-POLICY_CONFLICT-0057,C5_GUARDRAIL_STYLE,7193760081457,0.000944,,,0.0,0.000944,0.0,7193760080513,0.0
EXT-POLICY_CONFLICT-0060,C5_GUARDRAIL_STYLE,7193760084825,0.001068,,,0.0,0.001068,0.0,7193760083757,0.0
EXT-POLICY_CONFLICT-0061,C5_GUARDRAIL_STYLE,7193760088509,0.001078,,,0.0,0.001078,0.0,7193760087431,0.0
EXT-POLICY_CONFLICT-0062,C5_GUARDRAIL_STYLE,7193760092336,0.001184,,,0.0,0.001184,0.0,7193760091152,0.0
EXT-POLICY_CONFLICT-0065,C5_GUARDRAIL_STYLE,7193760096218,0.001246,,,0.0,0.001246,0.0,7193760094972,0.0
EXT-POLICY_CONFLICT-0066,C5_GUARDRAIL_STYLE,7193760099568,0.001015,,,0.0,0.001015,0.0,7193760098553,0.0
EXT-POLICY_CONFLICT-0071,C5_GUARDRAIL_STYLE,7193760102716,0.000891,,,0.0,0.000891,0.0,7193760101825,0.0
EXT-POLICY_CONFLICT-0073,C5_GUARDRAIL_STYLE,7193760106031,0.001086,,,0.0,0.001086,0.0,7193760104945,0.0
EXT-POLICY_CONFLICT-0075,C5_GUARDRAIL_STYLE,7193760109533,0.001098,,,0.0,0.001098,0.0,7193760108435,0.0
EXT-POLICY_CONFLICT-0080,C5_GUARDRAIL_STYLE,7193760113116,0.001203,,,0.0,0.001203,0.0,7193760111913,0.0
EXT-POLICY_CONFLICT-0081,C5_GUARDRAIL_STYLE,7193760116611,0.000959,,,0.0,0.000959,0.0,7193760115652,0.0
EXT-POLICY_CONFLICT-0086,C5_GUARDRAIL_STYLE,7193760119878,0.000944,,,0.0,0.000944,0.0,7193760118934,0.0
EXT-POLICY_CONFLICT-0091,C5_GUARDRAIL_STYLE,7193760123314,0.001168,,,0.0,0.001168,0.0,7193760122146,0.0
EXT-POLICY_CONFLICT-0094,C5_GUARDRAIL_STYLE,7193760126719,0.001115,,,0.0,0.001115,0.0,7193760125604,0.0
EXT-POLICY_CONFLICT-0095,C5_GUARDRAIL_STYLE,7193760130308,0.001035,,,0.0,0.001035,0.0,7193760129273,0.0
EXT-POLICY_CONFLICT-0098,C5_GUARDRAIL_STYLE,7193760133412,0.000935,,,0.0,0.000935,0.0,7193760132477,0.0
EXT-POLICY_CONFLICT-0099,C5_GUARDRAIL_STYLE,7193760136597,0.000944,,,0.0,0.000944,0.0,7193760135653,0.0
EXT-POLICY_CONFLICT-0100,C5_GUARDRAIL_STYLE,7193760140168,0.00118,,,0.0,0.00118,0.0,7193760138988,0.0
SEC3B-000-EN,C5_GUARDRAIL_STYLE,7305898524622,15889.025946,batch-000022,8,15888.979085,0.0,0.018412,7290009545537,0.028449
SEC3B-000-KO,C5_GUARDRAIL_STYLE,7305898524622,15889.006334000002,batch-000022,8,15888.979085,0.0,0.012983,7290009545537,0.014266
SEC3B-001-KO,C5_GUARDRAIL_STYLE,7305898524622,15889.003612,batch-000022,8,15888.979085,0.0,0.01191,7290009545537,0.012617
SEC3B-002-EN,C5_GUARDRAIL_STYLE,7305898524622,15889.002926000001,batch-000022,8,15888.979085,0.0,0.011828,7290009545537,0.012013
SEC3B-005-EN,C5_GUARDRAIL_STYLE,7305898524622,15889.002011,batch-000022,8,15888.979085,0.0,0.012051,7290009545537,0.010875
SEC3B-005-KO,C5_GUARDRAIL_STYLE,7305898524622,15889.001854,batch-000022,8,15888.979085,0.0,0.012025,7290009545537,0.010744
SEC3B-009-KO,C5_GUARDRAIL_STYLE,7321922990409,16024.27093,batch-000023,8,16024.249104,0.0,0.01122,7305898741305,0.010606
SEC3B-010-EN,C5_GUARDRAIL_STYLE,7321922990409,16024.270799000002,batch-000023,8,16024.249104,0.0,0.011248,7305898741305,0.010447
SEC3B-012-EN,C5_GUARDRAIL_STYLE,7321922990409,16024.272736,batch-000023,8,16024.249104,0.0,0.011358,7305898741305,0.012274
SEC3B-012-KO,C5_GUARDRAIL_STYLE,7321922990409,16024.283565,batch-000023,8,16024.249104,0.0,0.011212,7305898741305,0.023249
SEC3B-013-EN,C5_GUARDRAIL_STYLE,7321922990409,16024.270463,batch-000023,8,16024.249104,0.0,0.010806,7305898741305,0.010553
SEC3B-014-KO,C5_GUARDRAIL_STYLE,7321922990409,16024.411333,batch-000023,8,16024.249104,0.0,0.011338,7305898741305,0.150891
SEC3B-015-EN,C5_GUARDRAIL_STYLE,7321922990409,16024.273357000002,batch-000023,8,16024.249104,0.0,0.011119,7305898741305,0.013134
SEC3B-016-EN,C5_GUARDRAIL_STYLE,7321922990409,16024.294852,batch-000023,8,16024.249104,0.0,0.034151,7305898741305,0.011597
SEC3B-016-KO,C5_GUARDRAIL_STYLE,7338025641410,16102.399225,batch-000024,8,16102.377481,0.0,0.011197,7321923263929,0.010547
SEC3B-018-EN,C5_GUARDRAIL_STYLE,7338025641410,16102.399574000001,batch-000024,8,16102.377481,0.0,0.011286,7321923263929,0.010807
SEC3B-020-EN,C5_GUARDRAIL_STYLE,7338025641410,16102.40007,batch-000024,8,16102.377481,0.0,0.012059,7321923263929,0.01053
SEC3B-020-KO,C5_GUARDRAIL_STYLE,7338025641410,16102.407365,batch-000024,8,16102.377481,0.0,0.011626,7321923263929,0.018258
SEC3B-021-KO,C5_GUARDRAIL_STYLE,7338025641410,16102.402428,batch-000024,8,16102.377481,0.0,0.011438,7321923263929,0.013509
SEC3B-023-EN,C5_GUARDRAIL_STYLE,7338025641410,16102.40935,batch-000024,8,16102.377481,0.0,0.011246,7321923263929,0.020623
SEC3B-025-EN,C5_GUARDRAIL_STYLE,7338025641410,16102.402172999999,batch-000024,8,16102.377481,0.0,0.011498,7321923263929,0.013194
SEC3B-025-KO,C5_GUARDRAIL_STYLE,7338025641410,16102.399787,batch-000024,8,16102.377481,0.0,0.011485,7321923263929,0.010821
SEC3B-026-EN,C5_GUARDRAIL_STYLE,7354052550316,16026.641252000001,batch-000025,8,16026.618571,0.0,0.010743,7338025931745,0.011938
SEC3B-028-KO,C5_GUARDRAIL_STYLE,7354052550316,16026.640258000001,batch-000025,8,16026.618571,0.0,0.011194,7338025931745,0.010493
SEC3B-030-EN,C5_GUARDRAIL_STYLE,7354052550316,16026.639525,batch-000025,8,16026.618571,0.0,0.010353,7338025931745,0.010601
SEC3B-030-KO,C5_GUARDRAIL_STYLE,7354052550316,16026.642027000002,batch-000025,8,16026.618571,0.0,0.011817,7338025931745,0.011639
SEC3B-031-EN,C5_GUARDRAIL_STYLE,7354052550316,16026.640325,batch-000025,8,16026.618571,0.0,0.011047,7338025931745,0.010707
SEC3B-032-EN,C5_GUARDRAIL_STYLE,7354052550316,16026.641694,batch-000025,8,16026.618571,0.0,0.012927,7338025931745,0.010196
SEC3B-032-KO,C5_GUARDRAIL_STYLE,7354052550316,16026.639819000002,batch-000025,8,16026.618571,0.0,0.010596,7338025931745,0.010652
SEC3B-034-EN,C5_GUARDRAIL_STYLE,7354052550316,16026.64464,batch-000025,8,16026.618571,0.0,0.012029,7338025931745,0.01404
SEC3B-037-KO,C5_GUARDRAIL_STYLE,7370279276033,16226.464641,batch-000026,8,16226.432929,0.0,0.021259,7354052843104,0.010453
SEC3B-038-KO,C5_GUARDRAIL_STYLE,7370279276033,16226.460323,batch-000026,8,16226.432929,0.0,0.016107,7354052843104,0.011287
SEC3B-039-EN,C5_GUARDRAIL_STYLE,7370279276033,16226.457081,batch-000026,8,16226.432929,0.0,0.010927,7354052843104,0.013225
SEC3B-040-KO,C5_GUARDRAIL_STYLE,7370279276033,16226.454319,batch-000026,8,16226.432929,0.0,0.010438,7354052843104,0.010952
SEC3B-043-EN,C5_GUARDRAIL_STYLE,7370279276033,16226.45529,batch-000026,8,16226.432929,0.0,0.010148,7354052843104,0.012213
SEC3B-043-KO,C5_GUARDRAIL_STYLE,7370279276033,16226.453247,batch-000026,8,16226.432929,0.0,0.010631,7354052843104,0.009687
SEC3B-044-KO,C5_GUARDRAIL_STYLE,7370279276033,16226.452883,batch-000026,8,16226.432929,0.0,0.009977,7354052843104,0.009977
SEC3B-045-EN,C5_GUARDRAIL_STYLE,7370279276033,16226.452620000002,batch-000026,8,16226.432929,0.0,0.009647,7354052843104,0.010044
SEC3B-048-KO,C5_GUARDRAIL_STYLE,7386362309268,16082.770736,batch-000027,8,16082.749803,0.0,0.010403,7370279559465,0.01053
SEC3B-050-EN,C5_GUARDRAIL_STYLE,7386362309268,16082.770844,batch-000027,8,16082.749803,0.0,0.009802,7370279559465,0.011239
SEC3B-051-KO,C5_GUARDRAIL_STYLE,7386362309268,16082.770546,batch-000027,8,16082.749803,0.0,0.010325,7370279559465,0.010418
SEC3B-052-EN,C5_GUARDRAIL_STYLE,7386362309268,16082.770101000002,batch-000027,8,16082.749803,0.0,0.009894,7370279559465,0.010404
SEC3B-053-EN,C5_GUARDRAIL_STYLE,7386362309268,16082.770708000002,batch-000027,8,16082.749803,0.0,0.009588,7370279559465,0.011317
SEC3B-054-KO,C5_GUARDRAIL_STYLE,7386362309268,16082.770075,batch-000027,8,16082.749803,0.0,0.010141,7370279559465,0.010131
SEC3B-059-EN,C5_GUARDRAIL_STYLE,7386362309268,16082.769942,batch-000027,8,16082.749803,0.0,0.009596,7370279559465,0.010543
SEC3B-060-EN,C5_GUARDRAIL_STYLE,7386362309268,16082.769343000002,batch-000027,8,16082.749803,0.0,0.009732,7370279559465,0.009808
SEC3B-061-EN,C5_GUARDRAIL_STYLE,7402493698449,16131.178457000002,batch-000028,8,16131.157982,0.0,0.009232,7386362540467,0.011243
SEC3B-069-KO,C5_GUARDRAIL_STYLE,7402493698449,16131.178578000001,batch-000028,8,16131.157982,0.0,0.009881,7386362540467,0.010715
SEC3B-071-EN,C5_GUARDRAIL_STYLE,7402493698449,16131.1779,batch-000028,8,16131.157982,0.0,0.009821,7386362540467,0.010097
SEC3B-072-EN,C5_GUARDRAIL_STYLE,7402493698449,16131.177739,batch-000028,8,16131.157982,0.0,0.009516,7386362540467,0.010241
SEC3B-073-KO,C5_GUARDRAIL_STYLE,7402493698449,16131.17782,batch-000028,8,16131.157982,0.0,0.009905,7386362540467,0.009933
SEC3B-076-EN,C5_GUARDRAIL_STYLE,7402493698449,16131.177636,batch-000028,8,16131.157982,0.0,0.009612,7386362540467,0.010042
SEC3B-077-EN,C5_GUARDRAIL_STYLE,7402493698449,16131.177966000001,batch-000028,8,16131.157982,0.0,0.009635,7386362540467,0.010349
SEC3B-078-EN,C5_GUARDRAIL_STYLE,7402493698449,16131.178885000001,batch-000028,8,16131.157982,0.0,0.009759,7386362540467,0.011144
SEC3B-081-KO,C5_GUARDRAIL_STYLE,7418548780435,16054.870175,batch-000029,8,16054.850231,0.0,0.009586,7402493930204,0.010358
SEC3B-082-EN,C5_GUARDRAIL_STYLE,7418548780435,16054.870512000001,batch-000029,8,16054.850231,0.0,0.009593,7402493930204,0.010688
SEC3B-084-EN,C5_GUARDRAIL_STYLE,7418548780435,16054.869923,batch-000029,8,16054.850231,0.0,0.009563,7402493930204,0.010129
SEC3B-086-KO,C5_GUARDRAIL_STYLE,7418548780435,16054.870033,batch-000029,8,16054.850231,0.0,0.009869,7402493930204,0.009933
SEC3B-087-KO,C5_GUARDRAIL_STYLE,7418548780435,16054.870863000002,batch-000029,8,16054.850231,0.0,0.010233,7402493930204,0.010399
SEC3B-088-EN,C5_GUARDRAIL_STYLE,7418548780435,16054.892272000001,batch-000029,8,16054.850231,0.0,0.009522,7402493930204,0.032519
SEC3B-089-EN,C5_GUARDRAIL_STYLE,7418548780435,16054.875935,batch-000029,8,16054.850231,0.0,0.009114,7402493930204,0.01659
SEC3B-090-EN,C5_GUARDRAIL_STYLE,7418548780435,16054.872991,batch-000029,8,16054.850231,0.0,0.009739,7402493930204,0.013021
SEC3B-090-KO,C5_GUARDRAIL_STYLE,7434522591279,15973.61426,batch-000030,8,15973.593799,0.0,0.010061,7418548997480,0.0104
SEC3B-093-EN,C5_GUARDRAIL_STYLE,7434522591279,15973.617225,batch-000030,8,15973.593799,0.0,0.009864,7418548997480,0.013562
SEC3B-093-KO,C5_GUARDRAIL_STYLE,7434522591279,15973.614192,batch-000030,8,15973.593799,0.0,0.009863,7418548997480,0.01053
SEC3B-099-KO,C5_GUARDRAIL_STYLE,7434522591279,15973.61434,batch-000030,8,15973.593799,0.0,0.009793,7418548997480,0.010748
V2C-0004,C5_GUARDRAIL_STYLE,7434522591279,15973.623663,batch-000030,8,15973.593799,0.0,0.00806,7418548997480,0.021804
V2C-0010,C5_GUARDRAIL_STYLE,7434522591279,15973.615904,batch-000030,8,15973.593799,0.0,0.008385,7418548997480,0.01372
V2C-0016,C5_GUARDRAIL_STYLE,7434522591279,15973.612796,batch-000030,8,15973.593799,0.0,0.007026,7418548997480,0.011971
V2C-0018,C5_GUARDRAIL_STYLE,7434522591279,15973.612574,batch-000030,8,15973.593799,0.0,0.007216,7418548997480,0.011559
V2C-0020,C5_GUARDRAIL_STYLE,7443857986147,9335.183158,batch-000031,8,9335.164577,0.0,0.00729,7434522821570,0.011291
V2C-0026,C5_GUARDRAIL_STYLE,7443857986147,9335.194037,batch-000031,8,9335.164577,0.0,0.006804,7434522821570,0.022656
V2C-0027,C5_GUARDRAIL_STYLE,7443857986147,9335.181773,batch-000031,8,9335.164577,0.0,0.006665,7434522821570,0.010531
V2C-0030,C5_GUARDRAIL_STYLE,7443857986147,9335.181925,batch-000031,8,9335.164577,0.0,0.007035,7434522821570,0.010313
V2C-0032,C5_GUARDRAIL_STYLE,7443857986147,9335.209782999998,batch-000031,8,9335.164577,0.0,0.034482,7434522821570,0.010724
V2C-0034,C5_GUARDRAIL_STYLE,7443857986147,9335.181884,batch-000031,8,9335.164577,0.0,0.006865,7434522821570,0.010442
V2C-0048,C5_GUARDRAIL_STYLE,7443857986147,9335.181359,batch-000031,8,9335.164577,0.0,0.006502,7434522821570,0.01028
V2C-0056,C5_GUARDRAIL_STYLE,7443857986147,9335.180865,batch-000031,8,9335.164577,0.0,0.00618,7434522821570,0.010108
V2C-0061,C5_GUARDRAIL_STYLE,7453041323411,9183.092913,batch-000032,8,9183.076755,0.0,0.006099,7443858246656,0.010059
V2C-0066,C5_GUARDRAIL_STYLE,7453041323411,9183.093265,batch-000032,8,9183.076755,0.0,0.006152,7443858246656,0.010358
V2C-0072,C5_GUARDRAIL_STYLE,7453041323411,9183.093091,batch-000032,8,9183.076755,0.0,0.00616,7443858246656,0.010176
V2C-0078,C5_GUARDRAIL_STYLE,7453041323411,9183.094359,batch-000032,8,9183.076755,0.0,0.006105,7443858246656,0.011499
V2C-0084,C5_GUARDRAIL_STYLE,7453041323411,9183.093718999999,batch-000032,8,9183.076755,0.0,0.00593,7443858246656,0.011034
V2C-0087,C5_GUARDRAIL_STYLE,7453041323411,9183.093132,batch-000032,8,9183.076755,0.0,0.006295,7443858246656,0.010082
V2C-0116,C5_GUARDRAIL_STYLE,7453041323411,9183.094323,batch-000032,8,9183.076755,0.0,0.006489,7443858246656,0.011079
V2C-0127,C5_GUARDRAIL_STYLE,7453041323411,9183.092825,batch-000032,8,9183.076755,0.0,0.006152,7443858246656,0.009918
V2C-0128,C5_GUARDRAIL_STYLE,7462193056168,9151.540407,batch-000033,8,9151.524129,0.0,0.006766,7453041532039,0.009512
V2C-0137,C5_GUARDRAIL_STYLE,7462193056168,9151.53982,batch-000033,8,9151.524129,0.0,0.006281,7453041532039,0.00941
V2C-0148,C5_GUARDRAIL_STYLE,7462193056168,9151.540461,batch-000033,8,9151.524129,0.0,0.006056,7453041532039,0.010276
V2C-0156,C5_GUARDRAIL_STYLE,7462193056168,9151.539086,batch-000033,8,9151.524129,0.0,0.005966,7453041532039,0.008991
V2C-0172,C5_GUARDRAIL_STYLE,7462193056168,9151.539019,batch-000033,8,9151.524129,0.0,0.005954,7453041532039,0.008936
V2C-0176,C5_GUARDRAIL_STYLE,7462193056168,9151.538889,batch-000033,8,9151.524129,0.0,0.005847,7453041532039,0.008913
V2C-0181,C5_GUARDRAIL_STYLE,7462193056168,9151.539965,batch-000033,8,9151.524129,0.0,0.006095,7453041532039,0.009741
V2C-0184,C5_GUARDRAIL_STYLE,7462193056168,9151.539528000001,batch-000033,8,9151.524129,0.0,0.006273,7453041532039,0.009126
V2C-0197,C5_GUARDRAIL_STYLE,7471496760488,9303.422137,batch-000034,8,9303.406963,0.0,0.00619,7462193353525,0.008984
V2C-0201,C5_GUARDRAIL_STYLE,7471496760488,9303.42167,batch-000034,8,9303.406963,0.0,0.005827,7462193353525,0.00888
V2C-0202,C5_GUARDRAIL_STYLE,7471496760488,9303.422394999998,batch-000034,8,9303.406963,0.0,0.006327,7462193353525,0.009105
V2C-0207,C5_GUARDRAIL_STYLE,7471496760488,9303.422584999998,batch-000034,8,9303.406963,0.0,0.006124,7462193353525,0.009498
V2C-0210,C5_GUARDRAIL_STYLE,7471496760488,9303.422438,batch-000034,8,9303.406963,0.0,0.006477,7462193353525,0.008998
V2C-0219,C5_GUARDRAIL_STYLE,7471496760488,9303.422344999999,batch-000034,8,9303.406963,0.0,0.006215,7462193353525,0.009167
V2C-0221,C5_GUARDRAIL_STYLE,7471496760488,9303.422967,batch-000034,8,9303.406963,0.0,0.006058,7462193353525,0.009946
V2C-0223,C5_GUARDRAIL_STYLE,7471496760488,9303.42187,batch-000034,8,9303.406963,0.0,0.005926,7462193353525,0.008981
V2C-0229,C5_GUARDRAIL_STYLE,7480773511533,9276.539578,batch-000035,8,9276.524113,0.0,0.006271,7471496987420,0.009194
V2C-0263,C5_GUARDRAIL_STYLE,7480773511533,9276.541000999998,batch-000035,8,9276.524113,0.0,0.006096,7471496987420,0.010792
V2C-0265,C5_GUARDRAIL_STYLE,7480773511533,9276.540127,batch-000035,8,9276.524113,0.0,0.006571,7471496987420,0.009443
V2C-0274,C5_GUARDRAIL_STYLE,7480773511533,9276.539293,batch-000035,8,9276.524113,0.0,0.005984,7471496987420,0.009196
V2C-0276,C5_GUARDRAIL_STYLE,7480773511533,9276.539916,batch-000035,8,9276.524113,0.0,0.006636,7471496987420,0.009167
V2C-0297,C5_GUARDRAIL_STYLE,7480773511533,9276.539416,batch-000035,8,9276.524113,0.0,0.006111,7471496987420,0.009192
V2C-0298,C5_GUARDRAIL_STYLE,7480773511533,9276.554594,batch-000035,8,9276.524113,0.0,0.006544,7471496987420,0.023937
V2C-0300,C5_GUARDRAIL_STYLE,7480773511533,9276.539913999999,batch-000035,8,9276.524113,0.0,0.006147,7471496987420,0.009654
V2C-0328,C5_GUARDRAIL_STYLE,7490072952144,9299.236839,batch-000036,8,9299.221465,0.0,0.006328,7480773730679,0.009046
V2C-0342,C5_GUARDRAIL_STYLE,7490072952144,9299.236932,batch-000036,8,9299.221465,0.0,0.006098,7480773730679,0.009369
V2C-0348,C5_GUARDRAIL_STYLE,7490072952144,9299.236182,batch-000036,8,9299.221465,0.0,0.005811,7480773730679,0.008906
V2C-0351,C5_GUARDRAIL_STYLE,7490072952144,9299.237772,batch-000036,8,9299.221465,0.0,0.005977,7480773730679,0.01033
V2C-0354,C5_GUARDRAIL_STYLE,7490072952144,9299.236796000001,batch-000036,8,9299.221465,0.0,0.006287,7480773730679,0.009044
V2C-0357,C5_GUARDRAIL_STYLE,7490072952144,9299.236348999999,batch-000036,8,9299.221465,0.0,0.005849,7480773730679,0.009035
V2C-0360,C5_GUARDRAIL_STYLE,7490072952144,9299.236402,batch-000036,8,9299.221465,0.0,0.005943,7480773730679,0.008994
V2C-0365,C5_GUARDRAIL_STYLE,7490072952144,9299.236240000002,batch-000036,8,9299.221465,0.0,0.005784,7480773730679,0.008991
V2C-0369,C5_GUARDRAIL_STYLE,7499403393833,9330.229801,batch-000037,8,9330.21502,0.0,0.005601,7490073178813,0.00918
V2C-0370,C5_GUARDRAIL_STYLE,7499403393833,9330.231,batch-000037,8,9330.21502,0.0,0.006493,7490073178813,0.009487
V2C-0374,C5_GUARDRAIL_STYLE,7499403393833,9330.23855,batch-000037,8,9330.21502,0.0,0.013493,7490073178813,0.010037
V2C-0380,C5_GUARDRAIL_STYLE,7499403393833,9330.230237,batch-000037,8,9330.21502,0.0,0.005965,7490073178813,0.009252
V2C-0384,C5_GUARDRAIL_STYLE,7499403393833,9330.230298999999,batch-000037,8,9330.21502,0.0,0.006163,7490073178813,0.009116
V2C-0396,C5_GUARDRAIL_STYLE,7499403393833,9330.229981999999,batch-000037,8,9330.21502,0.0,0.006114,7490073178813,0.008848
V2C-0399,C5_GUARDRAIL_STYLE,7499403393833,9330.231851999999,batch-000037,8,9330.21502,0.0,0.005834,7490073178813,0.010998
V2C-0400,C5_GUARDRAIL_STYLE,7499403393833,9330.231144,batch-000037,8,9330.21502,0.0,0.007196,7490073178813,0.008928
V2C-0401,C5_GUARDRAIL_STYLE,7508824516694,9420.904357,batch-000038,8,9420.888527,0.0,0.006222,7499403628167,0.009608
V2C-0403,C5_GUARDRAIL_STYLE,7508824516694,9420.90438,batch-000038,8,9420.888527,0.0,0.006583,7499403628167,0.00927
V2C-0409,C5_GUARDRAIL_STYLE,7508824516694,9420.903691,batch-000038,8,9420.888527,0.0,0.006049,7499403628167,0.009115
V2C-0415,C5_GUARDRAIL_STYLE,7508824516694,9420.904173,batch-000038,8,9420.888527,0.0,0.006246,7499403628167,0.0094
V2C-0418,C5_GUARDRAIL_STYLE,7508824516694,9420.903718,batch-000038,8,9420.888527,0.0,0.006128,7499403628167,0.009063
V2C-0424,C5_GUARDRAIL_STYLE,7508824516694,9420.903747999999,batch-000038,8,9420.888527,0.0,0.006191,7499403628167,0.00903
V2C-0427,C5_GUARDRAIL_STYLE,7508824516694,9420.903885999998,batch-000038,8,9420.888527,0.0,0.006291,7499403628167,0.009068
V2C-0430,C5_GUARDRAIL_STYLE,7508824516694,9420.905085,batch-000038,8,9420.888527,0.0,0.007534,7499403628167,0.009024
V2C-0431,C5_GUARDRAIL_STYLE,7518213118327,9388.294049999999,batch-000039,8,9388.278996,0.0,0.006044,7508824839331,0.00901
V2C-0458,C5_GUARDRAIL_STYLE,7518213118327,9388.295121,batch-000039,8,9388.278996,0.0,0.006158,7508824839331,0.009967
V2C-0462,C5_GUARDRAIL_STYLE,7518213118327,9388.294241999998,batch-000039,8,9388.278996,0.0,0.006166,7508824839331,0.00908
V2C-0478,C5_GUARDRAIL_STYLE,7518213118327,9388.294881,batch-000039,8,9388.278996,0.0,0.006963,7508824839331,0.008922
V2C-0487,C5_GUARDRAIL_STYLE,7518213118327,9388.294311999998,batch-000039,8,9388.278996,0.0,0.006151,7508824839331,0.009165
V2C-0502,C5_GUARDRAIL_STYLE,7518213118327,9388.295032999999,batch-000039,8,9388.278996,0.0,0.006286,7508824839331,0.009751
V2C-0505,C5_GUARDRAIL_STYLE,7518213118327,9388.294014,batch-000039,8,9388.278996,0.0,0.005882,7508824839331,0.009136
V2C-0512,C5_GUARDRAIL_STYLE,7518213118327,9388.294393999999,batch-000039,8,9388.278996,0.0,0.006175,7508824839331,0.009223
V2C-0528,C5_GUARDRAIL_STYLE,7527591615625,9378.287132,batch-000040,8,9378.271072,0.0,0.007112,7518213344553,0.008948
V2C-0530,C5_GUARDRAIL_STYLE,7527591615625,9378.286445,batch-000040,8,9378.271072,0.0,0.00631,7518213344553,0.009063
V2C-0532,C5_GUARDRAIL_STYLE,7527591615625,9378.286534,batch-000040,8,9378.271072,0.0,0.006348,7518213344553,0.009114
V2C-0533,C5_GUARDRAIL_STYLE,7527591615625,9378.287049,batch-000040,8,9378.271072,0.0,0.006717,7518213344553,0.00926
V2C-0536,C5_GUARDRAIL_STYLE,7527591615625,9378.289029999998,batch-000040,8,9378.271072,0.0,0.007278,7518213344553,0.01068
V2C-0560,C5_GUARDRAIL_STYLE,7527591615625,9378.287219,batch-000040,8,9378.271072,0.0,0.006015,7518213344553,0.010132
V2C-0575,C5_GUARDRAIL_STYLE,7527591615625,9378.286128,batch-000040,8,9378.271072,0.0,0.00581,7518213344553,0.009246
V2C-0589,C5_GUARDRAIL_STYLE,7527591615625,9378.285772,batch-000040,8,9378.271072,0.0,0.005729,7518213344553,0.008971
V2C-0604,C5_GUARDRAIL_STYLE,7537003627458,9411.704854000001,batch-000041,8,9411.689903,0.0,0.006046,7527591937555,0.008905
V2C-0606,C5_GUARDRAIL_STYLE,7537003627458,9411.706131,batch-000041,8,9411.689903,0.0,0.007032,7527591937555,0.009196
V2C-0611,C5_GUARDRAIL_STYLE,7537003627458,9411.70485,batch-000041,8,9411.689903,0.0,0.005861,7527591937555,0.009086
V2C-0615,C5_GUARDRAIL_STYLE,7537003627458,9411.704845,batch-000041,8,9411.689903,0.0,0.005856,7527591937555,0.009086
V2C-0617,C5_GUARDRAIL_STYLE,7537003627458,9411.705384,batch-000041,8,9411.689903,0.0,0.006482,7527591937555,0.008999
V2C-0621,C5_GUARDRAIL_STYLE,7537003627458,9411.704853,batch-000041,8,9411.689903,0.0,0.005914,7527591937555,0.009036
V2C-0630,C5_GUARDRAIL_STYLE,7537003627458,9411.705981000001,batch-000041,8,9411.689903,0.0,0.006036,7527591937555,0.010042
V2C-0632,C5_GUARDRAIL_STYLE,7537003627458,9411.704957000002,batch-000041,8,9411.689903,0.0,0.006133,7527591937555,0.008921
V2C-0635,C5_GUARDRAIL_STYLE,7546374107752,9370.179329,batch-000042,8,9370.164251,0.0,0.005823,7537003943501,0.009255
V2C-0653,C5_GUARDRAIL_STYLE,7546374107752,9370.180152,batch-000042,8,9370.164251,0.0,0.005745,7537003943501,0.010156
V2C-0658,C5_GUARDRAIL_STYLE,7546374107752,9370.180364,batch-000042,8,9370.164251,0.0,0.006883,7537003943501,0.00923
V2C-0670,C5_GUARDRAIL_STYLE,7546374107752,9370.17944,batch-000042,8,9370.164251,0.0,0.005849,7537003943501,0.00934
V2C-0674,C5_GUARDRAIL_STYLE,7546374107752,9370.178990999999,batch-000042,8,9370.164251,0.0,0.00586,7537003943501,0.00888
V2C-0681,C5_GUARDRAIL_STYLE,7546374107752,9370.179285,batch-000042,8,9370.164251,0.0,0.005894,7537003943501,0.00914
V2C-0698,C5_GUARDRAIL_STYLE,7546374107752,9370.179302,batch-000042,8,9370.164251,0.0,0.005875,7537003943501,0.009176
V2C-0700,C5_GUARDRAIL_STYLE,7546374107752,9370.180064,batch-000042,8,9370.164251,0.0,0.006813,7537003943501,0.009
V2C-0701,C5_GUARDRAIL_STYLE,7555749481963,9375.165298000002,batch-000043,8,9375.15048,0.0,0.005773,7546374331483,0.009045
V2C-0708,C5_GUARDRAIL_STYLE,7555749481963,9375.166541999999,batch-000043,8,9375.15048,0.0,0.006199,7546374331483,0.009863
V2C-0714,C5_GUARDRAIL_STYLE,7555749481963,9375.165709,batch-000043,8,9375.15048,0.0,0.006035,7546374331483,0.009194
V2C-0717,C5_GUARDRAIL_STYLE,7555749481963,9375.166353999999,batch-000043,8,9375.15048,0.0,0.005865,7546374331483,0.010009
V2C-0718,C5_GUARDRAIL_STYLE,7555749481963,9375.166706,batch-000043,8,9375.15048,0.0,0.006936,7546374331483,0.00929
V2C-0722,C5_GUARDRAIL_STYLE,7555749481963,9375.165513,batch-000043,8,9375.15048,0.0,0.005844,7546374331483,0.009189
V2C-0729,C5_GUARDRAIL_STYLE,7555749481963,9375.165507,batch-000043,8,9375.15048,0.0,0.006006,7546374331483,0.009021
V2C-0735,C5_GUARDRAIL_STYLE,7555749481963,9375.165344000001,batch-000043,8,9375.15048,0.0,0.005778,7546374331483,0.009086
V2C-0738,C5_GUARDRAIL_STYLE,7565236231771,9486.454735000001,batch-000044,8,9486.439866,0.0,0.005827,7555749791905,0.009042
V2C-0744,C5_GUARDRAIL_STYLE,7565236231771,9486.456646999999,batch-000044,8,9486.439866,0.0,0.006881,7555749791905,0.0099
V2C-0745,C5_GUARDRAIL_STYLE,7565236231771,9486.455011000002,batch-000044,8,9486.439866,0.0,0.00587,7555749791905,0.009275
V2C-0757,C5_GUARDRAIL_STYLE,7565236231771,9486.455592,batch-000044,8,9486.439866,0.0,0.005788,7555749791905,0.009938
V2C-0761,C5_GUARDRAIL_STYLE,7565236231771,9486.455523,batch-000044,8,9486.439866,0.0,0.00572,7555749791905,0.009937
V2C-0767,C5_GUARDRAIL_STYLE,7565236231771,9486.455000000002,batch-000044,8,9486.439866,0.0,0.005596,7555749791905,0.009538
V2C-0772,C5_GUARDRAIL_STYLE,7565236231771,9486.455637,batch-000044,8,9486.439866,0.0,0.006376,7555749791905,0.009395
V2C-0773,C5_GUARDRAIL_STYLE,7565236231771,9486.456078,batch-000044,8,9486.439866,0.0,0.006849,7555749791905,0.009363
V2C-0787,C5_GUARDRAIL_STYLE,7574688767865,9452.281941,batch-000045,8,9452.264007,0.0,0.008428,7565236503858,0.009506
V2C-0790,C5_GUARDRAIL_STYLE,7574688767865,9452.279804,batch-000045,8,9452.264007,0.0,0.00626,7565236503858,0.009537
V2C-0795,C5_GUARDRAIL_STYLE,7574688767865,9452.278937000001,batch-000045,8,9452.264007,0.0,0.005686,7565236503858,0.009244
V2C-0796,C5_GUARDRAIL_STYLE,7574688767865,9452.280451999999,batch-000045,8,9452.264007,0.0,0.007033,7565236503858,0.009412
V2C-0797,C5_GUARDRAIL_STYLE,7574688767865,9452.279023000001,batch-000045,8,9452.264007,0.0,0.005622,7565236503858,0.009394
V2C-0801,C5_GUARDRAIL_STYLE,7574688767865,9452.279011,batch-000045,8,9452.264007,0.0,0.005675,7565236503858,0.009329
V2C-0803,C5_GUARDRAIL_STYLE,7574688767865,9452.280795,batch-000045,8,9452.264007,0.0,0.005483,7565236503858,0.011305
V2C-0811,C5_GUARDRAIL_STYLE,7574688767865,9452.279038,batch-000045,8,9452.264007,0.0,0.005445,7565236503858,0.009586
V2C-0813,C5_GUARDRAIL_STYLE,7584147313799,9458.246756,batch-000046,8,9458.230323,0.0,0.005408,7574689083476,0.011025
V2C-0815,C5_GUARDRAIL_STYLE,7584147313799,9458.245437000001,batch-000046,8,9458.230323,0.0,0.005451,7574689083476,0.009663
V2C-0827,C5_GUARDRAIL_STYLE,7584147313799,9458.245304999999,batch-000046,8,9458.230323,0.0,0.005602,7574689083476,0.00938
V2C-0835,C5_GUARDRAIL_STYLE,7584147313799,9458.244997,batch-000046,8,9458.230323,0.0,0.005333,7574689083476,0.009341
V2C-0839,C5_GUARDRAIL_STYLE,7584147313799,9458.245422,batch-000046,8,9458.230323,0.0,0.005766,7574689083476,0.009333
V2C-0842,C5_GUARDRAIL_STYLE,7584147313799,9458.24555,batch-000046,8,9458.230323,0.0,0.005877,7574689083476,0.00935
V2C-0844,C5_GUARDRAIL_STYLE,7584147313799,9458.245392,batch-000046,8,9458.230323,0.0,0.005685,7574689083476,0.009384
V2C-0847,C5_GUARDRAIL_STYLE,7584147313799,9458.245181,batch-000046,8,9458.230323,0.0,0.005477,7574689083476,0.009381
V2C-0850,C5_GUARDRAIL_STYLE,7593553865682,9406.327605999999,batch-000047,8,9406.30941,0.0,0.006629,7584147556272,0.011567
V2C-0851,C5_GUARDRAIL_STYLE,7593553865682,9406.324417,batch-000047,8,9406.30941,0.0,0.005666,7584147556272,0.009341
V2C-0859,C5_GUARDRAIL_STYLE,7593553865682,9406.324717,batch-000047,8,9406.30941,0.0,0.005512,7584147556272,0.009795
V2C-0862,C5_GUARDRAIL_STYLE,7593553865682,9406.324526,batch-000047,8,9406.30941,0.0,0.005691,7584147556272,0.009425
V2C-0863,C5_GUARDRAIL_STYLE,7593553865682,9406.324256,batch-000047,8,9406.30941,0.0,0.00555,7584147556272,0.009296
V2C-0867,C5_GUARDRAIL_STYLE,7593553865682,9406.324116999998,batch-000047,8,9406.30941,0.0,0.005478,7584147556272,0.009229
V2C-0881,C5_GUARDRAIL_STYLE,7593553865682,9406.325747,batch-000047,8,9406.30941,0.0,0.005913,7584147556272,0.010424
V2C-0886,C5_GUARDRAIL_STYLE,7593553865682,9406.324355,batch-000047,8,9406.30941,0.0,0.005751,7584147556272,0.009194
V2C-0900,C5_GUARDRAIL_STYLE,7602923720219,9369.630814,batch-000048,8,9369.61477,0.0,0.00693,7593554105449,0.009114
V2C-0901,C5_GUARDRAIL_STYLE,7602923720219,9369.629674,batch-000048,8,9369.61477,0.0,0.005777,7593554105449,0.009127
V2C-0902,C5_GUARDRAIL_STYLE,7602923720219,9369.629675,batch-000048,8,9369.61477,0.0,0.005823,7593554105449,0.009082
V2C-0903,C5_GUARDRAIL_STYLE,7602923720219,9369.629823,batch-000048,8,9369.61477,0.0,0.005383,7593554105449,0.00967
V2C-0904,C5_GUARDRAIL_STYLE,7602923720219,9369.629994,batch-000048,8,9369.61477,0.0,0.006002,7593554105449,0.009222
V2C-0907,C5_GUARDRAIL_STYLE,7602923720219,9369.645299,batch-000048,8,9369.61477,0.0,0.021439,7593554105449,0.00909
V2C-0908,C5_GUARDRAIL_STYLE,7602923720219,9369.634393,batch-000048,8,9369.61477,0.0,0.010715,7593554105449,0.008908
V2C-0909,C5_GUARDRAIL_STYLE,7602923720219,9369.631804999999,batch-000048,8,9369.61477,0.0,0.00685,7593554105449,0.010185
V2C-0911,C5_GUARDRAIL_STYLE,7612300255170,9376.327467,batch-000049,8,9376.312675,0.0,0.005861,7602923942495,0.008931
V2C-0912,C5_GUARDRAIL_STYLE,7612300255170,9376.327409,batch-000049,8,9376.312675,0.0,0.005802,7602923942495,0.008932
V2C-0913,C5_GUARDRAIL_STYLE,7612300255170,9376.328537,batch-000049,8,9376.312675,0.0,0.006704,7602923942495,0.009158
V2C-0914,C5_GUARDRAIL_STYLE,7612300255170,9376.328363,batch-000049,8,9376.312675,0.0,0.005854,7602923942495,0.009834
V2C-0915,C5_GUARDRAIL_STYLE,7612300255170,9376.336957,batch-000049,8,9376.312675,0.0,0.006063,7602923942495,0.018219
V2C-0916,C5_GUARDRAIL_STYLE,7612300255170,9376.330515,batch-000049,8,9376.312675,0.0,0.006292,7602923942495,0.011548
V2C-0917,C5_GUARDRAIL_STYLE,7612300255170,9376.329608999999,batch-000049,8,9376.312675,0.0,0.00664,7602923942495,0.010294
V2C-0918,C5_GUARDRAIL_STYLE,7612300255170,9376.360845,batch-000049,8,9376.312675,0.0,0.005872,7602923942495,0.042298
V2C-0919,C5_GUARDRAIL_STYLE,7621668736994,9368.259944,batch-000050,8,9368.23866,0.0,0.00557,7612300498334,0.015714
V2C-0921,C5_GUARDRAIL_STYLE,7621668736994,9368.255842,batch-000050,8,9368.23866,0.0,0.005937,7612300498334,0.011245
V2C-0922,C5_GUARDRAIL_STYLE,7621668736994,9368.25524,batch-000050,8,9368.23866,0.0,0.006082,7612300498334,0.010498
V2C-0923,C5_GUARDRAIL_STYLE,7621668736994,9368.255168000002,batch-000050,8,9368.23866,0.0,0.006659,7612300498334,0.009849
V2C-0925,C5_GUARDRAIL_STYLE,7621668736994,9368.256869,batch-000050,8,9368.23866,0.0,0.0066,7612300498334,0.011609
V2C-0926,C5_GUARDRAIL_STYLE,7621668736994,9368.254892,batch-000050,8,9368.23866,0.0,0.006117,7612300498334,0.010115
V2C-0927,C5_GUARDRAIL_STYLE,7621668736994,9368.271239000002,batch-000050,8,9368.23866,0.0,0.005798,7612300498334,0.026781
V2C-0928,C5_GUARDRAIL_STYLE,7621668736994,9368.257699000002,batch-000050,8,9368.23866,0.0,0.006895,7612300498334,0.012144
V2C-0929,C5_GUARDRAIL_STYLE,7631029131084,9360.184241,batch-000051,8,9360.167744,0.0,0.005647,7621668963340,0.01085
V2C-0930,C5_GUARDRAIL_STYLE,7631029131084,9360.185299,batch-000051,8,9360.167744,0.0,0.006228,7621668963340,0.011327
V2C-0931,C5_GUARDRAIL_STYLE,7631029131084,9360.183464,batch-000051,8,9360.167744,0.0,0.005575,7621668963340,0.010145
V2C-0932,C5_GUARDRAIL_STYLE,7631029131084,9360.186888000002,batch-000051,8,9360.167744,0.0,0.006923,7621668963340,0.012221
V2C-0935,C5_GUARDRAIL_STYLE,7631029131084,9360.182984000001,batch-000051,8,9360.167744,0.0,0.005858,7621668963340,0.009382
V2C-0936,C5_GUARDRAIL_STYLE,7631029131084,9360.18321,batch-000051,8,9360.167744,0.0,0.00599,7621668963340,0.009476
V2C-0937,C5_GUARDRAIL_STYLE,7631029131084,9360.1952,batch-000051,8,9360.167744,0.0,0.005578,7621668963340,0.021878
V2C-0938,C5_GUARDRAIL_STYLE,7631029131084,9360.185325,batch-000051,8,9360.167744,0.0,0.00686,7621668963340,0.010721
V2C-0940,C5_GUARDRAIL_STYLE,7640387011628,9357.657845,batch-000052,8,9357.642134,0.0,0.005774,7631029369494,0.009937
V2C-0941,C5_GUARDRAIL_STYLE,7640387011628,9357.659623999998,batch-000052,8,9357.642134,0.0,0.005548,7631029369494,0.011942
V2C-0942,C5_GUARDRAIL_STYLE,7640387011628,9357.657776,batch-000052,8,9357.642134,0.0,0.005646,7631029369494,0.009996
V2C-0944,C5_GUARDRAIL_STYLE,7640387011628,9357.659796,batch-000052,8,9357.642134,0.0,0.006912,7631029369494,0.01075
V2C-0945,C5_GUARDRAIL_STYLE,7640387011628,9357.657600999999,batch-000052,8,9357.642134,0.0,0.005678,7631029369494,0.009789
V2C-0947,C5_GUARDRAIL_STYLE,7640387011628,9357.657609,batch-000052,8,9357.642134,0.0,0.005702,7631029369494,0.009773
V2C-0949,C5_GUARDRAIL_STYLE,7640387011628,9357.658676,batch-000052,8,9357.642134,0.0,0.005722,7631029369494,0.01082
V2C-0950,C5_GUARDRAIL_STYLE,7640387011628,9357.658613,batch-000052,8,9357.642134,0.0,0.006592,7631029369494,0.009887
V2C-0953,C5_GUARDRAIL_STYLE,7649735343871,9348.102569,batch-000053,8,9348.087444,0.0,0.005487,7640387256427,0.009638
V2C-0954,C5_GUARDRAIL_STYLE,7649735343871,9348.138020000002,batch-000053,8,9348.087444,0.0,0.005832,7640387256427,0.044744
V2C-0955,C5_GUARDRAIL_STYLE,7649735343871,9348.133047000001,batch-000053,8,9348.087444,0.0,0.034979,7640387256427,0.010624
V2C-0957,C5_GUARDRAIL_STYLE,7649735343871,9348.103918,batch-000053,8,9348.087444,0.0,0.006295,7640387256427,0.010179
V2C-0958,C5_GUARDRAIL_STYLE,7649735343871,9348.104278,batch-000053,8,9348.087444,0.0,0.006973,7640387256427,0.009861
V2C-0960,C5_GUARDRAIL_STYLE,7649735343871,9348.103276,batch-000053,8,9348.087444,0.0,0.006129,7640387256427,0.009703
V2C-0961,C5_GUARDRAIL_STYLE,7649735343871,9348.103924,batch-000053,8,9348.087444,0.0,0.00579,7640387256427,0.01069
V2C-0965,C5_GUARDRAIL_STYLE,7649735343871,9348.105734,batch-000053,8,9348.087444,0.0,0.005775,7640387256427,0.012515
V2C-0966,C5_GUARDRAIL_STYLE,7659038278109,9302.711249,batch-000054,8,9302.694192,0.0,0.006743,7649735583917,0.010314
V2C-0969,C5_GUARDRAIL_STYLE,7659038278109,9302.709172,batch-000054,8,9302.694192,0.0,0.005608,7649735583917,0.009372
V2C-0970,C5_GUARDRAIL_STYLE,7659038278109,9302.710299,batch-000054,8,9302.694192,0.0,0.005695,7649735583917,0.010412
V2C-0972,C5_GUARDRAIL_STYLE,7659038278109,9302.709619,batch-000054,8,9302.694192,0.0,0.005801,7649735583917,0.009626
V2C-0973,C5_GUARDRAIL_STYLE,7659038278109,9302.710346000002,batch-000054,8,9302.694192,0.0,0.006627,7649735583917,0.009527
V2C-0974,C5_GUARDRAIL_STYLE,7659038278109,9302.709444000002,batch-000054,8,9302.694192,0.0,0.005718,7649735583917,0.009534
V2C-0976,C5_GUARDRAIL_STYLE,7659038278109,9302.709524000002,batch-000054,8,9302.694192,0.0,0.005889,7649735583917,0.009443
V2C-0977,C5_GUARDRAIL_STYLE,7659038278109,9302.709092000001,batch-000054,8,9302.694192,0.0,0.005688,7649735583917,0.009212
V2C-0978,C5_GUARDRAIL_STYLE,7668423109327,9384.61655,batch-000055,8,9384.599302,0.0,0.00655,7659038510025,0.010698
V2C-0979,C5_GUARDRAIL_STYLE,7668423109327,9384.61495,batch-000055,8,9384.599302,0.0,0.00586,7659038510025,0.009788
V2C-0980,C5_GUARDRAIL_STYLE,7668423109327,9384.614172,batch-000055,8,9384.599302,0.0,0.005623,7659038510025,0.009247
V2C-0981,C5_GUARDRAIL_STYLE,7668423109327,9384.614079,batch-000055,8,9384.599302,0.0,0.005517,7659038510025,0.00926
V2C-0982,C5_GUARDRAIL_STYLE,7668423109327,9384.615459,batch-000055,8,9384.599302,0.0,0.006505,7659038510025,0.009652
V2C-0988,C5_GUARDRAIL_STYLE,7668423109327,9384.614561,batch-000055,8,9384.599302,0.0,0.005872,7659038510025,0.009387
V2C-0989,C5_GUARDRAIL_STYLE,7668423109327,9384.615038,batch-000055,8,9384.599302,0.0,0.005437,7659038510025,0.010299
V2C-0990,C5_GUARDRAIL_STYLE,7668423109327,9384.621698,batch-000055,8,9384.599302,0.0,0.012762,7659038510025,0.009634
V2C-0991,C5_GUARDRAIL_STYLE,7677779596913,9356.215578999998,batch-000056,8,9356.200683,0.0,0.005527,7668423396230,0.009369
V2C-0994,C5_GUARDRAIL_STYLE,7677779596913,9356.215729,batch-000056,8,9356.200683,0.0,0.005728,7668423396230,0.009318
V2C-0996,C5_GUARDRAIL_STYLE,7677779596913,9356.215837999998,batch-000056,8,9356.200683,0.0,0.005748,7668423396230,0.009407
V2C-0999,C5_GUARDRAIL_STYLE,7677779596913,9356.218497999998,batch-000056,8,9356.200683,0.0,0.007087,7668423396230,0.010728
V2C-1000,C5_GUARDRAIL_STYLE,7677779596913,9356.211168999998,batch-000056,8,9356.200683,0.0,0.004852,7668423396230,0.005634
V2C-1001,C5_GUARDRAIL_STYLE,7677779596913,9356.210417999999,batch-000056,8,9356.200683,0.0,0.004187,7668423396230,0.005548
V2C-1002,C5_GUARDRAIL_STYLE,7677779596913,9356.210483999997,batch-000056,8,9356.200683,0.0,0.004183,7668423396230,0.005618
V2C-1003,C5_GUARDRAIL_STYLE,7677779596913,9356.211825999999,batch-000056,8,9356.200683,0.0,0.004038,7668423396230,0.007105
V2C-1010,C5_GUARDRAIL_STYLE,7680445445299,2665.6318060000003,batch-000057,8,2665.622486,0.0,0.004129,7677779822813,0.005191
V2C-1011,C5_GUARDRAIL_STYLE,7680445445299,2665.631568,batch-000057,8,2665.622486,0.0,0.003872,7677779822813,0.00521
V2C-1012,C5_GUARDRAIL_STYLE,7680445445299,2665.631604,batch-000057,8,2665.622486,0.0,0.004126,7677779822813,0.004992
V2C-1013,C5_GUARDRAIL_STYLE,7680445445299,2665.631475,batch-000057,8,2665.622486,0.0,0.004031,7677779822813,0.004958
V2C-1014,C5_GUARDRAIL_STYLE,7680445445299,2665.631455,batch-000057,8,2665.622486,0.0,0.004093,7677779822813,0.004876
V2C-1015,C5_GUARDRAIL_STYLE,7680445445299,2665.6316920000004,batch-000057,8,2665.622486,0.0,0.004107,7677779822813,0.005099
V2C-1016,C5_GUARDRAIL_STYLE,7680445445299,2665.6314480000005,batch-000057,8,2665.622486,0.0,0.004041,7677779822813,0.004921
V2C-1017,C5_GUARDRAIL_STYLE,7680445445299,2665.6313440000004,batch-000057,8,2665.622486,0.0,0.003992,7677779822813,0.004866
V2C-1019,C5_GUARDRAIL_STYLE,7683143650946,2697.982922,batch-000058,8,2697.973923,0.0,0.00399,7680445677023,0.005009
V2C-1020,C5_GUARDRAIL_STYLE,7683143650946,2697.993132,batch-000058,8,2697.973923,0.0,0.004061,7680445677023,0.015148
V2C-1022,C5_GUARDRAIL_STYLE,7683143650946,2697.9828119999997,batch-000058,8,2697.973923,0.0,0.003977,7680445677023,0.004912
V2C-1024,C5_GUARDRAIL_STYLE,7683143650946,2697.982791,batch-000058,8,2697.973923,0.0,0.00398,7680445677023,0.004888
V2C-1025,C5_GUARDRAIL_STYLE,7683143650946,2697.982489,batch-000058,8,2697.973923,0.0,0.003717,7680445677023,0.004849
V2C-1026,C5_GUARDRAIL_STYLE,7683143650946,2697.982731,batch-000058,8,2697.973923,0.0,0.003914,7680445677023,0.004894
V2C-1028,C5_GUARDRAIL_STYLE,7683143650946,2697.982657,batch-000058,8,2697.973923,0.0,0.003886,7680445677023,0.004848
V2C-1030,C5_GUARDRAIL_STYLE,7683143650946,2697.9835810000004,batch-000058,8,2697.973923,0.0,0.004788,7680445677023,0.00487
V2C-1032,C5_GUARDRAIL_STYLE,7685842533146,2698.6612390000005,batch-000059,8,2698.652515,0.0,0.003935,7683143880631,0.004789
V2C-1033,C5_GUARDRAIL_STYLE,7685842533146,2698.6612310000005,batch-000059,8,2698.652515,0.0,0.003896,7683143880631,0.00482
V2C-1035,C5_GUARDRAIL_STYLE,7685842533146,2698.662317,batch-000059,8,2698.652515,0.0,0.004087,7683143880631,0.005715
V2C-1036,C5_GUARDRAIL_STYLE,7685842533146,2698.6623950000003,batch-000059,8,2698.652515,0.0,0.004113,7683143880631,0.005767
V2C-1037,C5_GUARDRAIL_STYLE,7685842533146,2698.6613770000004,batch-000059,8,2698.652515,0.0,0.003846,7683143880631,0.005016
V2C-1039,C5_GUARDRAIL_STYLE,7685842533146,2698.661566,batch-000059,8,2698.652515,0.0,0.003992,7683143880631,0.005059
V2C-1040,C5_GUARDRAIL_STYLE,7685842533146,2698.662122,batch-000059,8,2698.652515,0.0,0.003897,7683143880631,0.00571
V2C-1043,C5_GUARDRAIL_STYLE,7685842533146,2698.6614320000003,batch-000059,8,2698.652515,0.0,0.003834,7683143880631,0.005083
V2C-1045,C5_GUARDRAIL_STYLE,7695339339533,9496.579951,batch-000060,8,9496.571345,0.0,0.003792,7685842768188,0.004814
V2C-1046,C5_GUARDRAIL_STYLE,7695339339533,9496.581471,batch-000060,8,9496.571345,0.0,0.00513,7685842768188,0.004996
V2C-1047,C5_GUARDRAIL_STYLE,7695339339533,9496.580124,batch-000060,8,9496.571345,0.0,0.003874,7685842768188,0.004905
V2C-1049,C5_GUARDRAIL_STYLE,7695339339533,9496.591855,batch-000060,8,9496.571345,0.0,0.015649,7685842768188,0.004861
V2C-1050,C5_GUARDRAIL_STYLE,7193762636996,0.001352,,,0.0,0.001352,0.0,7193762635644,0.0
V2C-1055,C5_GUARDRAIL_STYLE,7193762644322,0.001156,,,0.0,0.001156,0.0,7193762643166,0.0
V2C-1057,C5_GUARDRAIL_STYLE,7193762647779,0.001046,,,0.0,0.001046,0.0,7193762646733,0.0
V2C-1061,C5_GUARDRAIL_STYLE,7193762650748,0.000924,,,0.0,0.000924,0.0,7193762649824,0.0
V2C-1065,C5_GUARDRAIL_STYLE,7193762653946,0.0011,,,0.0,0.0011,0.0,7193762652846,0.0
V2C-1070,C5_GUARDRAIL_STYLE,7193762656953,0.000942,,,0.0,0.000942,0.0,7193762656011,0.0
V2C-1074,C5_GUARDRAIL_STYLE,7193762659799,0.000772,,,0.0,0.000772,0.0,7193762659027,0.0
V2C-1076,C5_GUARDRAIL_STYLE,7193762662627,0.00078,,,0.0,0.00078,0.0,7193762661847,0.0
V2C-1077,C5_GUARDRAIL_STYLE,7193762665654,0.000849,,,0.0,0.000849,0.0,7193762664805,0.0
V2C-1079,C5_GUARDRAIL_STYLE,7193762668781,0.001054,,,0.0,0.001054,0.0,7193762667727,0.0
V2C-1080,C5_GUARDRAIL_STYLE,7193762671873,0.001021,,,0.0,0.001021,0.0,7193762670852,0.0
V2C-1082,C5_GUARDRAIL_STYLE,7193762675227,0.000973,,,0.0,0.000973,0.0,7193762674254,0.0
V2C-1087,C5_GUARDRAIL_STYLE,7193762678166,0.000978,,,0.0,0.000978,0.0,7193762677188,0.0
V2C-1088,C5_GUARDRAIL_STYLE,7193762681160,0.001048,,,0.0,0.001048,0.0,7193762680112,0.0
V2C-1091,C5_GUARDRAIL_STYLE,7193762684196,0.000977,,,0.0,0.000977,0.0,7193762683219,0.0
V2C-1093,C5_GUARDRAIL_STYLE,7193762687223,0.000943,,,0.0,0.000943,0.0,7193762686280,0.0
V2C-1095,C5_GUARDRAIL_STYLE,7193762690265,0.000964,,,0.0,0.000964,0.0,7193762689301,0.0
V2C-1096,C5_GUARDRAIL_STYLE,7193762693416,0.001084,,,0.0,0.001084,0.0,7193762692332,0.0
V2C-1104,C5_GUARDRAIL_STYLE,7193762696347,0.000847,,,0.0,0.000847,0.0,7193762695500,0.0
V2C-1107,C5_GUARDRAIL_STYLE,7193762699521,0.001037,,,0.0,0.001037,0.0,7193762698484,0.0
V2C-1109,C5_GUARDRAIL_STYLE,7193762702815,0.000988,,,0.0,0.000988,0.0,7193762701827,0.0
V2C-1110,C5_GUARDRAIL_STYLE,7193762705857,0.000872,,,0.0,0.000872,0.0,7193762704985,0.0
V2C-1115,C5_GUARDRAIL_STYLE,7193762708860,0.000963,,,0.0,0.000963,0.0,7193762707897,0.0
V2C-1116,C5_GUARDRAIL_STYLE,7193762711652,0.00092,,,0.0,0.00092,0.0,7193762710732,0.0
V2C-1118,C5_GUARDRAIL_STYLE,7193762714648,0.001074,,,0.0,0.001074,0.0,7193762713574,0.0
V2C-1119,C5_GUARDRAIL_STYLE,7193762717743,0.000984,,,0.0,0.000984,0.0,7193762716759,0.0
V2C-1120,C5_GUARDRAIL_STYLE,7193762720424,0.000789,,,0.0,0.000789,0.0,7193762719635,0.0
V2C-1123,C5_GUARDRAIL_STYLE,7193762723545,0.001095,,,0.0,0.001095,0.0,7193762722450,0.0
V2C-1127,C5_GUARDRAIL_STYLE,7193762726568,0.000895,,,0.0,0.000895,0.0,7193762725673,0.0
V2C-1128,C5_GUARDRAIL_STYLE,7193762729464,0.000979,,,0.0,0.000979,0.0,7193762728485,0.0
V2C-1130,C5_GUARDRAIL_STYLE,7193762732443,0.000838,,,0.0,0.000838,0.0,7193762731605,0.0
V2C-1133,C5_GUARDRAIL_STYLE,7193762735267,0.000778,,,0.0,0.000778,0.0,7193762734489,0.0
V2C-1139,C5_GUARDRAIL_STYLE,7193762738151,0.000907,,,0.0,0.000907,0.0,7193762737244,0.0
V2C-1141,C5_GUARDRAIL_STYLE,7193762741080,0.000956,,,0.0,0.000956,0.0,7193762740124,0.0
V2C-1154,C5_GUARDRAIL_STYLE,7695339339533,9496.591951,batch-000060,8,9496.571345,0.0,0.009875,7685842768188,0.010731
V2C-1155,C5_GUARDRAIL_STYLE,7695339339533,9496.588206,batch-000060,8,9496.571345,0.0,0.007155,7685842768188,0.009706
V2C-1156,C5_GUARDRAIL_STYLE,7695339339533,9496.587611,batch-000060,8,9496.571345,0.0,0.00649,7685842768188,0.009776
V2C-1158,C5_GUARDRAIL_STYLE,7695339339533,9496.588779000002,batch-000060,8,9496.571345,0.0,0.007094,7685842768188,0.01034
V2C-1160,C5_GUARDRAIL_STYLE,7704865150408,9525.584712,batch-000061,8,9525.569211,0.0,0.005968,7695339581197,0.009533
V2C-1162,C5_GUARDRAIL_STYLE,7704865150408,9525.585395,batch-000061,8,9525.569211,0.0,0.005769,7695339581197,0.010415
V2C-1163,C5_GUARDRAIL_STYLE,7704865150408,9525.585543000001,batch-000061,8,9525.569211,0.0,0.006793,7695339581197,0.009539
V2C-1164,C5_GUARDRAIL_STYLE,7704865150408,9525.584727000001,batch-000061,8,9525.569211,0.0,0.00617,7695339581197,0.009346
V2C-1171,C5_GUARDRAIL_STYLE,7704865150408,9525.584112,batch-000061,8,9525.569211,0.0,0.005514,7695339581197,0.009387
V2C-1173,C5_GUARDRAIL_STYLE,7704865150408,9525.584393,batch-000061,8,9525.569211,0.0,0.005625,7695339581197,0.009557
V2C-1175,C5_GUARDRAIL_STYLE,7704865150408,9525.585605,batch-000061,8,9525.569211,0.0,0.005444,7695339581197,0.01095
V2C-1178,C5_GUARDRAIL_STYLE,7704865150408,9525.585663,batch-000061,8,9525.569211,0.0,0.006795,7695339581197,0.009657
V2C-1187,C5_GUARDRAIL_STYLE,7713258126088,8392.759168999999,batch-000062,4,8392.744014,0.0,0.00564,7704865382074,0.009515
V2C-1190,C5_GUARDRAIL_STYLE,7713258126088,8392.759041,batch-000062,4,8392.744014,0.0,0.005747,7704865382074,0.00928
V2C-1194,C5_GUARDRAIL_STYLE,7713258126088,8392.759028999999,batch-000062,4,8392.744014,0.0,0.005749,7704865382074,0.009266
V2C-1199,C5_GUARDRAIL_STYLE,7713258126088,8392.759967999998,batch-000062,4,8392.744014,0.0,0.006666,7704865382074,0.009288
EXT-ADVERSARIAL-0002,C6_CORRECTIVE_RETRIEVAL,7713320731818,0.00641,,,0.0,0.00641,0.0,7713320725408,0.0
EXT-ADVERSARIAL-0003,C6_CORRECTIVE_RETRIEVAL,7713320752498,0.001969,,,0.0,0.001969,0.0,7713320750529,0.0
EXT-ADVERSARIAL-0005,C6_CORRECTIVE_RETRIEVAL,7713320757270,0.001362,,,0.0,0.001362,0.0,7713320755908,0.0
EXT-ADVERSARIAL-0014,C6_CORRECTIVE_RETRIEVAL,7713320761217,0.00129,,,0.0,0.00129,0.0,7713320759927,0.0
EXT-ADVERSARIAL-0015,C6_CORRECTIVE_RETRIEVAL,7713320765193,0.001313,,,0.0,0.001313,0.0,7713320763880,0.0
EXT-ADVERSARIAL-0018,C6_CORRECTIVE_RETRIEVAL,7713320768739,0.001237,,,0.0,0.001237,0.0,7713320767502,0.0
EXT-ADVERSARIAL-0021,C6_CORRECTIVE_RETRIEVAL,7713320772068,0.00101,,,0.0,0.00101,0.0,7713320771058,0.0
EXT-ADVERSARIAL-0025,C6_CORRECTIVE_RETRIEVAL,7713320775465,0.000977,,,0.0,0.000977,0.0,7713320774488,0.0
EXT-ADVERSARIAL-0026,C6_CORRECTIVE_RETRIEVAL,7713320778783,0.000863,,,0.0,0.000863,0.0,7713320777920,0.0
EXT-ADVERSARIAL-0028,C6_CORRECTIVE_RETRIEVAL,7713320782161,0.001022,,,0.0,0.001022,0.0,7713320781139,0.0
EXT-ADVERSARIAL-0029,C6_CORRECTIVE_RETRIEVAL,7713320785757,0.000959,,,0.0,0.000959,0.0,7713320784798,0.0
EXT-ADVERSARIAL-0031,C6_CORRECTIVE_RETRIEVAL,7713320788923,0.000994,,,0.0,0.000994,0.0,7713320787929,0.0
EXT-ADVERSARIAL-0032,C6_CORRECTIVE_RETRIEVAL,7713320792108,0.000986,,,0.0,0.000986,0.0,7713320791122,0.0
EXT-ADVERSARIAL-0034,C6_CORRECTIVE_RETRIEVAL,7713320795558,0.00105,,,0.0,0.00105,0.0,7713320794508,0.0
EXT-ADVERSARIAL-0039,C6_CORRECTIVE_RETRIEVAL,7713320798732,0.001065,,,0.0,0.001065,0.0,7713320797667,0.0
EXT-ADVERSARIAL-0044,C6_CORRECTIVE_RETRIEVAL,7713320801719,0.000957,,,0.0,0.000957,0.0,7713320800762,0.0
EXT-ADVERSARIAL-0050,C6_CORRECTIVE_RETRIEVAL,7713320805231,0.000946,,,0.0,0.000946,0.0,7713320804285,0.0
EXT-ADVERSARIAL-0051,C6_CORRECTIVE_RETRIEVAL,7713320808700,0.001058,,,0.0,0.001058,0.0,7713320807642,0.0
EXT-ADVERSARIAL-0056,C6_CORRECTIVE_RETRIEVAL,7713320811842,0.001034,,,0.0,0.001034,0.0,7713320810808,0.0
EXT-ADVERSARIAL-0058,C6_CORRECTIVE_RETRIEVAL,7713320815248,0.001206,,,0.0,0.001206,0.0,7713320814042,0.0
EXT-ADVERSARIAL-0061,C6_CORRECTIVE_RETRIEVAL,7713320818935,0.001289,,,0.0,0.001289,0.0,7713320817646,0.0
EXT-ADVERSARIAL-0063,C6_CORRECTIVE_RETRIEVAL,7713320822397,0.001095,,,0.0,0.001095,0.0,7713320821302,0.0
EXT-ADVERSARIAL-0071,C6_CORRECTIVE_RETRIEVAL,7713320825556,0.000906,,,0.0,0.000906,0.0,7713320824650,0.0
EXT-ADVERSARIAL-0073,C6_CORRECTIVE_RETRIEVAL,7713320828516,0.000929,,,0.0,0.000929,0.0,7713320827587,0.0
EXT-ADVERSARIAL-0076,C6_CORRECTIVE_RETRIEVAL,7713320831549,0.000876,,,0.0,0.000876,0.0,7713320830673,0.0
EXT-ADVERSARIAL-0078,C6_CORRECTIVE_RETRIEVAL,7713320834823,0.000974,,,0.0,0.000974,0.0,7713320833849,0.0
EXT-ADVERSARIAL-0082,C6_CORRECTIVE_RETRIEVAL,7713320838228,0.000925,,,0.0,0.000925,0.0,7713320837303,0.0
EXT-ADVERSARIAL-0084,C6_CORRECTIVE_RETRIEVAL,7713320841308,0.000997,,,0.0,0.000997,0.0,7713320840311,0.0
EXT-ADVERSARIAL-0085,C6_CORRECTIVE_RETRIEVAL,7713320844306,0.000891,,,0.0,0.000891,0.0,7713320843415,0.0
EXT-ADVERSARIAL-0089,C6_CORRECTIVE_RETRIEVAL,7713320847342,0.000943,,,0.0,0.000943,0.0,7713320846399,0.0
EXT-ADVERSARIAL-0093,C6_CORRECTIVE_RETRIEVAL,7713320850604,0.000887,,,0.0,0.000887,0.0,7713320849717,0.0
EXT-ADVERSARIAL-0095,C6_CORRECTIVE_RETRIEVAL,7713320853519,0.00088,,,0.0,0.00088,0.0,7713320852639,0.0
EXT-ADVERSARIAL-0097,C6_CORRECTIVE_RETRIEVAL,7713320856390,0.000834,,,0.0,0.000834,0.0,7713320855556,0.0
EXT-ADVERSARIAL-0098,C6_CORRECTIVE_RETRIEVAL,7713320859513,0.000976,,,0.0,0.000976,0.0,7713320858537,0.0
EXT-AMBIGUOUS-0003,C6_CORRECTIVE_RETRIEVAL,7713320862854,0.000876,,,0.0,0.000876,0.0,7713320861978,0.0
EXT-AMBIGUOUS-0004,C6_CORRECTIVE_RETRIEVAL,7713320865854,0.000887,,,0.0,0.000887,0.0,7713320864967,0.0
EXT-AMBIGUOUS-0014,C6_CORRECTIVE_RETRIEVAL,7713320869117,0.000957,,,0.0,0.000957,0.0,7713320868160,0.0
EXT-AMBIGUOUS-0015,C6_CORRECTIVE_RETRIEVAL,7713320872074,0.000907,,,0.0,0.000907,0.0,7713320871167,0.0
EXT-AMBIGUOUS-0024,C6_CORRECTIVE_RETRIEVAL,7713320875136,0.001027,,,0.0,0.001027,0.0,7713320874109,0.0
EXT-AMBIGUOUS-0026,C6_CORRECTIVE_RETRIEVAL,7713320878256,0.000998,,,0.0,0.000998,0.0,7713320877258,0.0
EXT-AMBIGUOUS-0028,C6_CORRECTIVE_RETRIEVAL,7713320881289,0.000827,,,0.0,0.000827,0.0,7713320880462,0.0
EXT-AMBIGUOUS-0033,C6_CORRECTIVE_RETRIEVAL,7713320884528,0.000896,,,0.0,0.000896,0.0,7713320883632,0.0
EXT-AMBIGUOUS-0035,C6_CORRECTIVE_RETRIEVAL,7713320887519,0.000916,,,0.0,0.000916,0.0,7713320886603,0.0
EXT-AMBIGUOUS-0039,C6_CORRECTIVE_RETRIEVAL,7713320890769,0.000981,,,0.0,0.000981,0.0,7713320889788,0.0
EXT-AMBIGUOUS-0041,C6_CORRECTIVE_RETRIEVAL,7713320893625,0.000823,,,0.0,0.000823,0.0,7713320892802,0.0
EXT-AMBIGUOUS-0044,C6_CORRECTIVE_RETRIEVAL,7713320896787,0.001117,,,0.0,0.001117,0.0,7713320895670,0.0
EXT-AMBIGUOUS-0049,C6_CORRECTIVE_RETRIEVAL,7713320900149,0.000985,,,0.0,0.000985,0.0,7713320899164,0.0
EXT-AMBIGUOUS-0050,C6_CORRECTIVE_RETRIEVAL,7713320903190,0.000835,,,0.0,0.000835,0.0,7713320902355,0.0
EXT-INVALID_ENTITY-0004,C6_CORRECTIVE_RETRIEVAL,7713320906187,0.000902,,,0.0,0.000902,0.0,7713320905285,0.0
EXT-INVALID_ENTITY-0006,C6_CORRECTIVE_RETRIEVAL,7713320909254,0.000996,,,0.0,0.000996,0.0,7713320908258,0.0
EXT-INVALID_ENTITY-0009,C6_CORRECTIVE_RETRIEVAL,7713320912420,0.001004,,,0.0,0.001004,0.0,7713320911416,0.0
EXT-INVALID_ENTITY-0011,C6_CORRECTIVE_RETRIEVAL,7713320915412,0.000856,,,0.0,0.000856,0.0,7713320914556,0.0
EXT-INVALID_ENTITY-0013,C6_CORRECTIVE_RETRIEVAL,7713320918290,0.00083,,,0.0,0.00083,0.0,7713320917460,0.0
EXT-INVALID_ENTITY-0022,C6_CORRECTIVE_RETRIEVAL,7713320921444,0.000983,,,0.0,0.000983,0.0,7713320920461,0.0
EXT-INVALID_ENTITY-0026,C6_CORRECTIVE_RETRIEVAL,7713320924420,0.00083,,,0.0,0.00083,0.0,7713320923590,0.0
EXT-INVALID_ENTITY-0033,C6_CORRECTIVE_RETRIEVAL,7713320927297,0.000829,,,0.0,0.000829,0.0,7713320926468,0.0
EXT-INVALID_ENTITY-0034,C6_CORRECTIVE_RETRIEVAL,7713320930180,0.00082,,,0.0,0.00082,0.0,7713320929360,0.0
EXT-INVALID_ENTITY-0035,C6_CORRECTIVE_RETRIEVAL,7713320933193,0.000965,,,0.0,0.000965,0.0,7713320932228,0.0
EXT-INVALID_ENTITY-0036,C6_CORRECTIVE_RETRIEVAL,7713320936325,0.000834,,,0.0,0.000834,0.0,7713320935491,0.0
EXT-INVALID_ENTITY-0037,C6_CORRECTIVE_RETRIEVAL,7713320939322,0.000955,,,0.0,0.000955,0.0,7713320938367,0.0
EXT-INVALID_ENTITY-0038,C6_CORRECTIVE_RETRIEVAL,7713320942194,0.000818,,,0.0,0.000818,0.0,7713320941376,0.0
EXT-INVALID_ENTITY-0039,C6_CORRECTIVE_RETRIEVAL,7713320945142,0.000828,,,0.0,0.000828,0.0,7713320944314,0.0
EXT-INVALID_ENTITY-0040,C6_CORRECTIVE_RETRIEVAL,7713320948181,0.000831,,,0.0,0.000831,0.0,7713320947350,0.0
EXT-INVALID_ENTITY-0042,C6_CORRECTIVE_RETRIEVAL,7713320951208,0.000989,,,0.0,0.000989,0.0,7713320950219,0.0
EXT-INVALID_ENTITY-0043,C6_CORRECTIVE_RETRIEVAL,7713320954310,0.000987,,,0.0,0.000987,0.0,7713320953323,0.0
EXT-INVALID_ENTITY-0045,C6_CORRECTIVE_RETRIEVAL,7713320957893,0.001165,,,0.0,0.001165,0.0,7713320956728,0.0
EXT-INVALID_ENTITY-0047,C6_CORRECTIVE_RETRIEVAL,7713320961352,0.001097,,,0.0,0.001097,0.0,7713320960255,0.0
EXT-INVALID_ENTITY-0050,C6_CORRECTIVE_RETRIEVAL,7713320964394,0.000918,,,0.0,0.000918,0.0,7713320963476,0.0
EXT-INVALID_ENTITY-0053,C6_CORRECTIVE_RETRIEVAL,7713320967304,0.000812,,,0.0,0.000812,0.0,7713320966492,0.0
EXT-INVALID_ENTITY-0054,C6_CORRECTIVE_RETRIEVAL,7713320970362,0.000811,,,0.0,0.000811,0.0,7713320969551,0.0
EXT-INVALID_ENTITY-0065,C6_CORRECTIVE_RETRIEVAL,7713320973480,0.000828,,,0.0,0.000828,0.0,7713320972652,0.0
EXT-INVALID_ENTITY-0066,C6_CORRECTIVE_RETRIEVAL,7713320976589,0.000952,,,0.0,0.000952,0.0,7713320975637,0.0
EXT-INVALID_ENTITY-0069,C6_CORRECTIVE_RETRIEVAL,7713320979580,0.000825,,,0.0,0.000825,0.0,7713320978755,0.0
EXT-INVALID_ENTITY-0070,C6_CORRECTIVE_RETRIEVAL,7713320982443,0.000832,,,0.0,0.000832,0.0,7713320981611,0.0
EXT-INVALID_ENTITY-0073,C6_CORRECTIVE_RETRIEVAL,7713320985460,0.000822,,,0.0,0.000822,0.0,7713320984638,0.0
EXT-INVALID_ENTITY-0077,C6_CORRECTIVE_RETRIEVAL,7713320988423,0.000939,,,0.0,0.000939,0.0,7713320987484,0.0
EXT-INVALID_ENTITY-0078,C6_CORRECTIVE_RETRIEVAL,7713320991338,0.000877,,,0.0,0.000877,0.0,7713320990461,0.0
EXT-INVALID_ENTITY-0079,C6_CORRECTIVE_RETRIEVAL,7713320995248,0.000927,,,0.0,0.000927,0.0,7713320994321,0.0
EXT-INVALID_ENTITY-0080,C6_CORRECTIVE_RETRIEVAL,7713320998145,0.000824,,,0.0,0.000824,0.0,7713320997321,0.0
EXT-INVALID_ENTITY-0083,C6_CORRECTIVE_RETRIEVAL,7713321000994,0.000824,,,0.0,0.000824,0.0,7713321000170,0.0
EXT-INVALID_ENTITY-0084,C6_CORRECTIVE_RETRIEVAL,7713321003932,0.000904,,,0.0,0.000904,0.0,7713321003028,0.0
EXT-INVALID_ENTITY-0086,C6_CORRECTIVE_RETRIEVAL,7713321006911,0.000877,,,0.0,0.000877,0.0,7713321006034,0.0
EXT-INVALID_ENTITY-0093,C6_CORRECTIVE_RETRIEVAL,7713321009928,0.000946,,,0.0,0.000946,0.0,7713321008982,0.0
EXT-INVALID_ENTITY-0098,C6_CORRECTIVE_RETRIEVAL,7713321012922,0.000934,,,0.0,0.000934,0.0,7713321011988,0.0
EXT-NUMERIC_PROVENANCE-0008,C6_CORRECTIVE_RETRIEVAL,7713321015874,0.000826,,,0.0,0.000826,0.0,7713321015048,0.0
EXT-NUMERIC_PROVENANCE-0009,C6_CORRECTIVE_RETRIEVAL,7713321019091,0.000911,,,0.0,0.000911,0.0,7713321018180,0.0
EXT-NUMERIC_PROVENANCE-0012,C6_CORRECTIVE_RETRIEVAL,7713321022280,0.001057,,,0.0,0.001057,0.0,7713321021223,0.0
EXT-NUMERIC_PROVENANCE-0013,C6_CORRECTIVE_RETRIEVAL,7713321025483,0.001057,,,0.0,0.001057,0.0,7713321024426,0.0
EXT-NUMERIC_PROVENANCE-0015,C6_CORRECTIVE_RETRIEVAL,7713321028626,0.001084,,,0.0,0.001084,0.0,7713321027542,0.0
EXT-NUMERIC_PROVENANCE-0016,C6_CORRECTIVE_RETRIEVAL,7713321032035,0.000976,,,0.0,0.000976,0.0,7713321031059,0.0
EXT-NUMERIC_PROVENANCE-0017,C6_CORRECTIVE_RETRIEVAL,7713321035146,0.000861,,,0.0,0.000861,0.0,7713321034285,0.0
EXT-NUMERIC_PROVENANCE-0018,C6_CORRECTIVE_RETRIEVAL,7713321038112,0.000885,,,0.0,0.000885,0.0,7713321037227,0.0
EXT-NUMERIC_PROVENANCE-0019,C6_CORRECTIVE_RETRIEVAL,7713321041008,0.000836,,,0.0,0.000836,0.0,7713321040172,0.0
EXT-NUMERIC_PROVENANCE-0020,C6_CORRECTIVE_RETRIEVAL,7713321044290,0.001004,,,0.0,0.001004,0.0,7713321043286,0.0
EXT-NUMERIC_PROVENANCE-0021,C6_CORRECTIVE_RETRIEVAL,7713321047272,0.000833,,,0.0,0.000833,0.0,7713321046439,0.0
EXT-NUMERIC_PROVENANCE-0029,C6_CORRECTIVE_RETRIEVAL,7713321050310,0.000998,,,0.0,0.000998,0.0,7713321049312,0.0
EXT-NUMERIC_PROVENANCE-0031,C6_CORRECTIVE_RETRIEVAL,7713321053342,0.000894,,,0.0,0.000894,0.0,7713321052448,0.0
EXT-NUMERIC_PROVENANCE-0033,C6_CORRECTIVE_RETRIEVAL,7713321056230,0.000828,,,0.0,0.000828,0.0,7713321055402,0.0
EXT-NUMERIC_PROVENANCE-0035,C6_CORRECTIVE_RETRIEVAL,7713321059407,0.000947,,,0.0,0.000947,0.0,7713321058460,0.0
EXT-NUMERIC_PROVENANCE-0038,C6_CORRECTIVE_RETRIEVAL,7713321062344,0.000892,,,0.0,0.000892,0.0,7713321061452,0.0
EXT-NUMERIC_PROVENANCE-0039,C6_CORRECTIVE_RETRIEVAL,7713321065296,0.000908,,,0.0,0.000908,0.0,7713321064388,0.0
EXT-NUMERIC_PROVENANCE-0047,C6_CORRECTIVE_RETRIEVAL,7713321068183,0.00084,,,0.0,0.00084,0.0,7713321067343,0.0
EXT-PAIR-0001-KO,C6_CORRECTIVE_RETRIEVAL,7713321071227,0.000953,,,0.0,0.000953,0.0,7713321070274,0.0
EXT-PAIR-0004-EN,C6_CORRECTIVE_RETRIEVAL,7713321074105,0.000842,,,0.0,0.000842,0.0,7713321073263,0.0
EXT-PAIR-0004-KO,C6_CORRECTIVE_RETRIEVAL,7713321077034,0.000871,,,0.0,0.000871,0.0,7713321076163,0.0
EXT-PAIR-0007-EN,C6_CORRECTIVE_RETRIEVAL,7713321080044,0.000953,,,0.0,0.000953,0.0,7713321079091,0.0
EXT-PAIR-0009-EN,C6_CORRECTIVE_RETRIEVAL,7713321083199,0.00085,,,0.0,0.00085,0.0,7713321082349,0.0
EXT-PAIR-0010-EN,C6_CORRECTIVE_RETRIEVAL,7713321086107,0.000847,,,0.0,0.000847,0.0,7713321085260,0.0
EXT-PAIR-0013-EN,C6_CORRECTIVE_RETRIEVAL,7713321089002,0.000833,,,0.0,0.000833,0.0,7713321088169,0.0
EXT-PAIR-0013-KO,C6_CORRECTIVE_RETRIEVAL,7713321092468,0.000927,,,0.0,0.000927,0.0,7713321091541,0.0
EXT-PAIR-0021-KO,C6_CORRECTIVE_RETRIEVAL,7713321095570,0.000828,,,0.0,0.000828,0.0,7713321094742,0.0
EXT-PAIR-0026-EN,C6_CORRECTIVE_RETRIEVAL,7713321098573,0.00084,,,0.0,0.00084,0.0,7713321097733,0.0
EXT-PAIR-0026-KO,C6_CORRECTIVE_RETRIEVAL,7713321101595,0.000849,,,0.0,0.000849,0.0,7713321100746,0.0
EXT-PAIR-0027-KO,C6_CORRECTIVE_RETRIEVAL,7713321104542,0.000826,,,0.0,0.000826,0.0,7713321103716,0.0
EXT-PAIR-0029-KO,C6_CORRECTIVE_RETRIEVAL,7713321107532,0.000851,,,0.0,0.000851,0.0,7713321106681,0.0
EXT-PAIR-0030-EN,C6_CORRECTIVE_RETRIEVAL,7713321110426,0.000842,,,0.0,0.000842,0.0,7713321109584,0.0
EXT-PAIR-0034-EN,C6_CORRECTIVE_RETRIEVAL,7713321113325,0.000828,,,0.0,0.000828,0.0,7713321112497,0.0
EXT-PAIR-0035-KO,C6_CORRECTIVE_RETRIEVAL,7713321116378,0.000827,,,0.0,0.000827,0.0,7713321115551,0.0
EXT-PAIR-0039-KO,C6_CORRECTIVE_RETRIEVAL,7713321119345,0.000909,,,0.0,0.000909,0.0,7713321118436,0.0
EXT-PAIR-0040-EN,C6_CORRECTIVE_RETRIEVAL,7713321122307,0.000883,,,0.0,0.000883,0.0,7713321121424,0.0
EXT-PAIR-0041-EN,C6_CORRECTIVE_RETRIEVAL,7713321125220,0.000867,,,0.0,0.000867,0.0,7713321124353,0.0
EXT-PAIR-0043-KO,C6_CORRECTIVE_RETRIEVAL,7713321128475,0.00105,,,0.0,0.00105,0.0,7713321127425,0.0
EXT-PAIR-0047-KO,C6_CORRECTIVE_RETRIEVAL,7713321167587,0.001009,,,0.0,0.001009,0.0,7713321166578,0.0
EXT-PAIR-0048-EN,C6_CORRECTIVE_RETRIEVAL,7713321171090,0.001149,,,0.0,0.001149,0.0,7713321169941,0.0
EXT-PAIR-0049-KO,C6_CORRECTIVE_RETRIEVAL,7713321174472,0.001134,,,0.0,0.001134,0.0,7713321173338,0.0
EXT-PAIR-0055-EN,C6_CORRECTIVE_RETRIEVAL,7713321177593,0.000938,,,0.0,0.000938,0.0,7713321176655,0.0
EXT-PAIR-0056-EN,C6_CORRECTIVE_RETRIEVAL,7713321180777,0.000925,,,0.0,0.000925,0.0,7713321179852,0.0
EXT-PAIR-0063-KO,C6_CORRECTIVE_RETRIEVAL,7713321183753,0.000858,,,0.0,0.000858,0.0,7713321182895,0.0
EXT-PAIR-0064-EN,C6_CORRECTIVE_RETRIEVAL,7713321186644,0.000835,,,0.0,0.000835,0.0,7713321185809,0.0
EXT-PAIR-0072-EN,C6_CORRECTIVE_RETRIEVAL,7713321189826,0.00093,,,0.0,0.00093,0.0,7713321188896,0.0
EXT-PAIR-0073-KO,C6_CORRECTIVE_RETRIEVAL,7713321192882,0.000933,,,0.0,0.000933,0.0,7713321191949,0.0
EXT-PAIR-0078-KO,C6_CORRECTIVE_RETRIEVAL,7713321195978,0.00099,,,0.0,0.00099,0.0,7713321194988,0.0
EXT-PAIR-0080-EN,C6_CORRECTIVE_RETRIEVAL,7713321198998,0.000841,,,0.0,0.000841,0.0,7713321198157,0.0
EXT-PAIR-0080-KO,C6_CORRECTIVE_RETRIEVAL,7713321202103,0.00092,,,0.0,0.00092,0.0,7713321201183,0.0
EXT-PAIR-0082-EN,C6_CORRECTIVE_RETRIEVAL,7713321205221,0.000905,,,0.0,0.000905,0.0,7713321204316,0.0
EXT-PAIR-0083-KO,C6_CORRECTIVE_RETRIEVAL,7713321208126,0.000847,,,0.0,0.000847,0.0,7713321207279,0.0
EXT-PAIR-0085-EN,C6_CORRECTIVE_RETRIEVAL,7713321211045,0.000831,,,0.0,0.000831,0.0,7713321210214,0.0
EXT-PAIR-0088-EN,C6_CORRECTIVE_RETRIEVAL,7713321214301,0.000883,,,0.0,0.000883,0.0,7713321213418,0.0
EXT-PAIR-0089-EN,C6_CORRECTIVE_RETRIEVAL,7713321217519,0.000908,,,0.0,0.000908,0.0,7713321216611,0.0
EXT-PAIR-0091-EN,C6_CORRECTIVE_RETRIEVAL,7713321221209,0.001418,,,0.0,0.001418,0.0,7713321219791,0.0
EXT-PAIR-0091-KO,C6_CORRECTIVE_RETRIEVAL,7713321224482,0.001113,,,0.0,0.001113,0.0,7713321223369,0.0
EXT-PAIR-0094-EN,C6_CORRECTIVE_RETRIEVAL,7713321227600,0.000894,,,0.0,0.000894,0.0,7713321226706,0.0
EXT-PAIR-0096-EN,C6_CORRECTIVE_RETRIEVAL,7713321230737,0.000962,,,0.0,0.000962,0.0,7713321229775,0.0
EXT-PAIR-0099-KO,C6_CORRECTIVE_RETRIEVAL,7713321233930,0.000985,,,0.0,0.000985,0.0,7713321232945,0.0
EXT-PAIR-0104-KO,C6_CORRECTIVE_RETRIEVAL,7713321237246,0.001071,,,0.0,0.001071,0.0,7713321236175,0.0
EXT-PAIR-0109-KO,C6_CORRECTIVE_RETRIEVAL,7713321240241,0.000856,,,0.0,0.000856,0.0,7713321239385,0.0
EXT-PAIR-0115-KO,C6_CORRECTIVE_RETRIEVAL,7713321243743,0.001207,,,0.0,0.001207,0.0,7713321242536,0.0
EXT-PAIR-0116-KO,C6_CORRECTIVE_RETRIEVAL,7713321247268,0.001091,,,0.0,0.001091,0.0,7713321246177,0.0
EXT-PAIR-0117-EN,C6_CORRECTIVE_RETRIEVAL,7713321250755,0.001022,,,0.0,0.001022,0.0,7713321249733,0.0
EXT-PAIR-0121-EN,C6_CORRECTIVE_RETRIEVAL,7713321254157,0.000949,,,0.0,0.000949,0.0,7713321253208,0.0
EXT-PAIR-0128-KO,C6_CORRECTIVE_RETRIEVAL,7713321257152,0.000851,,,0.0,0.000851,0.0,7713321256301,0.0
EXT-PAIR-0136-KO,C6_CORRECTIVE_RETRIEVAL,7713321260569,0.001062,,,0.0,0.001062,0.0,7713321259507,0.0
EXT-PAIR-0140-EN,C6_CORRECTIVE_RETRIEVAL,7713321263592,0.000858,,,0.0,0.000858,0.0,7713321262734,0.0
EXT-PAIR-0140-KO,C6_CORRECTIVE_RETRIEVAL,7713321266628,0.000976,,,0.0,0.000976,0.0,7713321265652,0.0
EXT-PAIR-0143-EN,C6_CORRECTIVE_RETRIEVAL,7713321269657,0.00084,,,0.0,0.00084,0.0,7713321268817,0.0
EXT-PAIR-0144-EN,C6_CORRECTIVE_RETRIEVAL,7713321272774,0.000849,,,0.0,0.000849,0.0,7713321271925,0.0
EXT-PAIR-0146-EN,C6_CORRECTIVE_RETRIEVAL,7713321276022,0.001042,,,0.0,0.001042,0.0,7713321274980,0.0
EXT-PAIR-0148-EN,C6_CORRECTIVE_RETRIEVAL,7713321279000,0.000908,,,0.0,0.000908,0.0,7713321278092,0.0
EXT-PAIR-0148-KO,C6_CORRECTIVE_RETRIEVAL,7713321282137,0.000989,,,0.0,0.000989,0.0,7713321281148,0.0
EXT-PAIR-0149-KO,C6_CORRECTIVE_RETRIEVAL,7713321285403,0.000972,,,0.0,0.000972,0.0,7713321284431,0.0
EXT-PAIR-0150-KO,C6_CORRECTIVE_RETRIEVAL,7713321288621,0.000958,,,0.0,0.000958,0.0,7713321287663,0.0
EXT-PAIR-0152-KO,C6_CORRECTIVE_RETRIEVAL,7713321291717,0.000977,,,0.0,0.000977,0.0,7713321290740,0.0
EXT-PAIR-0154-KO,C6_CORRECTIVE_RETRIEVAL,7713321294725,0.00085,,,0.0,0.00085,0.0,7713321293875,0.0
EXT-PAIR-0157-KO,C6_CORRECTIVE_RETRIEVAL,7713321297850,0.000976,,,0.0,0.000976,0.0,7713321296874,0.0
EXT-PAIR-0159-EN,C6_CORRECTIVE_RETRIEVAL,7713321300901,0.000883,,,0.0,0.000883,0.0,7713321300018,0.0
EXT-PAIR-0161-EN,C6_CORRECTIVE_RETRIEVAL,7713321303874,0.000864,,,0.0,0.000864,0.0,7713321303010,0.0
EXT-PAIR-0162-EN,C6_CORRECTIVE_RETRIEVAL,7713321306930,0.000869,,,0.0,0.000869,0.0,7713321306061,0.0
EXT-PAIR-0166-EN,C6_CORRECTIVE_RETRIEVAL,7713321309944,0.000867,,,0.0,0.000867,0.0,7713321309077,0.0
EXT-PAIR-0166-KO,C6_CORRECTIVE_RETRIEVAL,7713321312868,0.000849,,,0.0,0.000849,0.0,7713321312019,0.0
EXT-PAIR-0167-EN,C6_CORRECTIVE_RETRIEVAL,7713321315801,0.000834,,,0.0,0.000834,0.0,7713321314967,0.0
EXT-PAIR-0169-EN,C6_CORRECTIVE_RETRIEVAL,7713321318767,0.000842,,,0.0,0.000842,0.0,7713321317925,0.0
EXT-PAIR-0170-EN,C6_CORRECTIVE_RETRIEVAL,7713321321641,0.000842,,,0.0,0.000842,0.0,7713321320799,0.0
EXT-PAIR-0174-KO,C6_CORRECTIVE_RETRIEVAL,7713321324619,0.000845,,,0.0,0.000845,0.0,7713321323774,0.0
EXT-PAIR-0175-EN,C6_CORRECTIVE_RETRIEVAL,7713321328042,0.00114,,,0.0,0.00114,0.0,7713321326902,0.0
EXT-PAIR-0179-EN,C6_CORRECTIVE_RETRIEVAL,7713321331191,0.000916,,,0.0,0.000916,0.0,7713321330275,0.0
EXT-PAIR-0184-KO,C6_CORRECTIVE_RETRIEVAL,7713321334307,0.000921,,,0.0,0.000921,0.0,7713321333386,0.0
EXT-PAIR-0191-EN,C6_CORRECTIVE_RETRIEVAL,7713321337332,0.000852,,,0.0,0.000852,0.0,7713321336480,0.0
EXT-PAIR-0191-KO,C6_CORRECTIVE_RETRIEVAL,7713321340250,0.000847,,,0.0,0.000847,0.0,7713321339403,0.0
EXT-PAIR-0193-EN,C6_CORRECTIVE_RETRIEVAL,7713321343355,0.001018,,,0.0,0.001018,0.0,7713321342337,0.0
EXT-PAIR-0194-EN,C6_CORRECTIVE_RETRIEVAL,7713321346444,0.000916,,,0.0,0.000916,0.0,7713321345528,0.0
EXT-PAIR-0194-KO,C6_CORRECTIVE_RETRIEVAL,7713321349465,0.000948,,,0.0,0.000948,0.0,7713321348517,0.0
EXT-PAIR-0195-EN,C6_CORRECTIVE_RETRIEVAL,7713321352368,0.000844,,,0.0,0.000844,0.0,7713321351524,0.0
EXT-PAIR-0195-KO,C6_CORRECTIVE_RETRIEVAL,7713321355284,0.00083,,,0.0,0.00083,0.0,7713321354454,0.0
EXT-PARAPHRASE-0003,C6_CORRECTIVE_RETRIEVAL,7713321358385,0.000847,,,0.0,0.000847,0.0,7713321357538,0.0
EXT-PARAPHRASE-0004,C6_CORRECTIVE_RETRIEVAL,7713321361296,0.000844,,,0.0,0.000844,0.0,7713321360452,0.0
EXT-PARAPHRASE-0005,C6_CORRECTIVE_RETRIEVAL,7713321364244,0.000838,,,0.0,0.000838,0.0,7713321363406,0.0
EXT-PARAPHRASE-0020,C6_CORRECTIVE_RETRIEVAL,7713321367289,0.00085,,,0.0,0.00085,0.0,7713321366439,0.0
EXT-PARAPHRASE-0026,C6_CORRECTIVE_RETRIEVAL,7713321370306,0.000849,,,0.0,0.000849,0.0,7713321369457,0.0
EXT-PARAPHRASE-0028,C6_CORRECTIVE_RETRIEVAL,7713321373408,0.000834,,,0.0,0.000834,0.0,7713321372574,0.0
EXT-PARAPHRASE-0030,C6_CORRECTIVE_RETRIEVAL,7713321376326,0.000848,,,0.0,0.000848,0.0,7713321375478,0.0
EXT-PARAPHRASE-0034,C6_CORRECTIVE_RETRIEVAL,7713321379345,0.000873,,,0.0,0.000873,0.0,7713321378472,0.0
EXT-PARAPHRASE-0039,C6_CORRECTIVE_RETRIEVAL,7713321382476,0.000984,,,0.0,0.000984,0.0,7713321381492,0.0
EXT-PARAPHRASE-0069,C6_CORRECTIVE_RETRIEVAL,7713321385455,0.000869,,,0.0,0.000869,0.0,7713321384586,0.0
EXT-PARAPHRASE-0076,C6_CORRECTIVE_RETRIEVAL,7713321388412,0.000863,,,0.0,0.000863,0.0,7713321387549,0.0
EXT-PARAPHRASE-0080,C6_CORRECTIVE_RETRIEVAL,7713321391422,0.000845,,,0.0,0.000845,0.0,7713321390577,0.0
EXT-PARAPHRASE-0091,C6_CORRECTIVE_RETRIEVAL,7713321394464,0.000847,,,0.0,0.000847,0.0,7713321393617,0.0
EXT-PARAPHRASE-0097,C6_CORRECTIVE_RETRIEVAL,7713321397410,0.000871,,,0.0,0.000871,0.0,7713321396539,0.0
EXT-PARAPHRASE-0101,C6_CORRECTIVE_RETRIEVAL,7713321400286,0.000834,,,0.0,0.000834,0.0,7713321399452,0.0
EXT-PARAPHRASE-0114,C6_CORRECTIVE_RETRIEVAL,7713321403301,0.00094,,,0.0,0.00094,0.0,7713321402361,0.0
EXT-PARAPHRASE-0121,C6_CORRECTIVE_RETRIEVAL,7713321406302,0.000886,,,0.0,0.000886,0.0,7713321405416,0.0
EXT-PARAPHRASE-0150,C6_CORRECTIVE_RETRIEVAL,7713321409420,0.000936,,,0.0,0.000936,0.0,7713321408484,0.0
EXT-PARAPHRASE-0154,C6_CORRECTIVE_RETRIEVAL,7713321412498,0.000905,,,0.0,0.000905,0.0,7713321411593,0.0
EXT-PARAPHRASE-0158,C6_CORRECTIVE_RETRIEVAL,7713321415615,0.000845,,,0.0,0.000845,0.0,7713321414770,0.0
EXT-PARAPHRASE-0159,C6_CORRECTIVE_RETRIEVAL,7713321418623,0.000955,,,0.0,0.000955,0.0,7713321417668,0.0
EXT-PARAPHRASE-0162,C6_CORRECTIVE_RETRIEVAL,7713321421514,0.000855,,,0.0,0.000855,0.0,7713321420659,0.0
EXT-PARAPHRASE-0166,C6_CORRECTIVE_RETRIEVAL,7713321424586,0.00093,,,0.0,0.00093,0.0,7713321423656,0.0
EXT-PARAPHRASE-0172,C6_CORRECTIVE_RETRIEVAL,7713321427720,0.000859,,,0.0,0.000859,0.0,7713321426861,0.0
EXT-PARAPHRASE-0176,C6_CORRECTIVE_RETRIEVAL,7713321430693,0.00087,,,0.0,0.00087,0.0,7713321429823,0.0
EXT-PARAPHRASE-0183,C6_CORRECTIVE_RETRIEVAL,7713321433661,0.000841,,,0.0,0.000841,0.0,7713321432820,0.0
EXT-PARAPHRASE-0191,C6_CORRECTIVE_RETRIEVAL,7713321436649,0.000923,,,0.0,0.000923,0.0,7713321435726,0.0
EXT-PARAPHRASE-0194,C6_CORRECTIVE_RETRIEVAL,7713321439842,0.000955,,,0.0,0.000955,0.0,7713321438887,0.0
EXT-PARAPHRASE-0197,C6_CORRECTIVE_RETRIEVAL,7713321442719,0.000845,,,0.0,0.000845,0.0,7713321441874,0.0
EXT-POLICY_CONFLICT-0001,C6_CORRECTIVE_RETRIEVAL,7713321445835,0.000939,,,0.0,0.000939,0.0,7713321444896,0.0
EXT-POLICY_CONFLICT-0010,C6_CORRECTIVE_RETRIEVAL,7713321448892,0.001014,,,0.0,0.001014,0.0,7713321447878,0.0
EXT-POLICY_CONFLICT-0012,C6_CORRECTIVE_RETRIEVAL,7713321451955,0.000934,,,0.0,0.000934,0.0,7713321451021,0.0
EXT-POLICY_CONFLICT-0015,C6_CORRECTIVE_RETRIEVAL,7713321454960,0.000917,,,0.0,0.000917,0.0,7713321454043,0.0
EXT-POLICY_CONFLICT-0017,C6_CORRECTIVE_RETRIEVAL,7713321458324,0.001021,,,0.0,0.001021,0.0,7713321457303,0.0
EXT-POLICY_CONFLICT-0019,C6_CORRECTIVE_RETRIEVAL,7713321461329,0.000958,,,0.0,0.000958,0.0,7713321460371,0.0
EXT-POLICY_CONFLICT-0022,C6_CORRECTIVE_RETRIEVAL,7713321464253,0.00084,,,0.0,0.00084,0.0,7713321463413,0.0
EXT-POLICY_CONFLICT-0027,C6_CORRECTIVE_RETRIEVAL,7713321467260,0.00085,,,0.0,0.00085,0.0,7713321466410,0.0
EXT-POLICY_CONFLICT-0030,C6_CORRECTIVE_RETRIEVAL,7713321470178,0.000861,,,0.0,0.000861,0.0,7713321469317,0.0
EXT-POLICY_CONFLICT-0034,C6_CORRECTIVE_RETRIEVAL,7713321473163,0.000931,,,0.0,0.000931,0.0,7713321472232,0.0
EXT-POLICY_CONFLICT-0043,C6_CORRECTIVE_RETRIEVAL,7713321486363,0.011002,,,0.0,0.011002,0.0,7713321475361,0.0
EXT-POLICY_CONFLICT-0044,C6_CORRECTIVE_RETRIEVAL,7713321489507,0.000908,,,0.0,0.000908,0.0,7713321488599,0.0
EXT-POLICY_CONFLICT-0055,C6_CORRECTIVE_RETRIEVAL,7713321492442,0.000829,,,0.0,0.000829,0.0,7713321491613,0.0
EXT-POLICY_CONFLICT-0056,C6_CORRECTIVE_RETRIEVAL,7713321495427,0.000927,,,0.0,0.000927,0.0,7713321494500,0.0
EXT-POLICY_CONFLICT-0057,C6_CORRECTIVE_RETRIEVAL,7713321498431,0.000842,,,0.0,0.000842,0.0,7713321497589,0.0
EXT-POLICY_CONFLICT-0060,C6_CORRECTIVE_RETRIEVAL,7713321501414,0.000833,,,0.0,0.000833,0.0,7713321500581,0.0
EXT-POLICY_CONFLICT-0061,C6_CORRECTIVE_RETRIEVAL,7713321504357,0.000841,,,0.0,0.000841,0.0,7713321503516,0.0
EXT-POLICY_CONFLICT-0062,C6_CORRECTIVE_RETRIEVAL,7713321507499,0.000912,,,0.0,0.000912,0.0,7713321506587,0.0
EXT-POLICY_CONFLICT-0065,C6_CORRECTIVE_RETRIEVAL,7713321510406,0.000826,,,0.0,0.000826,0.0,7713321509580,0.0
EXT-POLICY_CONFLICT-0066,C6_CORRECTIVE_RETRIEVAL,7713321513584,0.00083,,,0.0,0.00083,0.0,7713321512754,0.0
EXT-POLICY_CONFLICT-0071,C6_CORRECTIVE_RETRIEVAL,7713321516480,0.000827,,,0.0,0.000827,0.0,7713321515653,0.0
EXT-POLICY_CONFLICT-0073,C6_CORRECTIVE_RETRIEVAL,7713321519448,0.000837,,,0.0,0.000837,0.0,7713321518611,0.0
EXT-POLICY_CONFLICT-0075,C6_CORRECTIVE_RETRIEVAL,7713321522541,0.000893,,,0.0,0.000893,0.0,7713321521648,0.0
EXT-POLICY_CONFLICT-0080,C6_CORRECTIVE_RETRIEVAL,7713321525647,0.000899,,,0.0,0.000899,0.0,7713321524748,0.0
EXT-POLICY_CONFLICT-0081,C6_CORRECTIVE_RETRIEVAL,7713321528844,0.001096,,,0.0,0.001096,0.0,7713321527748,0.0
EXT-POLICY_CONFLICT-0086,C6_CORRECTIVE_RETRIEVAL,7713321531888,0.000951,,,0.0,0.000951,0.0,7713321530937,0.0
EXT-POLICY_CONFLICT-0091,C6_CORRECTIVE_RETRIEVAL,7713321534938,0.000978,,,0.0,0.000978,0.0,7713321533960,0.0
EXT-POLICY_CONFLICT-0094,C6_CORRECTIVE_RETRIEVAL,7713321538031,0.000936,,,0.0,0.000936,0.0,7713321537095,0.0
EXT-POLICY_CONFLICT-0095,C6_CORRECTIVE_RETRIEVAL,7713321541174,0.001058,,,0.0,0.001058,0.0,7713321540116,0.0
EXT-POLICY_CONFLICT-0098,C6_CORRECTIVE_RETRIEVAL,7713321544191,0.000961,,,0.0,0.000961,0.0,7713321543230,0.0
EXT-POLICY_CONFLICT-0099,C6_CORRECTIVE_RETRIEVAL,7713321547361,0.000981,,,0.0,0.000981,0.0,7713321546380,0.0
EXT-POLICY_CONFLICT-0100,C6_CORRECTIVE_RETRIEVAL,7713321550684,0.00116,,,0.0,0.00116,0.0,7713321549524,0.0
SEC3B-000-EN,C6_CORRECTIVE_RETRIEVAL,7728782595676,15257.886481000001,batch-000000,4,15257.747133,0.0,0.033818,7713524848543,0.10553
SEC3B-000-KO,C6_CORRECTIVE_RETRIEVAL,7728782595676,15257.785535,batch-000000,4,15257.747133,0.0,0.018394,7713524848543,0.020008
SEC3B-001-KO,C6_CORRECTIVE_RETRIEVAL,7728782595676,15257.782003,batch-000000,4,15257.747133,0.0,0.015528,7713524848543,0.019342
SEC3B-002-EN,C6_CORRECTIVE_RETRIEVAL,7728782595676,15257.782604,batch-000000,4,15257.747133,0.0,0.015603,7713524848543,0.019868
SEC3B-005-EN,C6_CORRECTIVE_RETRIEVAL,7744265464506,15482.660124,batch-000000,4,15482.624924,0.0,0.015116,7728782839582,0.020084
SEC3B-005-KO,C6_CORRECTIVE_RETRIEVAL,7744265464506,15482.659784,batch-000000,4,15482.624924,0.0,0.014666,7728782839582,0.020194
SEC3B-009-KO,C6_CORRECTIVE_RETRIEVAL,7744265464506,15482.65045,batch-000000,4,15482.624924,0.0,0.014162,7728782839582,0.011364
SEC3B-010-EN,C6_CORRECTIVE_RETRIEVAL,7744265464506,15482.650368,batch-000000,4,15482.624924,0.0,0.014448,7728782839582,0.010996
SEC3B-012-EN,C6_CORRECTIVE_RETRIEVAL,7759933179628,15505.462861000002,batch-000001,4,15505.437909,0.0,0.014279,7744427741719,0.010673
SEC3B-012-KO,C6_CORRECTIVE_RETRIEVAL,7759933179628,15505.462769,batch-000001,4,15505.437909,0.0,0.014712,7744427741719,0.010148
SEC3B-013-EN,C6_CORRECTIVE_RETRIEVAL,7759933179628,15505.461873,batch-000001,4,15505.437909,0.0,0.013775,7744427741719,0.010189
SEC3B-014-KO,C6_CORRECTIVE_RETRIEVAL,7759933179628,15505.469174,batch-000001,4,15505.437909,0.0,0.014331,7744427741719,0.016934
SEC3B-015-EN,C6_CORRECTIVE_RETRIEVAL,7775380006493,15446.659473,batch-000001,4,15446.625919,0.0,0.013801,7759933380574,0.019753
SEC3B-016-EN,C6_CORRECTIVE_RETRIEVAL,7775380006493,15446.651659000001,batch-000001,4,15446.625919,0.0,0.014052,7759933380574,0.011688
SEC3B-016-KO,C6_CORRECTIVE_RETRIEVAL,7775380006493,15446.649845,batch-000001,4,15446.625919,0.0,0.013749,7759933380574,0.010177
SEC3B-018-EN,C6_CORRECTIVE_RETRIEVAL,7775380006493,15446.650090000001,batch-000001,4,15446.625919,0.0,0.013922,7759933380574,0.010249
SEC3B-020-EN,C6_CORRECTIVE_RETRIEVAL,7791158391248,15648.562949,batch-000002,4,15648.538605,0.0,0.013926,7775509852643,0.010418
SEC3B-020-KO,C6_CORRECTIVE_RETRIEVAL,7791158391248,15648.562235,batch-000002,4,15648.538605,0.0,0.013816,7775509852643,0.009814
SEC3B-021-KO,C6_CORRECTIVE_RETRIEVAL,7791158391248,15648.563341,batch-000002,4,15648.538605,0.0,0.014034,7775509852643,0.010702
SEC3B-023-EN,C6_CORRECTIVE_RETRIEVAL,7791158391248,15648.561704,batch-000002,4,15648.538605,0.0,0.013426,7775509852643,0.009673
SEC3B-025-EN,C6_CORRECTIVE_RETRIEVAL,7806758622498,15600.072343999998,batch-000002,4,15600.048796,0.0,0.0137,7791158573702,0.009848
SEC3B-025-KO,C6_CORRECTIVE_RETRIEVAL,7806758622498,15600.072638,batch-000002,4,15600.048796,0.0,0.013714,7791158573702,0.010128
SEC3B-026-EN,C6_CORRECTIVE_RETRIEVAL,7806758622498,15600.072247999999,batch-000002,4,15600.048796,0.0,0.013417,7791158573702,0.010035
SEC3B-028-KO,C6_CORRECTIVE_RETRIEVAL,7806758622498,15600.088122,batch-000002,4,15600.048796,0.0,0.015776,7791158573702,0.02355
SEC3B-030-EN,C6_CORRECTIVE_RETRIEVAL,7822250006874,15357.458658000001,batch-000003,4,15357.435002,0.0,0.013536,7806892571872,0.01012
SEC3B-030-KO,C6_CORRECTIVE_RETRIEVAL,7822250006874,15357.458616,batch-000003,4,15357.435002,0.0,0.013826,7806892571872,0.009788
SEC3B-031-EN,C6_CORRECTIVE_RETRIEVAL,7822250006874,15357.458197,batch-000003,4,15357.435002,0.0,0.013405,7806892571872,0.00979
SEC3B-032-EN,C6_CORRECTIVE_RETRIEVAL,7822250006874,15357.457942,batch-000003,4,15357.435002,0.0,0.013355,7806892571872,0.009585
SEC3B-032-KO,C6_CORRECTIVE_RETRIEVAL,7837835645169,15585.421557999998,batch-000003,4,15585.398206,0.0,0.013812,7822250246963,0.00954
SEC3B-034-EN,C6_CORRECTIVE_RETRIEVAL,7837835645169,15585.432342,batch-000003,4,15585.398206,0.0,0.016432,7822250246963,0.017704
SEC3B-037-KO,C6_CORRECTIVE_RETRIEVAL,7837835645169,15585.431360999999,batch-000003,4,15585.398206,0.0,0.014012,7822250246963,0.019143
SEC3B-038-KO,C6_CORRECTIVE_RETRIEVAL,7837835645169,15585.42932,batch-000003,4,15585.398206,0.0,0.014586,7822250246963,0.016528
SEC3B-039-EN,C6_CORRECTIVE_RETRIEVAL,7853686973714,15728.174910000002,batch-000004,4,15728.145103,0.0,0.014257,7837958828611,0.01555
SEC3B-040-KO,C6_CORRECTIVE_RETRIEVAL,7853686973714,15728.170185,batch-000004,4,15728.145103,0.0,0.014266,7837958828611,0.010816
SEC3B-043-EN,C6_CORRECTIVE_RETRIEVAL,7853686973714,15728.169828,batch-000004,4,15728.145103,0.0,0.014146,7837958828611,0.010579
SEC3B-043-KO,C6_CORRECTIVE_RETRIEVAL,7853686973714,15728.169672,batch-000004,4,15728.145103,0.0,0.014167,7837958828611,0.010402
SEC3B-044-KO,C6_CORRECTIVE_RETRIEVAL,7869304116058,15616.955084,batch-000004,4,15616.931101,0.0,0.013851,7853687184957,0.010132
SEC3B-045-EN,C6_CORRECTIVE_RETRIEVAL,7869304116058,15616.955248,batch-000004,4,15616.931101,0.0,0.013798,7853687184957,0.010349
SEC3B-048-KO,C6_CORRECTIVE_RETRIEVAL,7869304116058,15616.98551,batch-000004,4,15616.931101,0.0,0.014005,7853687184957,0.040404
SEC3B-050-EN,C6_CORRECTIVE_RETRIEVAL,7869304116058,15616.955844,batch-000004,4,15616.931101,0.0,0.014002,7853687184957,0.010741
SEC3B-051-KO,C6_CORRECTIVE_RETRIEVAL,7885110035339,15671.272427,batch-000005,4,15671.247632,0.0,0.01427,7869438787707,0.010525
SEC3B-052-EN,C6_CORRECTIVE_RETRIEVAL,7885110035339,15671.284457000002,batch-000005,4,15671.247632,0.0,0.013998,7869438787707,0.022827
SEC3B-053-EN,C6_CORRECTIVE_RETRIEVAL,7885110035339,15671.276725000002,batch-000005,4,15671.247632,0.0,0.013703,7869438787707,0.01539
SEC3B-054-KO,C6_CORRECTIVE_RETRIEVAL,7885110035339,15671.46221,batch-000005,4,15671.247632,0.0,0.016654,7869438787707,0.197924
SEC3B-059-EN,C6_CORRECTIVE_RETRIEVAL,7900610286241,15500.100509,batch-000005,4,15500.069511,0.0,0.014146,7885110216730,0.016852
SEC3B-060-EN,C6_CORRECTIVE_RETRIEVAL,7900610286241,15500.102449,batch-000005,4,15500.069511,0.0,0.013599,7885110216730,0.019339
SEC3B-061-EN,C6_CORRECTIVE_RETRIEVAL,7900610286241,15500.095101,batch-000005,4,15500.069511,0.0,0.013267,7885110216730,0.012323
SEC3B-069-KO,C6_CORRECTIVE_RETRIEVAL,7900610286241,15500.094817000001,batch-000005,4,15500.069511,0.0,0.013994,7885110216730,0.011312
SEC3B-071-EN,C6_CORRECTIVE_RETRIEVAL,7916451285167,15709.705608000002,batch-000006,4,15709.673817,0.0,0.013649,7900741611350,0.018142
SEC3B-072-EN,C6_CORRECTIVE_RETRIEVAL,7916451285167,15709.699428000002,batch-000006,4,15709.673817,0.0,0.013649,7900741611350,0.011962
SEC3B-073-KO,C6_CORRECTIVE_RETRIEVAL,7916451285167,15709.699947000001,batch-000006,4,15709.673817,0.0,0.014379,7900741611350,0.011751
SEC3B-076-EN,C6_CORRECTIVE_RETRIEVAL,7916451285167,15709.697299000001,batch-000006,4,15709.673817,0.0,0.013677,7900741611350,0.009805
SEC3B-077-EN,C6_CORRECTIVE_RETRIEVAL,7931952562581,15501.102699000001,batch-000006,4,15501.078288,0.0,0.01372,7916451484293,0.010691
SEC3B-078-EN,C6_CORRECTIVE_RETRIEVAL,7931952562581,15501.101576000001,batch-000006,4,15501.078288,0.0,0.013444,7916451484293,0.009844
SEC3B-081-KO,C6_CORRECTIVE_RETRIEVAL,7931952562581,15501.102367000001,batch-000006,4,15501.078288,0.0,0.014112,7916451484293,0.009967
SEC3B-082-EN,C6_CORRECTIVE_RETRIEVAL,7931952562581,15501.102235,batch-000006,4,15501.078288,0.0,0.013782,7916451484293,0.010165
SEC3B-084-EN,C6_CORRECTIVE_RETRIEVAL,7947795340955,15714.11404,batch-000007,4,15714.090654,0.0,0.013266,7932081250301,0.01012
SEC3B-086-KO,C6_CORRECTIVE_RETRIEVAL,7947795340955,15714.115201,batch-000007,4,15714.090654,0.0,0.014535,7932081250301,0.010012
SEC3B-087-KO,C6_CORRECTIVE_RETRIEVAL,7947795340955,15714.184064,batch-000007,4,15714.090654,0.0,0.083123,7932081250301,0.010287
SEC3B-088-EN,C6_CORRECTIVE_RETRIEVAL,7947795340955,15714.131758999998,batch-000007,4,15714.090654,0.0,0.031221,7932081250301,0.009884
SEC3B-089-EN,C6_CORRECTIVE_RETRIEVAL,7963147088509,15351.57787,batch-000007,4,15351.550772,0.0,0.017192,7947795537737,0.009906
SEC3B-090-EN,C6_CORRECTIVE_RETRIEVAL,7963147088509,15351.57742,batch-000007,4,15351.550772,0.0,0.016622,7947795537737,0.010026
SEC3B-090-KO,C6_CORRECTIVE_RETRIEVAL,7963147088509,15351.574900000001,batch-000007,4,15351.550772,0.0,0.014573,7947795537737,0.009555
SEC3B-093-EN,C6_CORRECTIVE_RETRIEVAL,7963147088509,15351.576858,batch-000007,4,15351.550772,0.0,0.015995,7947795537737,0.010091
SEC3B-093-KO,C6_CORRECTIVE_RETRIEVAL,7978624328279,15347.858052000001,batch-000008,4,15347.833124,0.0,0.014964,7963276495155,0.009964
SEC3B-099-KO,C6_CORRECTIVE_RETRIEVAL,7978624328279,15347.857914,batch-000008,4,15347.833124,0.0,0.014718,7963276495155,0.010072
V2C-0004,C6_CORRECTIVE_RETRIEVAL,7978624328279,15347.85227,batch-000008,4,15347.833124,0.0,0.006741,7963276495155,0.012405
V2C-0010,C6_CORRECTIVE_RETRIEVAL,7978624328279,15347.849681000002,batch-000008,4,15347.833124,0.0,0.006212,7963276495155,0.010345
V2C-0016,C6_CORRECTIVE_RETRIEVAL,7989748541532,11124.0406,batch-000008,4,11124.019022,0.0,0.005524,7978624522510,0.016054
V2C-0018,C6_CORRECTIVE_RETRIEVAL,7989748541532,11124.029353,batch-000008,4,11124.019022,0.0,0.005411,7978624522510,0.00492
V2C-0020,C6_CORRECTIVE_RETRIEVAL,7989748541532,11124.034184,batch-000008,4,11124.019022,0.0,0.005427,7978624522510,0.009735
V2C-0026,C6_CORRECTIVE_RETRIEVAL,7989748541532,11124.034165000001,batch-000008,4,11124.019022,0.0,0.005362,7978624522510,0.009781
V2C-0027,C6_CORRECTIVE_RETRIEVAL,8002183782546,12434.699567,batch-000009,8,12434.687973,0.0,0.005787,7989749094573,0.005807
V2C-0030,C6_CORRECTIVE_RETRIEVAL,8002183782546,12434.69881,batch-000009,8,12434.687973,0.0,0.006294,7989749094573,0.004543
V2C-0032,C6_CORRECTIVE_RETRIEVAL,8002183782546,12434.705377,batch-000009,8,12434.687973,0.0,0.005812,7989749094573,0.011592
V2C-0034,C6_CORRECTIVE_RETRIEVAL,8002183782546,12434.698096999999,batch-000009,8,12434.687973,0.0,0.00557,7989749094573,0.004554
V2C-0048,C6_CORRECTIVE_RETRIEVAL,8002183782546,12434.697523,batch-000009,8,12434.687973,0.0,0.005418,7989749094573,0.004132
V2C-0056,C6_CORRECTIVE_RETRIEVAL,8002183782546,12434.702624000001,batch-000009,8,12434.687973,0.0,0.005494,7989749094573,0.009157
V2C-0061,C6_CORRECTIVE_RETRIEVAL,8002183782546,12434.697729000001,batch-000009,8,12434.687973,0.0,0.005429,7989749094573,0.004327
V2C-0066,C6_CORRECTIVE_RETRIEVAL,8002183782546,12434.705063,batch-000009,8,12434.687973,0.0,0.005694,7989749094573,0.011396
V2C-0072,C6_CORRECTIVE_RETRIEVAL,8014616475449,12432.461635000001,batch-000010,8,12432.441412,0.0,0.005472,8002184034037,0.014751
V2C-0078,C6_CORRECTIVE_RETRIEVAL,8014616475449,12432.451541,batch-000010,8,12432.441412,0.0,0.005275,8002184034037,0.004854
V2C-0084,C6_CORRECTIVE_RETRIEVAL,8014616475449,12432.461928,batch-000010,8,12432.441412,0.0,0.005181,8002184034037,0.015335
V2C-0087,C6_CORRECTIVE_RETRIEVAL,8014616475449,12432.45538,batch-000010,8,12432.441412,0.0,0.005309,8002184034037,0.008659
V2C-0116,C6_CORRECTIVE_RETRIEVAL,8014616475449,12432.452243000002,batch-000010,8,12432.441412,0.0,0.005337,8002184034037,0.005494
V2C-0127,C6_CORRECTIVE_RETRIEVAL,8014616475449,12432.451057,batch-000010,8,12432.441412,0.0,0.005361,8002184034037,0.004284
V2C-0128,C6_CORRECTIVE_RETRIEVAL,8014616475449,12432.450879,batch-000010,8,12432.441412,0.0,0.005251,8002184034037,0.004216
V2C-0137,C6_CORRECTIVE_RETRIEVAL,8014616475449,12432.451195,batch-000010,8,12432.441412,0.0,0.005485,8002184034037,0.004298
V2C-0148,C6_CORRECTIVE_RETRIEVAL,8023787946864,9171.250382,batch-000011,8,9171.240926,0.0,0.005197,8014616705938,0.004259
V2C-0156,C6_CORRECTIVE_RETRIEVAL,8023787946864,9171.250176,batch-000011,8,9171.240926,0.0,0.00519,8014616705938,0.00406
V2C-0172,C6_CORRECTIVE_RETRIEVAL,8023787946864,9171.25029,batch-000011,8,9171.240926,0.0,0.00511,8014616705938,0.004254
V2C-0176,C6_CORRECTIVE_RETRIEVAL,8023787946864,9171.250293000001,batch-000011,8,9171.240926,0.0,0.005163,8014616705938,0.004204
V2C-0181,C6_CORRECTIVE_RETRIEVAL,8023787946864,9171.250319,batch-000011,8,9171.240926,0.0,0.005337,8014616705938,0.004056
V2C-0184,C6_CORRECTIVE_RETRIEVAL,8023787946864,9171.250311000002,batch-000011,8,9171.240926,0.0,0.005353,8014616705938,0.004032
V2C-0197,C6_CORRECTIVE_RETRIEVAL,8023787946864,9171.250383,batch-000011,8,9171.240926,0.0,0.005297,8014616705938,0.00416
V2C-0201,C6_CORRECTIVE_RETRIEVAL,8023787946864,9171.250578000001,batch-000011,8,9171.240926,0.0,0.005433,8014616705938,0.004219
V2C-0202,C6_CORRECTIVE_RETRIEVAL,8033081516308,9293.299724999999,batch-000012,8,9293.290442,0.0,0.00529,8023788225866,0.003993
V2C-0207,C6_CORRECTIVE_RETRIEVAL,8033081516308,9293.300157999998,batch-000012,8,9293.290442,0.0,0.005349,8023788225866,0.004367
V2C-0210,C6_CORRECTIVE_RETRIEVAL,8033081516308,9293.299889999998,batch-000012,8,9293.290442,0.0,0.00527,8023788225866,0.004178
V2C-0219,C6_CORRECTIVE_RETRIEVAL,8033081516308,9293.30022,batch-000012,8,9293.290442,0.0,0.005508,8023788225866,0.00427
V2C-0221,C6_CORRECTIVE_RETRIEVAL,8033081516308,9293.299371,batch-000012,8,9293.290442,0.0,0.005052,8023788225866,0.003877
V2C-0223,C6_CORRECTIVE_RETRIEVAL,8033081516308,9293.299477999999,batch-000012,8,9293.290442,0.0,0.005002,8023788225866,0.004034
V2C-0229,C6_CORRECTIVE_RETRIEVAL,8033081516308,9293.29954,batch-000012,8,9293.290442,0.0,0.005126,8023788225866,0.003972
V2C-0263,C6_CORRECTIVE_RETRIEVAL,8033081516308,9293.299524,batch-000012,8,9293.290442,0.0,0.005123,8023788225866,0.003959
V2C-0265,C6_CORRECTIVE_RETRIEVAL,8045543852887,12462.065410000001,batch-000013,8,12462.055856,0.0,0.005302,8033081797031,0.004252
V2C-0274,C6_CORRECTIVE_RETRIEVAL,8045543852887,12462.065095,batch-000013,8,12462.055856,0.0,0.005238,8033081797031,0.004001
V2C-0276,C6_CORRECTIVE_RETRIEVAL,8045543852887,12462.064991000001,batch-000013,8,12462.055856,0.0,0.005206,8033081797031,0.003929
V2C-0297,C6_CORRECTIVE_RETRIEVAL,8045543852887,12462.065222000001,batch-000013,8,12462.055856,0.0,0.005493,8033081797031,0.003873
V2C-0298,C6_CORRECTIVE_RETRIEVAL,8045543852887,12462.065758,batch-000013,8,12462.055856,0.0,0.005758,8033081797031,0.004144
V2C-0300,C6_CORRECTIVE_RETRIEVAL,8045543852887,12462.072159000001,batch-000013,8,12462.055856,0.0,0.005595,8033081797031,0.010708
V2C-0328,C6_CORRECTIVE_RETRIEVAL,8045543852887,12462.065287,batch-000013,8,12462.055856,0.0,0.005285,8033081797031,0.004146
V2C-0342,C6_CORRECTIVE_RETRIEVAL,8045543852887,12462.065351,batch-000013,8,12462.055856,0.0,0.005532,8033081797031,0.003963
V2C-0348,C6_CORRECTIVE_RETRIEVAL,8054910689198,9366.603896999999,batch-000014,8,9366.593423,0.0,0.005447,8045544095775,0.005027
V2C-0351,C6_CORRECTIVE_RETRIEVAL,8054910689198,9366.602841,batch-000014,8,9366.593423,0.0,0.005466,8045544095775,0.003952
V2C-0354,C6_CORRECTIVE_RETRIEVAL,8054910689198,9366.602767,batch-000014,8,9366.593423,0.0,0.005321,8045544095775,0.004023
V2C-0357,C6_CORRECTIVE_RETRIEVAL,8054910689198,9366.602864,batch-000014,8,9366.593423,0.0,0.005366,8045544095775,0.004075
V2C-0360,C6_CORRECTIVE_RETRIEVAL,8054910689198,9366.602711000001,batch-000014,8,9366.593423,0.0,0.005347,8045544095775,0.003941
V2C-0365,C6_CORRECTIVE_RETRIEVAL,8054910689198,9366.602324,batch-000014,8,9366.593423,0.0,0.00504,8045544095775,0.003861
V2C-0369,C6_CORRECTIVE_RETRIEVAL,8054910689198,9366.602629,batch-000014,8,9366.593423,0.0,0.005277,8045544095775,0.003929
V2C-0370,C6_CORRECTIVE_RETRIEVAL,8054910689198,9366.602761,batch-000014,8,9366.593423,0.0,0.005364,8045544095775,0.003974
V2C-0374,C6_CORRECTIVE_RETRIEVAL,8067393364989,12482.442672,batch-000015,8,12482.433353,0.0,0.005414,8054910931636,0.003905
V2C-0380,C6_CORRECTIVE_RETRIEVAL,8067393364989,12482.454171000001,batch-000015,8,12482.433353,0.0,0.005073,8054910931636,0.015745
V2C-0384,C6_CORRECTIVE_RETRIEVAL,8067393364989,12482.44924,batch-000015,8,12482.433353,0.0,0.010957,8054910931636,0.00493
V2C-0396,C6_CORRECTIVE_RETRIEVAL,8067393364989,12482.442987,batch-000015,8,12482.433353,0.0,0.00536,8054910931636,0.004274
V2C-0399,C6_CORRECTIVE_RETRIEVAL,8067393364989,12482.443406,batch-000015,8,12482.433353,0.0,0.00596,8054910931636,0.004093
V2C-0400,C6_CORRECTIVE_RETRIEVAL,8067393364989,12482.447557,batch-000015,8,12482.433353,0.0,0.005491,8054910931636,0.008713
V2C-0401,C6_CORRECTIVE_RETRIEVAL,8067393364989,12482.442514999999,batch-000015,8,12482.433353,0.0,0.005344,8054910931636,0.003818
V2C-0403,C6_CORRECTIVE_RETRIEVAL,8067393364989,12482.443312,batch-000015,8,12482.433353,0.0,0.005623,8054910931636,0.004336
V2C-0409,C6_CORRECTIVE_RETRIEVAL,8076917178894,9523.565177,batch-000016,8,9523.555822,0.0,0.005381,8067393623072,0.003974
V2C-0415,C6_CORRECTIVE_RETRIEVAL,8076917178894,9523.565196,batch-000016,8,9523.555822,0.0,0.005222,8067393623072,0.004152
V2C-0418,C6_CORRECTIVE_RETRIEVAL,8076917178894,9523.564697,batch-000016,8,9523.555822,0.0,0.005121,8067393623072,0.003754
V2C-0424,C6_CORRECTIVE_RETRIEVAL,8076917178894,9523.564746,batch-000016,8,9523.555822,0.0,0.005103,8067393623072,0.003821
V2C-0427,C6_CORRECTIVE_RETRIEVAL,8076917178894,9523.564656,batch-000016,8,9523.555822,0.0,0.00504,8067393623072,0.003794
V2C-0430,C6_CORRECTIVE_RETRIEVAL,8076917178894,9523.565123,batch-000016,8,9523.555822,0.0,0.005439,8067393623072,0.003862
V2C-0431,C6_CORRECTIVE_RETRIEVAL,8076917178894,9523.565261000002,batch-000016,8,9523.555822,0.0,0.005569,8067393623072,0.00387
V2C-0458,C6_CORRECTIVE_RETRIEVAL,8076917178894,9523.564943,batch-000016,8,9523.555822,0.0,0.00522,8067393623072,0.003901
V2C-0462,C6_CORRECTIVE_RETRIEVAL,8086356679347,9439.238971,batch-000017,8,9439.190172,0.0,0.04498,8076917489175,0.003819
V2C-0478,C6_CORRECTIVE_RETRIEVAL,8086356679347,9439.199278,batch-000017,8,9439.190172,0.0,0.005291,8076917489175,0.003815
V2C-0487,C6_CORRECTIVE_RETRIEVAL,8086356679347,9439.204616,batch-000017,8,9439.190172,0.0,0.005351,8076917489175,0.009093
V2C-0502,C6_CORRECTIVE_RETRIEVAL,8086356679347,9439.199903,batch-000017,8,9439.190172,0.0,0.005154,8076917489175,0.004577
V2C-0505,C6_CORRECTIVE_RETRIEVAL,8086356679347,9439.199603,batch-000017,8,9439.190172,0.0,0.005436,8076917489175,0.003995
V2C-0512,C6_CORRECTIVE_RETRIEVAL,8086356679347,9439.199373,batch-000017,8,9439.190172,0.0,0.005253,8076917489175,0.003948
V2C-0528,C6_CORRECTIVE_RETRIEVAL,8086356679347,9439.201387000001,batch-000017,8,9439.190172,0.0,0.005254,8076917489175,0.005961
V2C-0530,C6_CORRECTIVE_RETRIEVAL,8086356679347,9439.199054,batch-000017,8,9439.190172,0.0,0.005081,8076917489175,0.003801
V2C-0532,C6_CORRECTIVE_RETRIEVAL,8098780730511,12423.819010000001,batch-000018,8,12423.809816,0.0,0.005224,8086356920695,0.00397
V2C-0533,C6_CORRECTIVE_RETRIEVAL,8098780730511,12423.819233000002,batch-000018,8,12423.809816,0.0,0.005359,8086356920695,0.004058
V2C-0536,C6_CORRECTIVE_RETRIEVAL,8098780730511,12423.818785000001,batch-000018,8,12423.809816,0.0,0.005083,8086356920695,0.003886
V2C-0560,C6_CORRECTIVE_RETRIEVAL,8098780730511,12423.825334000001,batch-000018,8,12423.809816,0.0,0.004961,8086356920695,0.010557
V2C-0575,C6_CORRECTIVE_RETRIEVAL,8098780730511,12423.818954,batch-000018,8,12423.809816,0.0,0.005199,8086356920695,0.003939
V2C-0589,C6_CORRECTIVE_RETRIEVAL,8098780730511,12423.818869,batch-000018,8,12423.809816,0.0,0.005161,8086356920695,0.003892
V2C-0604,C6_CORRECTIVE_RETRIEVAL,8098780730511,12423.82256,batch-000018,8,12423.809816,0.0,0.005027,8086356920695,0.007717
V2C-0606,C6_CORRECTIVE_RETRIEVAL,8098780730511,12423.819309,batch-000018,8,12423.809816,0.0,0.005314,8086356920695,0.004179
V2C-0611,C6_CORRECTIVE_RETRIEVAL,8108215678374,9434.673141,batch-000019,8,9434.663984,0.0,0.005059,8098781014390,0.004098
V2C-0615,C6_CORRECTIVE_RETRIEVAL,8108215678374,9434.673075,batch-000019,8,9434.663984,0.0,0.005057,8098781014390,0.004034
V2C-0617,C6_CORRECTIVE_RETRIEVAL,8108215678374,9434.673224,batch-000019,8,9434.663984,0.0,0.005325,8098781014390,0.003915
V2C-0621,C6_CORRECTIVE_RETRIEVAL,8108215678374,9434.672809,batch-000019,8,9434.663984,0.0,0.005055,8098781014390,0.00377
V2C-0630,C6_CORRECTIVE_RETRIEVAL,8108215678374,9434.672991000001,batch-000019,8,9434.663984,0.0,0.005074,8098781014390,0.003933
V2C-0632,C6_CORRECTIVE_RETRIEVAL,8108215678374,9434.672707000002,batch-000019,8,9434.663984,0.0,0.005021,8098781014390,0.003702
V2C-0635,C6_CORRECTIVE_RETRIEVAL,8108215678374,9434.673225,batch-000019,8,9434.663984,0.0,0.005323,8098781014390,0.003918
V2C-0653,C6_CORRECTIVE_RETRIEVAL,8108215678374,9434.672816,batch-000019,8,9434.663984,0.0,0.00514,8098781014390,0.003692
V2C-0658,C6_CORRECTIVE_RETRIEVAL,8120717655600,12501.724424000002,batch-000020,8,12501.715662,0.0,0.005068,8108215939938,0.003694
V2C-0670,C6_CORRECTIVE_RETRIEVAL,8120717655600,12501.724577,batch-000020,8,12501.715662,0.0,0.005035,8108215939938,0.00388
V2C-0674,C6_CORRECTIVE_RETRIEVAL,8120717655600,12501.724551000001,batch-000020,8,12501.715662,0.0,0.004983,8108215939938,0.003906
V2C-0681,C6_CORRECTIVE_RETRIEVAL,8120717655600,12501.724745000001,batch-000020,8,12501.715662,0.0,0.005262,8108215939938,0.003821
V2C-0698,C6_CORRECTIVE_RETRIEVAL,8120717655600,12501.724371,batch-000020,8,12501.715662,0.0,0.005051,8108215939938,0.003658
V2C-0700,C6_CORRECTIVE_RETRIEVAL,8120717655600,12501.728136000002,batch-000020,8,12501.715662,0.0,0.00501,8108215939938,0.007464
V2C-0701,C6_CORRECTIVE_RETRIEVAL,8120717655600,12501.724989,batch-000020,8,12501.715662,0.0,0.005125,8108215939938,0.004202
V2C-0708,C6_CORRECTIVE_RETRIEVAL,8120717655600,12501.724444000001,batch-000020,8,12501.715662,0.0,0.00501,8108215939938,0.003772
V2C-0714,C6_CORRECTIVE_RETRIEVAL,8130112094166,9393.858578,batch-000021,8,9393.849965,0.0,0.004928,8120718244201,0.003685
V2C-0717,C6_CORRECTIVE_RETRIEVAL,8130112094166,9393.859015999999,batch-000021,8,9393.849965,0.0,0.005285,8120718244201,0.003766
V2C-0718,C6_CORRECTIVE_RETRIEVAL,8130112094166,9393.858857,batch-000021,8,9393.849965,0.0,0.005098,8120718244201,0.003794
V2C-0722,C6_CORRECTIVE_RETRIEVAL,8130112094166,9393.85867,batch-000021,8,9393.849965,0.0,0.004953,8120718244201,0.003752
V2C-0729,C6_CORRECTIVE_RETRIEVAL,8130112094166,9393.858957,batch-000021,8,9393.849965,0.0,0.005236,8120718244201,0.003756
V2C-0735,C6_CORRECTIVE_RETRIEVAL,8130112094166,9393.85885,batch-000021,8,9393.849965,0.0,0.005139,8120718244201,0.003746
V2C-0738,C6_CORRECTIVE_RETRIEVAL,8130112094166,9393.858594000001,batch-000021,8,9393.849965,0.0,0.004978,8120718244201,0.003651
V2C-0744,C6_CORRECTIVE_RETRIEVAL,8130112094166,9393.858691,batch-000021,8,9393.849965,0.0,0.004992,8120718244201,0.003734
V2C-0745,C6_CORRECTIVE_RETRIEVAL,8139514745171,9402.435646999998,batch-000022,8,9402.426795,0.0,0.005076,8130112318376,0.003776
V2C-0757,C6_CORRECTIVE_RETRIEVAL,8139514745171,9402.435802,batch-000022,8,9402.426795,0.0,0.005031,8130112318376,0.003976
V2C-0761,C6_CORRECTIVE_RETRIEVAL,8139514745171,9402.435472,batch-000022,8,9402.426795,0.0,0.00497,8130112318376,0.003707
V2C-0767,C6_CORRECTIVE_RETRIEVAL,8139514745171,9402.435457,batch-000022,8,9402.426795,0.0,0.004952,8130112318376,0.00371
V2C-0772,C6_CORRECTIVE_RETRIEVAL,8139514745171,9402.435496999999,batch-000022,8,9402.426795,0.0,0.005043,8130112318376,0.003659
V2C-0773,C6_CORRECTIVE_RETRIEVAL,8139514745171,9402.436039,batch-000022,8,9402.426795,0.0,0.005456,8130112318376,0.003788
V2C-0787,C6_CORRECTIVE_RETRIEVAL,8139514745171,9402.435666,batch-000022,8,9402.426795,0.0,0.005029,8130112318376,0.003842
V2C-0790,C6_CORRECTIVE_RETRIEVAL,8139514745171,9402.435844,batch-000022,8,9402.426795,0.0,0.005114,8130112318376,0.003935
V2C-0795,C6_CORRECTIVE_RETRIEVAL,8148862685720,9347.683342,batch-000023,8,9347.674487,0.0,0.005144,8139515011233,0.003711
V2C-0796,C6_CORRECTIVE_RETRIEVAL,8148862685720,9347.683472,batch-000023,8,9347.674487,0.0,0.00524,8139515011233,0.003745
V2C-0797,C6_CORRECTIVE_RETRIEVAL,8148862685720,9347.683148999999,batch-000023,8,9347.674487,0.0,0.004973,8139515011233,0.003689
V2C-0801,C6_CORRECTIVE_RETRIEVAL,8148862685720,9347.683267,batch-000023,8,9347.674487,0.0,0.005053,8139515011233,0.003727
V2C-0803,C6_CORRECTIVE_RETRIEVAL,8148862685720,9347.683248,batch-000023,8,9347.674487,0.0,0.005034,8139515011233,0.003727
V2C-0811,C6_CORRECTIVE_RETRIEVAL,8148862685720,9347.683129,batch-000023,8,9347.674487,0.0,0.004937,8139515011233,0.003705
V2C-0813,C6_CORRECTIVE_RETRIEVAL,8148862685720,9347.68322,batch-000023,8,9347.674487,0.0,0.004988,8139515011233,0.003745
V2C-0815,C6_CORRECTIVE_RETRIEVAL,8148862685720,9347.683262999999,batch-000023,8,9347.674487,0.0,0.005065,8139515011233,0.003711
V2C-0827,C6_CORRECTIVE_RETRIEVAL,8158248244317,9385.310498,batch-000024,8,9385.301448,0.0,0.00518,8148862942869,0.00387
V2C-0835,C6_CORRECTIVE_RETRIEVAL,8158248244317,9385.310610999999,batch-000024,8,9385.301448,0.0,0.005184,8148862942869,0.003979
V2C-0839,C6_CORRECTIVE_RETRIEVAL,8158248244317,9385.310781,batch-000024,8,9385.301448,0.0,0.005363,8148862942869,0.00397
V2C-0842,C6_CORRECTIVE_RETRIEVAL,8158248244317,9385.310843000001,batch-000024,8,9385.301448,0.0,0.005239,8148862942869,0.004156
V2C-0844,C6_CORRECTIVE_RETRIEVAL,8158248244317,9385.310674999999,batch-000024,8,9385.301448,0.0,0.005199,8148862942869,0.004028
V2C-0847,C6_CORRECTIVE_RETRIEVAL,8158248244317,9385.310342,batch-000024,8,9385.301448,0.0,0.005031,8148862942869,0.003863
V2C-0850,C6_CORRECTIVE_RETRIEVAL,8158248244317,9385.310233,batch-000024,8,9385.301448,0.0,0.00516,8148862942869,0.003625
V2C-0851,C6_CORRECTIVE_RETRIEVAL,8158248244317,9385.310183000001,batch-000024,8,9385.301448,0.0,0.00502,8148862942869,0.003715
V2C-0859,C6_CORRECTIVE_RETRIEVAL,8170711829446,12463.381539,batch-000025,8,12463.316168,0.0,0.005042,8158248513278,0.060329
V2C-0862,C6_CORRECTIVE_RETRIEVAL,8170711829446,12463.329575,batch-000025,8,12463.316168,0.0,0.004991,8158248513278,0.008416
V2C-0863,C6_CORRECTIVE_RETRIEVAL,8170711829446,12463.326649999999,batch-000025,8,12463.316168,0.0,0.004976,8158248513278,0.005506
V2C-0867,C6_CORRECTIVE_RETRIEVAL,8170711829446,12463.325165999999,batch-000025,8,12463.316168,0.0,0.005153,8158248513278,0.003845
V2C-0881,C6_CORRECTIVE_RETRIEVAL,8170711829446,12463.325452,batch-000025,8,12463.316168,0.0,0.005302,8158248513278,0.003982
V2C-0886,C6_CORRECTIVE_RETRIEVAL,8170711829446,12463.325235999999,batch-000025,8,12463.316168,0.0,0.005086,8158248513278,0.003982
V2C-0900,C6_CORRECTIVE_RETRIEVAL,8170711829446,12463.33223,batch-000025,8,12463.316168,0.0,0.005126,8158248513278,0.010936
V2C-0901,C6_CORRECTIVE_RETRIEVAL,8170711829446,12463.330997,batch-000025,8,12463.316168,0.0,0.005199,8158248513278,0.00963
V2C-0902,C6_CORRECTIVE_RETRIEVAL,8180100799467,9388.732559,batch-000026,8,9388.722167,0.0,0.005074,8170712077300,0.005318
V2C-0903,C6_CORRECTIVE_RETRIEVAL,8180100799467,9388.731410999999,batch-000026,8,9388.722167,0.0,0.005098,8170712077300,0.004146
V2C-0904,C6_CORRECTIVE_RETRIEVAL,8180100799467,9388.73118,batch-000026,8,9388.722167,0.0,0.005056,8170712077300,0.003957
V2C-0907,C6_CORRECTIVE_RETRIEVAL,8180100799467,9388.730911,batch-000026,8,9388.722167,0.0,0.004864,8170712077300,0.00388
V2C-0908,C6_CORRECTIVE_RETRIEVAL,8180100799467,9388.731247,batch-000026,8,9388.722167,0.0,0.005335,8170712077300,0.003745
V2C-0909,C6_CORRECTIVE_RETRIEVAL,8180100799467,9388.731197000001,batch-000026,8,9388.722167,0.0,0.005198,8170712077300,0.003832
V2C-0911,C6_CORRECTIVE_RETRIEVAL,8180100799467,9388.731061999999,batch-000026,8,9388.722167,0.0,0.005136,8170712077300,0.003759
V2C-0912,C6_CORRECTIVE_RETRIEVAL,8180100799467,9388.730979,batch-000026,8,9388.722167,0.0,0.005103,8170712077300,0.003709
V2C-0913,C6_CORRECTIVE_RETRIEVAL,8189645081243,9543.956862,batch-000027,8,9543.947357,0.0,0.005292,8180101133886,0.004213
V2C-0914,C6_CORRECTIVE_RETRIEVAL,8189645081243,9543.956255,batch-000027,8,9543.947357,0.0,0.005187,8180101133886,0.003711
V2C-0915,C6_CORRECTIVE_RETRIEVAL,8189645081243,9543.956505,batch-000027,8,9543.947357,0.0,0.005417,8180101133886,0.003731
V2C-0916,C6_CORRECTIVE_RETRIEVAL,8189645081243,9543.956542999998,batch-000027,8,9543.947357,0.0,0.005383,8180101133886,0.003803
V2C-0917,C6_CORRECTIVE_RETRIEVAL,8189645081243,9543.956227,batch-000027,8,9543.947357,0.0,0.005139,8180101133886,0.003731
V2C-0918,C6_CORRECTIVE_RETRIEVAL,8189645081243,9543.956214999998,batch-000027,8,9543.947357,0.0,0.005131,8180101133886,0.003727
V2C-0919,C6_CORRECTIVE_RETRIEVAL,8189645081243,9543.956293,batch-000027,8,9543.947357,0.0,0.005065,8180101133886,0.003871
V2C-0921,C6_CORRECTIVE_RETRIEVAL,8189645081243,9543.956259999999,batch-000027,8,9543.947357,0.0,0.005125,8180101133886,0.003778
V2C-0922,C6_CORRECTIVE_RETRIEVAL,8199084704822,9439.401514000001,batch-000028,8,9439.39235,0.0,0.005311,8189645312472,0.003853
V2C-0923,C6_CORRECTIVE_RETRIEVAL,8199084704822,9439.4013,batch-000028,8,9439.39235,0.0,0.005244,8189645312472,0.003706
V2C-0925,C6_CORRECTIVE_RETRIEVAL,8199084704822,9439.401213000001,batch-000028,8,9439.39235,0.0,0.005154,8189645312472,0.003709
V2C-0926,C6_CORRECTIVE_RETRIEVAL,8199084704822,9439.401273,batch-000028,8,9439.39235,0.0,0.005119,8189645312472,0.003804
V2C-0927,C6_CORRECTIVE_RETRIEVAL,8199084704822,9439.401066,batch-000028,8,9439.39235,0.0,0.004945,8189645312472,0.003771
V2C-0928,C6_CORRECTIVE_RETRIEVAL,8199084704822,9439.401179999999,batch-000028,8,9439.39235,0.0,0.00513,8189645312472,0.0037
V2C-0929,C6_CORRECTIVE_RETRIEVAL,8199084704822,9439.402823,batch-000028,8,9439.39235,0.0,0.006778,8189645312472,0.003695
V2C-0930,C6_CORRECTIVE_RETRIEVAL,8199084704822,9439.401,batch-000028,8,9439.39235,0.0,0.00497,8189645312472,0.00368
V2C-0931,C6_CORRECTIVE_RETRIEVAL,8208633496038,9548.479394,batch-000029,8,9548.470554,0.0,0.004951,8199085025484,0.003889
V2C-0932,C6_CORRECTIVE_RETRIEVAL,8208633496038,9548.479382,batch-000029,8,9548.470554,0.0,0.005116,8199085025484,0.003712
V2C-0935,C6_CORRECTIVE_RETRIEVAL,8208633496038,9548.47948,batch-000029,8,9548.470554,0.0,0.005251,8199085025484,0.003675
V2C-0936,C6_CORRECTIVE_RETRIEVAL,8208633496038,9548.479973,batch-000029,8,9548.470554,0.0,0.005233,8199085025484,0.004186
V2C-0937,C6_CORRECTIVE_RETRIEVAL,8208633496038,9548.47934,batch-000029,8,9548.470554,0.0,0.005077,8199085025484,0.003709
V2C-0938,C6_CORRECTIVE_RETRIEVAL,8208633496038,9548.479441,batch-000029,8,9548.470554,0.0,0.005109,8199085025484,0.003778
V2C-0940,C6_CORRECTIVE_RETRIEVAL,8208633496038,9548.479644,batch-000029,8,9548.470554,0.0,0.005157,8199085025484,0.003933
V2C-0941,C6_CORRECTIVE_RETRIEVAL,8208633496038,9548.479503999999,batch-000029,8,9548.470554,0.0,0.005216,8199085025484,0.003734
V2C-0942,C6_CORRECTIVE_RETRIEVAL,8218004373865,9370.610156,batch-000030,8,9370.601375,0.0,0.005068,8208633772490,0.003713
V2C-0944,C6_CORRECTIVE_RETRIEVAL,8218004373865,9370.610123,batch-000030,8,9370.601375,0.0,0.005062,8208633772490,0.003686
V2C-0945,C6_CORRECTIVE_RETRIEVAL,8218004373865,9370.610284,batch-000030,8,9370.601375,0.0,0.00515,8208633772490,0.003759
V2C-0947,C6_CORRECTIVE_RETRIEVAL,8218004373865,9370.610251,batch-000030,8,9370.601375,0.0,0.005075,8208633772490,0.003801
V2C-0949,C6_CORRECTIVE_RETRIEVAL,8218004373865,9370.610363,batch-000030,8,9370.601375,0.0,0.005161,8208633772490,0.003827
V2C-0950,C6_CORRECTIVE_RETRIEVAL,8218004373865,9370.610113,batch-000030,8,9370.601375,0.0,0.004994,8208633772490,0.003744
V2C-0953,C6_CORRECTIVE_RETRIEVAL,8218004373865,9370.609988,batch-000030,8,9370.601375,0.0,0.004939,8208633772490,0.003674
V2C-0954,C6_CORRECTIVE_RETRIEVAL,8218004373865,9370.610401,batch-000030,8,9370.601375,0.0,0.00519,8208633772490,0.003836
V2C-0955,C6_CORRECTIVE_RETRIEVAL,8227372175836,9367.577908000001,batch-000031,8,9367.569353,0.0,0.004913,8218004606483,0.003642
V2C-0957,C6_CORRECTIVE_RETRIEVAL,8227372175836,9367.578342,batch-000031,8,9367.569353,0.0,0.005194,8218004606483,0.003795
V2C-0958,C6_CORRECTIVE_RETRIEVAL,8227372175836,9367.578191,batch-000031,8,9367.569353,0.0,0.005077,8218004606483,0.003761
V2C-0960,C6_CORRECTIVE_RETRIEVAL,8227372175836,9367.578295,batch-000031,8,9367.569353,0.0,0.005118,8218004606483,0.003824
V2C-0961,C6_CORRECTIVE_RETRIEVAL,8227372175836,9367.578671000001,batch-000031,8,9367.569353,0.0,0.005486,8218004606483,0.003832
V2C-0965,C6_CORRECTIVE_RETRIEVAL,8227372175836,9367.5784,batch-000031,8,9367.569353,0.0,0.005361,8218004606483,0.003686
V2C-0966,C6_CORRECTIVE_RETRIEVAL,8227372175836,9367.578528000002,batch-000031,8,9367.569353,0.0,0.005477,8218004606483,0.003698
V2C-0969,C6_CORRECTIVE_RETRIEVAL,8227372175836,9367.578294,batch-000031,8,9367.569353,0.0,0.005154,8218004606483,0.003787
V2C-0970,C6_CORRECTIVE_RETRIEVAL,8236746250251,9373.828617,batch-000032,8,9373.814015,0.0,0.005016,8227372436236,0.009586
V2C-0972,C6_CORRECTIVE_RETRIEVAL,8236746250251,9373.824163,batch-000032,8,9373.814015,0.0,0.005258,8227372436236,0.00489
V2C-0973,C6_CORRECTIVE_RETRIEVAL,8236746250251,9373.823303,batch-000032,8,9373.814015,0.0,0.005115,8227372436236,0.004173
V2C-0974,C6_CORRECTIVE_RETRIEVAL,8236746250251,9373.822983,batch-000032,8,9373.814015,0.0,0.005076,8227372436236,0.003892
V2C-0976,C6_CORRECTIVE_RETRIEVAL,8236746250251,9373.822887,batch-000032,8,9373.814015,0.0,0.005133,8227372436236,0.003739
V2C-0977,C6_CORRECTIVE_RETRIEVAL,8236746250251,9373.822812,batch-000032,8,9373.814015,0.0,0.00502,8227372436236,0.003777
V2C-0978,C6_CORRECTIVE_RETRIEVAL,8236746250251,9373.822793,batch-000032,8,9373.814015,0.0,0.004981,8227372436236,0.003797
V2C-0979,C6_CORRECTIVE_RETRIEVAL,8236746250251,9373.822964,batch-000032,8,9373.814015,0.0,0.005046,8227372436236,0.003903
V2C-0980,C6_CORRECTIVE_RETRIEVAL,8246137950035,9391.447578,batch-000033,8,9391.4387,0.0,0.00513,8236746511335,0.003748
V2C-0981,C6_CORRECTIVE_RETRIEVAL,8246137950035,9391.447381000002,batch-000033,8,9391.4387,0.0,0.005026,8236746511335,0.003655
V2C-0982,C6_CORRECTIVE_RETRIEVAL,8246137950035,9391.447585,batch-000033,8,9391.4387,0.0,0.005061,8236746511335,0.003824
V2C-0988,C6_CORRECTIVE_RETRIEVAL,8246137950035,9391.453697,batch-000033,8,9391.4387,0.0,0.005244,8236746511335,0.009753
V2C-0989,C6_CORRECTIVE_RETRIEVAL,8246137950035,9391.44846,batch-000033,8,9391.4387,0.0,0.005217,8236746511335,0.004543
V2C-0990,C6_CORRECTIVE_RETRIEVAL,8246137950035,9391.447846000001,batch-000033,8,9391.4387,0.0,0.005121,8236746511335,0.004025
V2C-0991,C6_CORRECTIVE_RETRIEVAL,8246137950035,9391.447482000001,batch-000033,8,9391.4387,0.0,0.005013,8236746511335,0.003769
V2C-0994,C6_CORRECTIVE_RETRIEVAL,8246137950035,9391.448073,batch-000033,8,9391.4387,0.0,0.005559,8236746511335,0.003814
V2C-0996,C6_CORRECTIVE_RETRIEVAL,8258574886750,12436.711194999998,batch-000034,8,12436.702317,0.0,0.005156,8246138184433,0.003722
V2C-0999,C6_CORRECTIVE_RETRIEVAL,8258574886750,12436.711318,batch-000034,8,12436.702317,0.0,0.005218,8246138184433,0.003783
V2C-1000,C6_CORRECTIVE_RETRIEVAL,7713323975674,0.001627,,,0.0,0.001627,0.0,7713323974047,0.0
V2C-1001,C6_CORRECTIVE_RETRIEVAL,7713323990484,0.0014,,,0.0,0.0014,0.0,7713323989084,0.0
V2C-1002,C6_CORRECTIVE_RETRIEVAL,7713323994862,0.001006,,,0.0,0.001006,0.0,7713323993856,0.0
V2C-1003,C6_CORRECTIVE_RETRIEVAL,7713323998216,0.000947,,,0.0,0.000947,0.0,7713323997269,0.0
V2C-1010,C6_CORRECTIVE_RETRIEVAL,7713324001346,0.000927,,,0.0,0.000927,0.0,7713324000419,0.0
V2C-1011,C6_CORRECTIVE_RETRIEVAL,7713324004336,0.000846,,,0.0,0.000846,0.0,7713324003490,0.0
V2C-1012,C6_CORRECTIVE_RETRIEVAL,7713324007409,0.000912,,,0.0,0.000912,0.0,7713324006497,0.0
V2C-1013,C6_CORRECTIVE_RETRIEVAL,7713324010439,0.000935,,,0.0,0.000935,0.0,7713324009504,0.0
V2C-1014,C6_CORRECTIVE_RETRIEVAL,7713324013370,0.000879,,,0.0,0.000879,0.0,7713324012491,0.0
V2C-1015,C6_CORRECTIVE_RETRIEVAL,7713324016988,0.001016,,,0.0,0.001016,0.0,7713324015972,0.0
V2C-1016,C6_CORRECTIVE_RETRIEVAL,7713324020197,0.000844,,,0.0,0.000844,0.0,7713324019353,0.0
V2C-1017,C6_CORRECTIVE_RETRIEVAL,7713324023229,0.000878,,,0.0,0.000878,0.0,7713324022351,0.0
V2C-1019,C6_CORRECTIVE_RETRIEVAL,7713324026653,0.001073,,,0.0,0.001073,0.0,7713324025580,0.0
V2C-1020,C6_CORRECTIVE_RETRIEVAL,7713324030069,0.001036,,,0.0,0.001036,0.0,7713324029033,0.0
V2C-1022,C6_CORRECTIVE_RETRIEVAL,7713324033144,0.000963,,,0.0,0.000963,0.0,7713324032181,0.0
V2C-1024,C6_CORRECTIVE_RETRIEVAL,7713324036306,0.000845,,,0.0,0.000845,0.0,7713324035461,0.0
V2C-1025,C6_CORRECTIVE_RETRIEVAL,7713324039405,0.000898,,,0.0,0.000898,0.0,7713324038507,0.0
V2C-1026,C6_CORRECTIVE_RETRIEVAL,7713324042486,0.000924,,,0.0,0.000924,0.0,7713324041562,0.0
V2C-1028,C6_CORRECTIVE_RETRIEVAL,7713324045645,0.00083,,,0.0,0.00083,0.0,7713324044815,0.0
V2C-1030,C6_CORRECTIVE_RETRIEVAL,7713324048719,0.001019,,,0.0,0.001019,0.0,7713324047700,0.0
V2C-1032,C6_CORRECTIVE_RETRIEVAL,7713324051616,0.000834,,,0.0,0.000834,0.0,7713324050782,0.0
V2C-1033,C6_CORRECTIVE_RETRIEVAL,7713324054614,0.00084,,,0.0,0.00084,0.0,7713324053774,0.0
V2C-1035,C6_CORRECTIVE_RETRIEVAL,7713324078947,0.000901,,,0.0,0.000901,0.0,7713324078046,0.0
V2C-1036,C6_CORRECTIVE_RETRIEVAL,7713324081972,0.000864,,,0.0,0.000864,0.0,7713324081108,0.0
V2C-1037,C6_CORRECTIVE_RETRIEVAL,7713324084988,0.000832,,,0.0,0.000832,0.0,7713324084156,0.0
V2C-1039,C6_CORRECTIVE_RETRIEVAL,7713324088085,0.000836,,,0.0,0.000836,0.0,7713324087249,0.0
V2C-1040,C6_CORRECTIVE_RETRIEVAL,7713324090980,0.000821,,,0.0,0.000821,0.0,7713324090159,0.0
V2C-1043,C6_CORRECTIVE_RETRIEVAL,7713324093868,0.00083,,,0.0,0.00083,0.0,7713324093038,0.0
V2C-1045,C6_CORRECTIVE_RETRIEVAL,7713324096769,0.000828,,,0.0,0.000828,0.0,7713324095941,0.0
V2C-1046,C6_CORRECTIVE_RETRIEVAL,7713324099699,0.000838,,,0.0,0.000838,0.0,7713324098861,0.0
V2C-1047,C6_CORRECTIVE_RETRIEVAL,7713324102670,0.000842,,,0.0,0.000842,0.0,7713324101828,0.0
V2C-1049,C6_CORRECTIVE_RETRIEVAL,7713324105580,0.000827,,,0.0,0.000827,0.0,7713324104753,0.0
V2C-1050,C6_CORRECTIVE_RETRIEVAL,7713324108782,0.000847,,,0.0,0.000847,0.0,7713324107935,0.0
V2C-1055,C6_CORRECTIVE_RETRIEVAL,7713324111874,0.000925,,,0.0,0.000925,0.0,7713324110949,0.0
V2C-1057,C6_CORRECTIVE_RETRIEVAL,7713324114828,0.000899,,,0.0,0.000899,0.0,7713324113929,0.0
V2C-1061,C6_CORRECTIVE_RETRIEVAL,7713324117836,0.00095,,,0.0,0.00095,0.0,7713324116886,0.0
V2C-1065,C6_CORRECTIVE_RETRIEVAL,7713324120795,0.000904,,,0.0,0.000904,0.0,7713324119891,0.0
V2C-1070,C6_CORRECTIVE_RETRIEVAL,7713324123859,0.000835,,,0.0,0.000835,0.0,7713324123024,0.0
V2C-1074,C6_CORRECTIVE_RETRIEVAL,7713324127003,0.001078,,,0.0,0.001078,0.0,7713324125925,0.0
V2C-1076,C6_CORRECTIVE_RETRIEVAL,7713324130036,0.000953,,,0.0,0.000953,0.0,7713324129083,0.0
V2C-1077,C6_CORRECTIVE_RETRIEVAL,7713324133044,0.00084,,,0.0,0.00084,0.0,7713324132204,0.0
V2C-1079,C6_CORRECTIVE_RETRIEVAL,7713324136031,0.000841,,,0.0,0.000841,0.0,7713324135190,0.0
V2C-1080,C6_CORRECTIVE_RETRIEVAL,7713324139085,0.000902,,,0.0,0.000902,0.0,7713324138183,0.0
V2C-1082,C6_CORRECTIVE_RETRIEVAL,7713324141994,0.000846,,,0.0,0.000846,0.0,7713324141148,0.0
V2C-1087,C6_CORRECTIVE_RETRIEVAL,7713324144880,0.000839,,,0.0,0.000839,0.0,7713324144041,0.0
V2C-1088,C6_CORRECTIVE_RETRIEVAL,7713324147886,0.000839,,,0.0,0.000839,0.0,7713324147047,0.0
V2C-1091,C6_CORRECTIVE_RETRIEVAL,7713324150764,0.00083,,,0.0,0.00083,0.0,7713324149934,0.0
V2C-1093,C6_CORRECTIVE_RETRIEVAL,7713324153680,0.000875,,,0.0,0.000875,0.0,7713324152805,0.0
V2C-1095,C6_CORRECTIVE_RETRIEVAL,7713324157167,0.001058,,,0.0,0.001058,0.0,7713324156109,0.0
V2C-1096,C6_CORRECTIVE_RETRIEVAL,7713324160420,0.000908,,,0.0,0.000908,0.0,7713324159512,0.0
V2C-1104,C6_CORRECTIVE_RETRIEVAL,7713324163432,0.000834,,,0.0,0.000834,0.0,7713324162598,0.0
V2C-1107,C6_CORRECTIVE_RETRIEVAL,7713324166766,0.001263,,,0.0,0.001263,0.0,7713324165503,0.0
V2C-1109,C6_CORRECTIVE_RETRIEVAL,7713324170344,0.001171,,,0.0,0.001171,0.0,7713324169173,0.0
V2C-1110,C6_CORRECTIVE_RETRIEVAL,7713324173894,0.001112,,,0.0,0.001112,0.0,7713324172782,0.0
V2C-1115,C6_CORRECTIVE_RETRIEVAL,7713324177301,0.001274,,,0.0,0.001274,0.0,7713324176027,0.0
V2C-1116,C6_CORRECTIVE_RETRIEVAL,7713324180416,0.000906,,,0.0,0.000906,0.0,7713324179510,0.0
V2C-1118,C6_CORRECTIVE_RETRIEVAL,7713324183410,0.000924,,,0.0,0.000924,0.0,7713324182486,0.0
V2C-1119,C6_CORRECTIVE_RETRIEVAL,7713324186586,0.000985,,,0.0,0.000985,0.0,7713324185601,0.0
V2C-1120,C6_CORRECTIVE_RETRIEVAL,7713324189476,0.000818,,,0.0,0.000818,0.0,7713324188658,0.0
V2C-1123,C6_CORRECTIVE_RETRIEVAL,7713324192588,0.000987,,,0.0,0.000987,0.0,7713324191601,0.0
V2C-1127,C6_CORRECTIVE_RETRIEVAL,7713324195677,0.001026,,,0.0,0.001026,0.0,7713324194651,0.0
V2C-1128,C6_CORRECTIVE_RETRIEVAL,7713324198669,0.000837,,,0.0,0.000837,0.0,7713324197832,0.0
V2C-1130,C6_CORRECTIVE_RETRIEVAL,7713324201665,0.000819,,,0.0,0.000819,0.0,7713324200846,0.0
V2C-1133,C6_CORRECTIVE_RETRIEVAL,7713324204637,0.000851,,,0.0,0.000851,0.0,7713324203786,0.0
V2C-1139,C6_CORRECTIVE_RETRIEVAL,7713324207624,0.00091,,,0.0,0.00091,0.0,7713324206714,0.0
V2C-1141,C6_CORRECTIVE_RETRIEVAL,7713324210694,0.000843,,,0.0,0.000843,0.0,7713324209851,0.0
V2C-1154,C6_CORRECTIVE_RETRIEVAL,8258574886750,12436.713064,batch-000034,8,12436.702317,0.0,0.006629,8246138184433,0.004118
V2C-1155,C6_CORRECTIVE_RETRIEVAL,8258574886750,12436.711481999999,batch-000034,8,12436.702317,0.0,0.005492,8246138184433,0.003673
V2C-1156,C6_CORRECTIVE_RETRIEVAL,8258574886750,12436.711468,batch-000034,8,12436.702317,0.0,0.00542,8246138184433,0.003731
V2C-1158,C6_CORRECTIVE_RETRIEVAL,8258574886750,12436.711353,batch-000034,8,12436.702317,0.0,0.005251,8246138184433,0.003785
V2C-1160,C6_CORRECTIVE_RETRIEVAL,8258574886750,12436.730187,batch-000034,8,12436.702317,0.0,0.005584,8246138184433,0.022286
V2C-1162,C6_CORRECTIVE_RETRIEVAL,8258574886750,12436.713686,batch-000034,8,12436.702317,0.0,0.004974,8246138184433,0.006395
V2C-1163,C6_CORRECTIVE_RETRIEVAL,8267946437966,9371.203350000002,batch-000035,8,9371.193568,0.0,0.005026,8258575244398,0.004756
V2C-1164,C6_CORRECTIVE_RETRIEVAL,8267946437966,9371.206949,batch-000035,8,9371.193568,0.0,0.005301,8258575244398,0.00808
V2C-1171,C6_CORRECTIVE_RETRIEVAL,8267946437966,9371.203216,batch-000035,8,9371.193568,0.0,0.005043,8258575244398,0.004605
V2C-1173,C6_CORRECTIVE_RETRIEVAL,8267946437966,9371.219452000001,batch-000035,8,9371.193568,0.0,0.021527,8258575244398,0.004357
V2C-1175,C6_CORRECTIVE_RETRIEVAL,8267946437966,9371.205363000001,batch-000035,8,9371.193568,0.0,0.007611,8258575244398,0.004184
V2C-1178,C6_CORRECTIVE_RETRIEVAL,8267946437966,9371.203392000001,batch-000035,8,9371.193568,0.0,0.005788,8258575244398,0.004036
V2C-1187,C6_CORRECTIVE_RETRIEVAL,8267946437966,9371.203192,batch-000035,8,9371.193568,0.0,0.005288,8258575244398,0.004336
V2C-1190,C6_CORRECTIVE_RETRIEVAL,8267946437966,9371.202783,batch-000035,8,9371.193568,0.0,0.005152,8258575244398,0.004063
V2C-1194,C6_CORRECTIVE_RETRIEVAL,8275804101553,7857.396733,batch-000036,2,7857.387375,0.0,0.00516,8267946714178,0.004198
V2C-1199,C6_CORRECTIVE_RETRIEVAL,8275804101553,7857.396817,batch-000036,2,7857.387375,0.0,0.005136,8267946714178,0.004306
EXT-ADVERSARIAL-0002,C7_GRAPH_STRUCTURED_RAG,8287697220144,11849.998294,batch-000000,8,11849.93503,0.0,0.020804,8275847285114,0.04246
EXT-ADVERSARIAL-0003,C7_GRAPH_STRUCTURED_RAG,8287697220144,11849.957605000001,batch-000000,8,11849.93503,0.0,0.008151,8275847285114,0.014424
EXT-ADVERSARIAL-0005,C7_GRAPH_STRUCTURED_RAG,8287697220144,11849.956263,batch-000000,8,11849.93503,0.0,0.005632,8275847285114,0.015601
EXT-ADVERSARIAL-0014,C7_GRAPH_STRUCTURED_RAG,8287697220144,11849.956281,batch-000000,8,11849.93503,0.0,0.00446,8275847285114,0.016791
EXT-ADVERSARIAL-0015,C7_GRAPH_STRUCTURED_RAG,8287697220144,11849.945572,batch-000000,8,11849.93503,0.0,0.0043,8275847285114,0.006242
EXT-ADVERSARIAL-0018,C7_GRAPH_STRUCTURED_RAG,8287697220144,11849.948654,batch-000000,8,11849.93503,0.0,0.004191,8275847285114,0.009433
EXT-ADVERSARIAL-0021,C7_GRAPH_STRUCTURED_RAG,8287697220144,11849.948269,batch-000000,8,11849.93503,0.0,0.004091,8275847285114,0.009148
EXT-ADVERSARIAL-0025,C7_GRAPH_STRUCTURED_RAG,8287697220144,11849.943517000002,batch-000000,8,11849.93503,0.0,0.003994,8275847285114,0.004493
EXT-ADVERSARIAL-0026,C7_GRAPH_STRUCTURED_RAG,8299458578576,11761.107354,batch-000001,8,11761.0954,0.0,0.003663,8287697483176,0.008291
EXT-ADVERSARIAL-0028,C7_GRAPH_STRUCTURED_RAG,8299458578576,11761.101869999999,batch-000001,8,11761.0954,0.0,0.003737,8287697483176,0.002733
EXT-ADVERSARIAL-0029,C7_GRAPH_STRUCTURED_RAG,8299458578576,11761.107385,batch-000001,8,11761.0954,0.0,0.004185,8287697483176,0.0078
EXT-ADVERSARIAL-0031,C7_GRAPH_STRUCTURED_RAG,8299458578576,11761.107140999999,batch-000001,8,11761.0954,0.0,0.003592,8287697483176,0.008149
EXT-ADVERSARIAL-0032,C7_GRAPH_STRUCTURED_RAG,8299458578576,11761.106896000001,batch-000001,8,11761.0954,0.0,0.003247,8287697483176,0.008249
EXT-ADVERSARIAL-0034,C7_GRAPH_STRUCTURED_RAG,8299458578576,11761.106621,batch-000001,8,11761.0954,0.0,0.003391,8287697483176,0.00783
EXT-ADVERSARIAL-0039,C7_GRAPH_STRUCTURED_RAG,8299458578576,11761.10287,batch-000001,8,11761.0954,0.0,0.003452,8287697483176,0.004018
EXT-ADVERSARIAL-0044,C7_GRAPH_STRUCTURED_RAG,8299458578576,11761.107113,batch-000001,8,11761.0954,0.0,0.003568,8287697483176,0.008145
EXT-ADVERSARIAL-0050,C7_GRAPH_STRUCTURED_RAG,8311506321583,12047.530821999999,batch-000002,8,12047.519692,0.0,0.003798,8299458801891,0.007332
EXT-ADVERSARIAL-0051,C7_GRAPH_STRUCTURED_RAG,8311506321583,12047.531598000001,batch-000002,8,12047.519692,0.0,0.003618,8299458801891,0.008288
EXT-ADVERSARIAL-0056,C7_GRAPH_STRUCTURED_RAG,8311506321583,12047.531651,batch-000002,8,12047.519692,0.0,0.003603,8299458801891,0.008356
EXT-ADVERSARIAL-0058,C7_GRAPH_STRUCTURED_RAG,8311506321583,12047.5384,batch-000002,8,12047.519692,0.0,0.003718,8299458801891,0.01499
EXT-ADVERSARIAL-0061,C7_GRAPH_STRUCTURED_RAG,8311506321583,12047.532104,batch-000002,8,12047.519692,0.0,0.00375,8299458801891,0.008662
EXT-ADVERSARIAL-0063,C7_GRAPH_STRUCTURED_RAG,8311506321583,12047.531094999998,batch-000002,8,12047.519692,0.0,0.003383,8299458801891,0.00802
EXT-ADVERSARIAL-0071,C7_GRAPH_STRUCTURED_RAG,8311506321583,12047.530665,batch-000002,8,12047.519692,0.0,0.003346,8299458801891,0.007627
EXT-ADVERSARIAL-0073,C7_GRAPH_STRUCTURED_RAG,8311506321583,12047.530491,batch-000002,8,12047.519692,0.0,0.003455,8299458801891,0.007344
EXT-ADVERSARIAL-0076,C7_GRAPH_STRUCTURED_RAG,8323596724857,12090.151915999999,batch-000003,8,12090.142665,0.0,0.003519,8311506582192,0.005732
EXT-ADVERSARIAL-0078,C7_GRAPH_STRUCTURED_RAG,8323596724857,12090.153935,batch-000003,8,12090.142665,0.0,0.003435,8311506582192,0.007835
EXT-ADVERSARIAL-0082,C7_GRAPH_STRUCTURED_RAG,8323596724857,12090.153805,batch-000003,8,12090.142665,0.0,0.003746,8311506582192,0.007394
EXT-ADVERSARIAL-0084,C7_GRAPH_STRUCTURED_RAG,8323596724857,12090.154946999999,batch-000003,8,12090.142665,0.0,0.003529,8311506582192,0.008753
EXT-ADVERSARIAL-0085,C7_GRAPH_STRUCTURED_RAG,8323596724857,12090.150312,batch-000003,8,12090.142665,0.0,0.00352,8311506582192,0.004127
EXT-ADVERSARIAL-0089,C7_GRAPH_STRUCTURED_RAG,8323596724857,12090.153950999998,batch-000003,8,12090.142665,0.0,0.003447,8311506582192,0.007839
EXT-ADVERSARIAL-0093,C7_GRAPH_STRUCTURED_RAG,8323596724857,12090.154107,batch-000003,8,12090.142665,0.0,0.003477,8311506582192,0.007965
EXT-ADVERSARIAL-0095,C7_GRAPH_STRUCTURED_RAG,8323596724857,12090.150596,batch-000003,8,12090.142665,0.0,0.003562,8311506582192,0.004369
EXT-ADVERSARIAL-0097,C7_GRAPH_STRUCTURED_RAG,8335310677784,11713.730405,batch-000004,8,11713.717857,0.0,0.003456,8323596959927,0.009092
EXT-ADVERSARIAL-0098,C7_GRAPH_STRUCTURED_RAG,8335310677784,11713.729388,batch-000004,8,11713.717857,0.0,0.003735,8323596959927,0.007796
EXT-AMBIGUOUS-0003,C7_GRAPH_STRUCTURED_RAG,8335310677784,11713.725358999998,batch-000004,8,11713.717857,0.0,0.003716,8323596959927,0.003786
EXT-AMBIGUOUS-0004,C7_GRAPH_STRUCTURED_RAG,8335310677784,11713.740241,batch-000004,8,11713.717857,0.0,0.003697,8323596959927,0.018687
EXT-AMBIGUOUS-0014,C7_GRAPH_STRUCTURED_RAG,8335310677784,11713.728082,batch-000004,8,11713.717857,0.0,0.003537,8323596959927,0.006688
EXT-AMBIGUOUS-0015,C7_GRAPH_STRUCTURED_RAG,8335310677784,11713.726163,batch-000004,8,11713.717857,0.0,0.003944,8323596959927,0.004362
EXT-AMBIGUOUS-0024,C7_GRAPH_STRUCTURED_RAG,8335310677784,11713.727209,batch-000004,8,11713.717857,0.0,0.003542,8323596959927,0.00581
EXT-AMBIGUOUS-0026,C7_GRAPH_STRUCTURED_RAG,8335310677784,11713.726485,batch-000004,8,11713.717857,0.0,0.003365,8323596959927,0.005263
EXT-AMBIGUOUS-0028,C7_GRAPH_STRUCTURED_RAG,8341576772477,6265.868567,batch-000005,8,6265.860265,0.0,0.003281,8335310912212,0.005021
EXT-AMBIGUOUS-0033,C7_GRAPH_STRUCTURED_RAG,8341576772477,6265.867539,batch-000005,8,6265.860265,0.0,0.003427,8335310912212,0.003847
EXT-AMBIGUOUS-0035,C7_GRAPH_STRUCTURED_RAG,8341576772477,6265.867346,batch-000005,8,6265.860265,0.0,0.003666,8335310912212,0.003415
EXT-AMBIGUOUS-0039,C7_GRAPH_STRUCTURED_RAG,8341576772477,6265.867199,batch-000005,8,6265.860265,0.0,0.003648,8335310912212,0.003286
EXT-AMBIGUOUS-0041,C7_GRAPH_STRUCTURED_RAG,8341576772477,6265.871970000001,batch-000005,8,6265.860265,0.0,0.003561,8335310912212,0.008144
EXT-AMBIGUOUS-0044,C7_GRAPH_STRUCTURED_RAG,8341576772477,6265.87287,batch-000005,8,6265.860265,0.0,0.003578,8335310912212,0.009027
EXT-AMBIGUOUS-0049,C7_GRAPH_STRUCTURED_RAG,8341576772477,6265.867456,batch-000005,8,6265.860265,0.0,0.003379,8335310912212,0.003812
EXT-AMBIGUOUS-0050,C7_GRAPH_STRUCTURED_RAG,8341576772477,6265.869221,batch-000005,8,6265.860265,0.0,0.003597,8335310912212,0.005359
EXT-INVALID_ENTITY-0004,C7_GRAPH_STRUCTURED_RAG,8353273536995,11696.532519,batch-000006,8,11696.519472,0.0,0.0036,8341577017523,0.009447
EXT-INVALID_ENTITY-0006,C7_GRAPH_STRUCTURED_RAG,8353273536995,11696.526353,batch-000006,8,11696.519472,0.0,0.003873,8341577017523,0.003008
EXT-INVALID_ENTITY-0009,C7_GRAPH_STRUCTURED_RAG,8353273536995,11696.533132999999,batch-000006,8,11696.519472,0.0,0.00398,8341577017523,0.009681
EXT-INVALID_ENTITY-0011,C7_GRAPH_STRUCTURED_RAG,8353273536995,11696.532121,batch-000006,8,11696.519472,0.0,0.003793,8341577017523,0.008856
EXT-INVALID_ENTITY-0013,C7_GRAPH_STRUCTURED_RAG,8353273536995,11696.531191,batch-000006,8,11696.519472,0.0,0.003984,8341577017523,0.007735
EXT-INVALID_ENTITY-0022,C7_GRAPH_STRUCTURED_RAG,8353273536995,11696.525609,batch-000006,8,11696.519472,0.0,0.00369,8341577017523,0.002447
EXT-INVALID_ENTITY-0026,C7_GRAPH_STRUCTURED_RAG,8353273536995,11696.525351999999,batch-000006,8,11696.519472,0.0,0.003604,8341577017523,0.002276
EXT-INVALID_ENTITY-0033,C7_GRAPH_STRUCTURED_RAG,8353273536995,11696.531690999998,batch-000006,8,11696.519472,0.0,0.004049,8341577017523,0.00817
EXT-INVALID_ENTITY-0034,C7_GRAPH_STRUCTURED_RAG,8364973584544,11699.785408,batch-000007,8,11699.773042,0.0,0.003707,8353273811502,0.008659
EXT-INVALID_ENTITY-0035,C7_GRAPH_STRUCTURED_RAG,8364973584544,11699.785657,batch-000007,8,11699.773042,0.0,0.003943,8353273811502,0.008672
EXT-INVALID_ENTITY-0036,C7_GRAPH_STRUCTURED_RAG,8364973584544,11699.779145,batch-000007,8,11699.773042,0.0,0.003751,8353273811502,0.002352
EXT-INVALID_ENTITY-0037,C7_GRAPH_STRUCTURED_RAG,8364973584544,11699.784669,batch-000007,8,11699.773042,0.0,0.003573,8353273811502,0.008054
EXT-INVALID_ENTITY-0038,C7_GRAPH_STRUCTURED_RAG,8364973584544,11699.783795,batch-000007,8,11699.773042,0.0,0.003458,8353273811502,0.007295
EXT-INVALID_ENTITY-0039,C7_GRAPH_STRUCTURED_RAG,8364973584544,11699.784273000001,batch-000007,8,11699.773042,0.0,0.00353,8353273811502,0.007701
EXT-INVALID_ENTITY-0040,C7_GRAPH_STRUCTURED_RAG,8364973584544,11699.781448000002,batch-000007,8,11699.773042,0.0,0.003306,8353273811502,0.0051
EXT-INVALID_ENTITY-0042,C7_GRAPH_STRUCTURED_RAG,8364973584544,11699.779064,batch-000007,8,11699.773042,0.0,0.003636,8353273811502,0.002386
EXT-INVALID_ENTITY-0043,C7_GRAPH_STRUCTURED_RAG,8376654285984,11680.461681,batch-000008,8,11680.450207,0.0,0.003688,8364973835777,0.007786
EXT-INVALID_ENTITY-0045,C7_GRAPH_STRUCTURED_RAG,8376654285984,11680.457875,batch-000008,8,11680.450207,0.0,0.003608,8364973835777,0.00406
EXT-INVALID_ENTITY-0047,C7_GRAPH_STRUCTURED_RAG,8376654285984,11680.461527,batch-000008,8,11680.450207,0.0,0.004056,8364973835777,0.007264
EXT-INVALID_ENTITY-0050,C7_GRAPH_STRUCTURED_RAG,8376654285984,11680.458485000001,batch-000008,8,11680.450207,0.0,0.003334,8364973835777,0.004944
EXT-INVALID_ENTITY-0053,C7_GRAPH_STRUCTURED_RAG,8376654285984,11680.467709999999,batch-000008,8,11680.450207,0.0,0.003549,8364973835777,0.013954
EXT-INVALID_ENTITY-0054,C7_GRAPH_STRUCTURED_RAG,8376654285984,11680.456837,batch-000008,8,11680.450207,0.0,0.003498,8364973835777,0.003132
EXT-INVALID_ENTITY-0065,C7_GRAPH_STRUCTURED_RAG,8376654285984,11680.457509,batch-000008,8,11680.450207,0.0,0.003526,8364973835777,0.003776
EXT-INVALID_ENTITY-0066,C7_GRAPH_STRUCTURED_RAG,8376654285984,11680.456105000001,batch-000008,8,11680.450207,0.0,0.003586,8364973835777,0.002312
EXT-INVALID_ENTITY-0069,C7_GRAPH_STRUCTURED_RAG,8388250561226,11596.065795,batch-000009,8,11596.054303,0.0,0.003499,8376654506923,0.007993
EXT-INVALID_ENTITY-0070,C7_GRAPH_STRUCTURED_RAG,8388250561226,11596.063276,batch-000009,8,11596.054303,0.0,0.0035,8376654506923,0.005473
EXT-INVALID_ENTITY-0073,C7_GRAPH_STRUCTURED_RAG,8388250561226,11596.065036,batch-000009,8,11596.054303,0.0,0.003405,8376654506923,0.007328
EXT-INVALID_ENTITY-0077,C7_GRAPH_STRUCTURED_RAG,8388250561226,11596.064808000001,batch-000009,8,11596.054303,0.0,0.003422,8376654506923,0.007083
EXT-INVALID_ENTITY-0078,C7_GRAPH_STRUCTURED_RAG,8388250561226,11596.066055000001,batch-000009,8,11596.054303,0.0,0.00339,8376654506923,0.008362
EXT-INVALID_ENTITY-0079,C7_GRAPH_STRUCTURED_RAG,8388250561226,11596.060228,batch-000009,8,11596.054303,0.0,0.003606,8376654506923,0.002319
EXT-INVALID_ENTITY-0080,C7_GRAPH_STRUCTURED_RAG,8388250561226,11596.063098,batch-000009,8,11596.054303,0.0,0.00342,8376654506923,0.005375
EXT-INVALID_ENTITY-0083,C7_GRAPH_STRUCTURED_RAG,8388250561226,11596.065826,batch-000009,8,11596.054303,0.0,0.003518,8376654506923,0.008005
EXT-INVALID_ENTITY-0084,C7_GRAPH_STRUCTURED_RAG,8399916067769,11665.252709,batch-000010,8,11665.246936,0.0,0.003444,8388250820833,0.002329
EXT-INVALID_ENTITY-0086,C7_GRAPH_STRUCTURED_RAG,8399916067769,11665.253090999999,batch-000010,8,11665.246936,0.0,0.003514,8388250820833,0.002641
EXT-INVALID_ENTITY-0093,C7_GRAPH_STRUCTURED_RAG,8399916067769,11665.257346999999,batch-000010,8,11665.246936,0.0,0.003434,8388250820833,0.006977
EXT-INVALID_ENTITY-0098,C7_GRAPH_STRUCTURED_RAG,8399916067769,11665.257572,batch-000010,8,11665.246936,0.0,0.003645,8388250820833,0.006991
EXT-NUMERIC_PROVENANCE-0008,C7_GRAPH_STRUCTURED_RAG,8399916067769,11665.257844999998,batch-000010,8,11665.246936,0.0,0.003383,8388250820833,0.007526
EXT-NUMERIC_PROVENANCE-0009,C7_GRAPH_STRUCTURED_RAG,8399916067769,11665.25405,batch-000010,8,11665.246936,0.0,0.003741,8388250820833,0.003373
EXT-NUMERIC_PROVENANCE-0012,C7_GRAPH_STRUCTURED_RAG,8399916067769,11665.25262,batch-000010,8,11665.246936,0.0,0.003356,8388250820833,0.002328
EXT-NUMERIC_PROVENANCE-0013,C7_GRAPH_STRUCTURED_RAG,8399916067769,11665.258023999999,batch-000010,8,11665.246936,0.0,0.003829,8388250820833,0.007259
EXT-NUMERIC_PROVENANCE-0015,C7_GRAPH_STRUCTURED_RAG,8411650149511,11733.656369999999,batch-000011,8,11733.64681,0.0,0.003442,8399916502701,0.006118
EXT-NUMERIC_PROVENANCE-0016,C7_GRAPH_STRUCTURED_RAG,8411650149511,11733.662272,batch-000011,8,11733.64681,0.0,0.003357,8399916502701,0.012105
EXT-NUMERIC_PROVENANCE-0017,C7_GRAPH_STRUCTURED_RAG,8411650149511,11733.660963,batch-000011,8,11733.64681,0.0,0.003274,8399916502701,0.010879
EXT-NUMERIC_PROVENANCE-0018,C7_GRAPH_STRUCTURED_RAG,8411650149511,11733.65834,batch-000011,8,11733.64681,0.0,0.003318,8399916502701,0.008212
EXT-NUMERIC_PROVENANCE-0019,C7_GRAPH_STRUCTURED_RAG,8411650149511,11733.659059,batch-000011,8,11733.64681,0.0,0.00332,8399916502701,0.008929
EXT-NUMERIC_PROVENANCE-0020,C7_GRAPH_STRUCTURED_RAG,8411650149511,11733.652997000001,batch-000011,8,11733.64681,0.0,0.003559,8399916502701,0.002628
EXT-NUMERIC_PROVENANCE-0021,C7_GRAPH_STRUCTURED_RAG,8411650149511,11733.652563000001,batch-000011,8,11733.64681,0.0,0.003365,8399916502701,0.002388
EXT-NUMERIC_PROVENANCE-0029,C7_GRAPH_STRUCTURED_RAG,8411650149511,11733.657274,batch-000011,8,11733.64681,0.0,0.003249,8399916502701,0.007215
EXT-NUMERIC_PROVENANCE-0031,C7_GRAPH_STRUCTURED_RAG,8423363146108,11712.751350999999,batch-000012,8,11712.740552,0.0,0.003364,8411650405556,0.007435
EXT-NUMERIC_PROVENANCE-0033,C7_GRAPH_STRUCTURED_RAG,8423363146108,11712.751311,batch-000012,8,11712.740552,0.0,0.003353,8411650405556,0.007406
EXT-NUMERIC_PROVENANCE-0035,C7_GRAPH_STRUCTURED_RAG,8423363146108,11712.748102,batch-000012,8,11712.740552,0.0,0.003503,8411650405556,0.004047
EXT-NUMERIC_PROVENANCE-0038,C7_GRAPH_STRUCTURED_RAG,8423363146108,11712.751424,batch-000012,8,11712.740552,0.0,0.003337,8411650405556,0.007535
EXT-NUMERIC_PROVENANCE-0039,C7_GRAPH_STRUCTURED_RAG,8423363146108,11712.747621999999,batch-000012,8,11712.740552,0.0,0.003384,8411650405556,0.003686
EXT-NUMERIC_PROVENANCE-0047,C7_GRAPH_STRUCTURED_RAG,8423363146108,11712.751087999999,batch-000012,8,11712.740552,0.0,0.003442,8411650405556,0.007094
EXT-PAIR-0001-KO,C7_GRAPH_STRUCTURED_RAG,8423363146108,11712.751504999998,batch-000012,8,11712.740552,0.0,0.003448,8411650405556,0.007505
EXT-PAIR-0004-EN,C7_GRAPH_STRUCTURED_RAG,8423363146108,11712.750942,batch-000012,8,11712.740552,0.0,0.003334,8411650405556,0.007056
EXT-PAIR-0004-KO,C7_GRAPH_STRUCTURED_RAG,8435156645650,11793.26974,batch-000013,8,11793.259255,0.0,0.003405,8423363386395,0.00708
EXT-PAIR-0007-EN,C7_GRAPH_STRUCTURED_RAG,8435156645650,11793.265299,batch-000013,8,11793.259255,0.0,0.003427,8423363386395,0.002617
EXT-PAIR-0009-EN,C7_GRAPH_STRUCTURED_RAG,8435156645650,11793.269975000001,batch-000013,8,11793.259255,0.0,0.003393,8423363386395,0.007327
EXT-PAIR-0010-EN,C7_GRAPH_STRUCTURED_RAG,8435156645650,11793.264853,batch-000013,8,11793.259255,0.0,0.003283,8423363386395,0.002315
EXT-PAIR-0013-EN,C7_GRAPH_STRUCTURED_RAG,8435156645650,11793.264774000001,batch-000013,8,11793.259255,0.0,0.003213,8423363386395,0.002306
EXT-PAIR-0013-KO,C7_GRAPH_STRUCTURED_RAG,8435156645650,11793.269942,batch-000013,8,11793.259255,0.0,0.003485,8423363386395,0.007202
EXT-PAIR-0021-KO,C7_GRAPH_STRUCTURED_RAG,8435156645650,11793.264809000002,batch-000013,8,11793.259255,0.0,0.003354,8423363386395,0.0022
EXT-PAIR-0026-EN,C7_GRAPH_STRUCTURED_RAG,8435156645650,11793.264875,batch-000013,8,11793.259255,0.0,0.00329,8423363386395,0.00233
EXT-PAIR-0026-KO,C7_GRAPH_STRUCTURED_RAG,8446931105197,11774.247651,batch-000014,8,11774.237062,0.0,0.003354,8435156868135,0.007235
EXT-PAIR-0027-KO,C7_GRAPH_STRUCTURED_RAG,8446931105197,11774.247642,batch-000014,8,11774.237062,0.0,0.00344,8435156868135,0.00714
EXT-PAIR-0029-KO,C7_GRAPH_STRUCTURED_RAG,8446931105197,11774.247834,batch-000014,8,11774.237062,0.0,0.003766,8435156868135,0.007006
EXT-PAIR-0030-EN,C7_GRAPH_STRUCTURED_RAG,8446931105197,11774.247715000001,batch-000014,8,11774.237062,0.0,0.003531,8435156868135,0.007122
EXT-PAIR-0034-EN,C7_GRAPH_STRUCTURED_RAG,8446931105197,11774.247327000001,batch-000014,8,11774.237062,0.0,0.003409,8435156868135,0.006856
EXT-PAIR-0035-KO,C7_GRAPH_STRUCTURED_RAG,8446931105197,11774.246031,batch-000014,8,11774.237062,0.0,0.003333,8435156868135,0.005636
EXT-PAIR-0039-KO,C7_GRAPH_STRUCTURED_RAG,8446931105197,11774.248440000001,batch-000014,8,11774.237062,0.0,0.003757,8435156868135,0.007621
EXT-PAIR-0040-EN,C7_GRAPH_STRUCTURED_RAG,8446931105197,11774.246196999999,batch-000014,8,11774.237062,0.0,0.003979,8435156868135,0.005156
EXT-PAIR-0041-EN,C7_GRAPH_STRUCTURED_RAG,8458711284202,11779.922182,batch-000015,8,11779.916617,0.0,0.003332,8446931367585,0.002233
EXT-PAIR-0043-KO,C7_GRAPH_STRUCTURED_RAG,8458711284202,11779.926931,batch-000015,8,11779.916617,0.0,0.003405,8446931367585,0.006909
EXT-PAIR-0047-KO,C7_GRAPH_STRUCTURED_RAG,8458711284202,11779.927219000001,batch-000015,8,11779.916617,0.0,0.003344,8446931367585,0.007258
EXT-PAIR-0048-EN,C7_GRAPH_STRUCTURED_RAG,8458711284202,11779.926998,batch-000015,8,11779.916617,0.0,0.003533,8446931367585,0.006848
EXT-PAIR-0049-KO,C7_GRAPH_STRUCTURED_RAG,8458711284202,11779.927838000001,batch-000015,8,11779.916617,0.0,0.003505,8446931367585,0.007716
EXT-PAIR-0055-EN,C7_GRAPH_STRUCTURED_RAG,8458711284202,11779.926882,batch-000015,8,11779.916617,0.0,0.003282,8446931367585,0.006983
EXT-PAIR-0056-EN,C7_GRAPH_STRUCTURED_RAG,8458711284202,11779.925027000001,batch-000015,8,11779.916617,0.0,0.003301,8446931367585,0.005109
EXT-PAIR-0063-KO,C7_GRAPH_STRUCTURED_RAG,8458711284202,11779.927838,batch-000015,8,11779.916617,0.0,0.003411,8446931367585,0.00781
EXT-PAIR-0064-EN,C7_GRAPH_STRUCTURED_RAG,8470433439640,11721.895609000001,batch-000016,8,11721.885394,0.0,0.003305,8458711554246,0.00691
EXT-PAIR-0072-EN,C7_GRAPH_STRUCTURED_RAG,8470433439640,11721.895775,batch-000016,8,11721.885394,0.0,0.003372,8458711554246,0.007009
EXT-PAIR-0073-KO,C7_GRAPH_STRUCTURED_RAG,8470433439640,11721.895731,batch-000016,8,11721.885394,0.0,0.003282,8458711554246,0.007055
EXT-PAIR-0078-KO,C7_GRAPH_STRUCTURED_RAG,8470433439640,11721.895701000001,batch-000016,8,11721.885394,0.0,0.003354,8458711554246,0.006953
EXT-PAIR-0080-EN,C7_GRAPH_STRUCTURED_RAG,8470433439640,11721.893888,batch-000016,8,11721.885394,0.0,0.003568,8458711554246,0.004926
EXT-PAIR-0080-KO,C7_GRAPH_STRUCTURED_RAG,8470433439640,11721.894101,batch-000016,8,11721.885394,0.0,0.003738,8458711554246,0.004969
EXT-PAIR-0082-EN,C7_GRAPH_STRUCTURED_RAG,8470433439640,11721.891271,batch-000016,8,11721.885394,0.0,0.003463,8458711554246,0.002414
EXT-PAIR-0083-KO,C7_GRAPH_STRUCTURED_RAG,8470433439640,11721.897173000001,batch-000016,8,11721.885394,0.0,0.003543,8458711554246,0.008236
EXT-PAIR-0085-EN,C7_GRAPH_STRUCTURED_RAG,8482029372134,11595.711686,batch-000017,8,11595.70304,0.0,0.003333,8470433669094,0.005313
EXT-PAIR-0088-EN,C7_GRAPH_STRUCTURED_RAG,8482029372134,11595.782116,batch-000017,8,11595.70304,0.0,0.07388,8470433669094,0.005196
EXT-PAIR-0089-EN,C7_GRAPH_STRUCTURED_RAG,8482029372134,11595.720343,batch-000017,8,11595.70304,0.0,0.010253,8470433669094,0.00705
EXT-PAIR-0091-EN,C7_GRAPH_STRUCTURED_RAG,8482029372134,11595.726193,batch-000017,8,11595.70304,0.0,0.020924,8470433669094,0.002229
EXT-PAIR-0091-KO,C7_GRAPH_STRUCTURED_RAG,8482029372134,11595.717808,batch-000017,8,11595.70304,0.0,0.008675,8470433669094,0.006093
EXT-PAIR-0094-EN,C7_GRAPH_STRUCTURED_RAG,8482029372134,11595.718314,batch-000017,8,11595.70304,0.0,0.00492,8470433669094,0.010354
EXT-PAIR-0096-EN,C7_GRAPH_STRUCTURED_RAG,8482029372134,11595.712447,batch-000017,8,11595.70304,0.0,0.004135,8470433669094,0.005272
EXT-PAIR-0099-KO,C7_GRAPH_STRUCTURED_RAG,8482029372134,11595.716309000001,batch-000017,8,11595.70304,0.0,0.0038,8470433669094,0.009469
EXT-PAIR-0104-KO,C7_GRAPH_STRUCTURED_RAG,8493747286462,11717.694564000001,batch-000018,8,11717.683692,0.0,0.003538,8482029602770,0.007334
EXT-PAIR-0109-KO,C7_GRAPH_STRUCTURED_RAG,8493747286462,11717.695808,batch-000018,8,11717.683692,0.0,0.003549,8482029602770,0.008567
EXT-PAIR-0115-KO,C7_GRAPH_STRUCTURED_RAG,8493747286462,11717.692943,batch-000018,8,11717.683692,0.0,0.003701,8482029602770,0.00555
EXT-PAIR-0116-KO,C7_GRAPH_STRUCTURED_RAG,8493747286462,11717.695063000001,batch-000018,8,11717.683692,0.0,0.003546,8482029602770,0.007825
EXT-PAIR-0117-EN,C7_GRAPH_STRUCTURED_RAG,8493747286462,11717.694932999999,batch-000018,8,11717.683692,0.0,0.003431,8482029602770,0.00781
EXT-PAIR-0121-EN,C7_GRAPH_STRUCTURED_RAG,8493747286462,11717.693214,batch-000018,8,11717.683692,0.0,0.004161,8482029602770,0.005361
EXT-PAIR-0128-KO,C7_GRAPH_STRUCTURED_RAG,8493747286462,11717.695459,batch-000018,8,11717.683692,0.0,0.004193,8482029602770,0.007574
EXT-PAIR-0136-KO,C7_GRAPH_STRUCTURED_RAG,8493747286462,11717.694962000001,batch-000018,8,11717.683692,0.0,0.003886,8482029602770,0.007384
EXT-PAIR-0140-EN,C7_GRAPH_STRUCTURED_RAG,8505497819840,11750.282843,batch-000019,8,11750.271428,0.0,0.003849,8493747548412,0.007566
EXT-PAIR-0140-KO,C7_GRAPH_STRUCTURED_RAG,8505497819840,11750.277676,batch-000019,8,11750.271428,0.0,0.003691,8493747548412,0.002557
EXT-PAIR-0143-EN,C7_GRAPH_STRUCTURED_RAG,8505497819840,11750.277377999999,batch-000019,8,11750.271428,0.0,0.003443,8493747548412,0.002507
EXT-PAIR-0144-EN,C7_GRAPH_STRUCTURED_RAG,8505497819840,11750.29101,batch-000019,8,11750.271428,0.0,0.003484,8493747548412,0.016098
EXT-PAIR-0146-EN,C7_GRAPH_STRUCTURED_RAG,8505497819840,11750.277721,batch-000019,8,11750.271428,0.0,0.003374,8493747548412,0.002919
EXT-PAIR-0148-EN,C7_GRAPH_STRUCTURED_RAG,8505497819840,11750.277366999999,batch-000019,8,11750.271428,0.0,0.003443,8493747548412,0.002496
EXT-PAIR-0148-KO,C7_GRAPH_STRUCTURED_RAG,8505497819840,11750.276887,batch-000019,8,11750.271428,0.0,0.003266,8493747548412,0.002193
EXT-PAIR-0149-KO,C7_GRAPH_STRUCTURED_RAG,8505497819840,11750.282642,batch-000019,8,11750.271428,0.0,0.003333,8493747548412,0.007881
EXT-PAIR-0150-KO,C7_GRAPH_STRUCTURED_RAG,8517243485421,11745.446446,batch-000020,8,11745.440125,0.0,0.003847,8505498045296,0.002474
EXT-PAIR-0152-KO,C7_GRAPH_STRUCTURED_RAG,8517243485421,11745.458894,batch-000020,8,11745.440125,0.0,0.00328,8505498045296,0.015489
EXT-PAIR-0154-KO,C7_GRAPH_STRUCTURED_RAG,8517243485421,11745.452674999999,batch-000020,8,11745.440125,0.0,0.003449,8505498045296,0.009101
EXT-PAIR-0157-KO,C7_GRAPH_STRUCTURED_RAG,8517243485421,11745.450248,batch-000020,8,11745.440125,0.0,0.003515,8505498045296,0.006608
EXT-PAIR-0159-EN,C7_GRAPH_STRUCTURED_RAG,8517243485421,11745.457271,batch-000020,8,11745.440125,0.0,0.003688,8505498045296,0.013458
EXT-PAIR-0161-EN,C7_GRAPH_STRUCTURED_RAG,8517243485421,11745.446471,batch-000020,8,11745.440125,0.0,0.003317,8505498045296,0.003029
EXT-PAIR-0162-EN,C7_GRAPH_STRUCTURED_RAG,8517243485421,11745.446076,batch-000020,8,11745.440125,0.0,0.003366,8505498045296,0.002585
EXT-PAIR-0166-EN,C7_GRAPH_STRUCTURED_RAG,8517243485421,11745.446285999999,batch-000020,8,11745.440125,0.0,0.003437,8505498045296,0.002724
EXT-PAIR-0166-KO,C7_GRAPH_STRUCTURED_RAG,8528923846722,11680.151316,batch-000021,8,11680.139102,0.0,0.003483,8517243707620,0.008731
EXT-PAIR-0167-EN,C7_GRAPH_STRUCTURED_RAG,8528923846722,11680.15063,batch-000021,8,11680.139102,0.0,0.003482,8517243707620,0.008046
EXT-PAIR-0169-EN,C7_GRAPH_STRUCTURED_RAG,8528923846722,11680.144811,batch-000021,8,11680.139102,0.0,0.003182,8517243707620,0.002527
EXT-PAIR-0170-EN,C7_GRAPH_STRUCTURED_RAG,8528923846722,11680.144790999999,batch-000021,8,11680.139102,0.0,0.003233,8517243707620,0.002456
EXT-PAIR-0174-KO,C7_GRAPH_STRUCTURED_RAG,8528923846722,11680.151410999999,batch-000021,8,11680.139102,0.0,0.003894,8517243707620,0.008415
EXT-PAIR-0175-EN,C7_GRAPH_STRUCTURED_RAG,8528923846722,11680.150247,batch-000021,8,11680.139102,0.0,0.00373,8517243707620,0.007415
EXT-PAIR-0179-EN,C7_GRAPH_STRUCTURED_RAG,8528923846722,11680.149709999998,batch-000021,8,11680.139102,0.0,0.003416,8517243707620,0.007192
EXT-PAIR-0184-KO,C7_GRAPH_STRUCTURED_RAG,8528923846722,11680.149956,batch-000021,8,11680.139102,0.0,0.003518,8517243707620,0.007336
EXT-PAIR-0191-EN,C7_GRAPH_STRUCTURED_RAG,8540688644189,11764.597946000002,batch-000022,8,11764.587078,0.0,0.003538,8528924057111,0.00733
EXT-PAIR-0191-KO,C7_GRAPH_STRUCTURED_RAG,8540688644189,11764.608665,batch-000022,8,11764.587078,0.0,0.003466,8528924057111,0.018121
EXT-PAIR-0193-EN,C7_GRAPH_STRUCTURED_RAG,8540688644189,11764.594756,batch-000022,8,11764.587078,0.0,0.003398,8528924057111,0.00428
EXT-PAIR-0194-EN,C7_GRAPH_STRUCTURED_RAG,8540688644189,11764.598809000001,batch-000022,8,11764.587078,0.0,0.00335,8528924057111,0.008381
EXT-PAIR-0194-KO,C7_GRAPH_STRUCTURED_RAG,8540688644189,11764.598222,batch-000022,8,11764.587078,0.0,0.00367,8528924057111,0.007474
EXT-PAIR-0195-EN,C7_GRAPH_STRUCTURED_RAG,8540688644189,11764.597789,batch-000022,8,11764.587078,0.0,0.003373,8528924057111,0.007338
EXT-PAIR-0195-KO,C7_GRAPH_STRUCTURED_RAG,8540688644189,11764.596529000002,batch-000022,8,11764.587078,0.0,0.003608,8528924057111,0.005843
EXT-PARAPHRASE-0003,C7_GRAPH_STRUCTURED_RAG,8540688644189,11764.597962000002,batch-000022,8,11764.587078,0.0,0.003397,8528924057111,0.007487
EXT-PARAPHRASE-0004,C7_GRAPH_STRUCTURED_RAG,8552442648983,11754.038408999999,batch-000023,8,11753.776718,0.0,0.003322,8540688872265,0.258369
EXT-PARAPHRASE-0005,C7_GRAPH_STRUCTURED_RAG,8552442648983,11753.785106,batch-000023,8,11753.776718,0.0,0.003456,8540688872265,0.004932
EXT-PARAPHRASE-0020,C7_GRAPH_STRUCTURED_RAG,8552442648983,11753.782901999999,batch-000023,8,11753.776718,0.0,0.003322,8540688872265,0.002862
EXT-PARAPHRASE-0026,C7_GRAPH_STRUCTURED_RAG,8552442648983,11753.782935,batch-000023,8,11753.776718,0.0,0.003687,8540688872265,0.00253
EXT-PARAPHRASE-0028,C7_GRAPH_STRUCTURED_RAG,8552442648983,11753.782287999999,batch-000023,8,11753.776718,0.0,0.003235,8540688872265,0.002335
EXT-PARAPHRASE-0030,C7_GRAPH_STRUCTURED_RAG,8552442648983,11753.788967,batch-000023,8,11753.776718,0.0,0.003236,8540688872265,0.009013
EXT-PARAPHRASE-0034,C7_GRAPH_STRUCTURED_RAG,8552442648983,11753.788841999998,batch-000023,8,11753.776718,0.0,0.003329,8540688872265,0.008795
EXT-PARAPHRASE-0039,C7_GRAPH_STRUCTURED_RAG,8552442648983,11753.784819,batch-000023,8,11753.776718,0.0,0.00335,8540688872265,0.004751
EXT-PARAPHRASE-0069,C7_GRAPH_STRUCTURED_RAG,8564192439850,11749.574184,batch-000024,8,11749.566879,0.0,0.003394,8552442872971,0.003911
EXT-PARAPHRASE-0076,C7_GRAPH_STRUCTURED_RAG,8564192439850,11749.576226000001,batch-000024,8,11749.566879,0.0,0.003606,8552442872971,0.005741
EXT-PARAPHRASE-0080,C7_GRAPH_STRUCTURED_RAG,8564192439850,11749.583539000001,batch-000024,8,11749.566879,0.0,0.008465,8552442872971,0.008195
EXT-PARAPHRASE-0091,C7_GRAPH_STRUCTURED_RAG,8564192439850,11749.584855,batch-000024,8,11749.566879,0.0,0.003453,8552442872971,0.014523
EXT-PARAPHRASE-0097,C7_GRAPH_STRUCTURED_RAG,8564192439850,11749.573021,batch-000024,8,11749.566879,0.0,0.00329,8552442872971,0.002852
EXT-PARAPHRASE-0101,C7_GRAPH_STRUCTURED_RAG,8564192439850,11749.573031000002,batch-000024,8,11749.566879,0.0,0.003479,8552442872971,0.002673
EXT-PARAPHRASE-0114,C7_GRAPH_STRUCTURED_RAG,8564192439850,11749.579158,batch-000024,8,11749.566879,0.0,0.003294,8552442872971,0.008985
EXT-PARAPHRASE-0121,C7_GRAPH_STRUCTURED_RAG,8564192439850,11749.578524999999,batch-000024,8,11749.566879,0.0,0.003266,8552442872971,0.00838
EXT-PARAPHRASE-0150,C7_GRAPH_STRUCTURED_RAG,8575986649017,11793.981151,batch-000025,8,11793.972258,0.0,0.003086,8564192676759,0.005807
EXT-PARAPHRASE-0154,C7_GRAPH_STRUCTURED_RAG,8575986649017,11793.983171,batch-000025,8,11793.972258,0.0,0.003085,8564192676759,0.007828
EXT-PARAPHRASE-0158,C7_GRAPH_STRUCTURED_RAG,8575986649017,11793.983246,batch-000025,8,11793.972258,0.0,0.003158,8564192676759,0.00783
EXT-PARAPHRASE-0159,C7_GRAPH_STRUCTURED_RAG,8575986649017,11793.98394,batch-000025,8,11793.972258,0.0,0.003756,8564192676759,0.007926
EXT-PARAPHRASE-0162,C7_GRAPH_STRUCTURED_RAG,8575986649017,11793.987465,batch-000025,8,11793.972258,0.0,0.003144,8564192676759,0.012063
EXT-PARAPHRASE-0166,C7_GRAPH_STRUCTURED_RAG,8575986649017,11793.978329999998,batch-000025,8,11793.972258,0.0,0.003259,8564192676759,0.002813
EXT-PARAPHRASE-0172,C7_GRAPH_STRUCTURED_RAG,8575986649017,11793.988601,batch-000025,8,11793.972258,0.0,0.003331,8564192676759,0.013012
EXT-PARAPHRASE-0176,C7_GRAPH_STRUCTURED_RAG,8575986649017,11793.982679,batch-000025,8,11793.972258,0.0,0.003471,8564192676759,0.00695
EXT-PARAPHRASE-0183,C7_GRAPH_STRUCTURED_RAG,8588017841486,12030.979624000001,batch-000026,8,12030.963642,0.0,0.003634,8575986877844,0.012348
EXT-PARAPHRASE-0191,C7_GRAPH_STRUCTURED_RAG,8588017841486,12030.976859,batch-000026,8,12030.963642,0.0,0.003485,8575986877844,0.009732
EXT-PARAPHRASE-0194,C7_GRAPH_STRUCTURED_RAG,8588017841486,12030.971879,batch-000026,8,12030.963642,0.0,0.003284,8575986877844,0.004953
EXT-PARAPHRASE-0197,C7_GRAPH_STRUCTURED_RAG,8588017841486,12030.975935,batch-000026,8,12030.963642,0.0,0.00322,8575986877844,0.009073
EXT-POLICY_CONFLICT-0001,C7_GRAPH_STRUCTURED_RAG,8588017841486,12031.086944,batch-000026,8,12030.963642,0.0,0.114486,8575986877844,0.008816
EXT-POLICY_CONFLICT-0010,C7_GRAPH_STRUCTURED_RAG,8588017841486,12030.975575,batch-000026,8,12030.963642,0.0,0.003756,8575986877844,0.008177
EXT-POLICY_CONFLICT-0012,C7_GRAPH_STRUCTURED_RAG,8588017841486,12030.975124,batch-000026,8,12030.963642,0.0,0.003344,8575986877844,0.008138
EXT-POLICY_CONFLICT-0015,C7_GRAPH_STRUCTURED_RAG,8588017841486,12030.972214000001,batch-000026,8,12030.963642,0.0,0.003831,8575986877844,0.004741
EXT-POLICY_CONFLICT-0017,C7_GRAPH_STRUCTURED_RAG,8599892626058,11874.554957,batch-000027,8,11874.542336,0.0,0.003424,8588018083722,0.009197
EXT-POLICY_CONFLICT-0019,C7_GRAPH_STRUCTURED_RAG,8599892626058,11874.554513,batch-000027,8,11874.542336,0.0,0.003496,8588018083722,0.008681
EXT-POLICY_CONFLICT-0022,C7_GRAPH_STRUCTURED_RAG,8599892626058,11874.548255,batch-000027,8,11874.542336,0.0,0.003227,8588018083722,0.002692
EXT-POLICY_CONFLICT-0027,C7_GRAPH_STRUCTURED_RAG,8599892626058,11874.554368000001,batch-000027,8,11874.542336,0.0,0.003552,8588018083722,0.00848
EXT-POLICY_CONFLICT-0030,C7_GRAPH_STRUCTURED_RAG,8599892626058,11874.551121,batch-000027,8,11874.542336,0.0,0.003201,8588018083722,0.005584
EXT-POLICY_CONFLICT-0034,C7_GRAPH_STRUCTURED_RAG,8599892626058,11874.553036,batch-000027,8,11874.542336,0.0,0.003094,8588018083722,0.007606
EXT-POLICY_CONFLICT-0043,C7_GRAPH_STRUCTURED_RAG,8599892626058,11874.553979,batch-000027,8,11874.542336,0.0,0.00331,8588018083722,0.008333
EXT-POLICY_CONFLICT-0044,C7_GRAPH_STRUCTURED_RAG,8599892626058,11874.548103000001,batch-000027,8,11874.542336,0.0,0.003352,8588018083722,0.002415
EXT-POLICY_CONFLICT-0055,C7_GRAPH_STRUCTURED_RAG,8611837488105,11944.622971,batch-000028,8,11944.615704,0.0,0.003257,8599892872401,0.00401
EXT-POLICY_CONFLICT-0056,C7_GRAPH_STRUCTURED_RAG,8611837488105,11944.621571,batch-000028,8,11944.615704,0.0,0.003226,8599892872401,0.002641
EXT-POLICY_CONFLICT-0057,C7_GRAPH_STRUCTURED_RAG,8611837488105,11944.627908,batch-000028,8,11944.615704,0.0,0.003508,8599892872401,0.008696
EXT-POLICY_CONFLICT-0060,C7_GRAPH_STRUCTURED_RAG,8611837488105,11944.624935,batch-000028,8,11944.615704,0.0,0.003692,8599892872401,0.005539
EXT-POLICY_CONFLICT-0061,C7_GRAPH_STRUCTURED_RAG,8611837488105,11944.627284,batch-000028,8,11944.615704,0.0,0.00359,8599892872401,0.00799
EXT-POLICY_CONFLICT-0062,C7_GRAPH_STRUCTURED_RAG,8611837488105,11944.626787,batch-000028,8,11944.615704,0.0,0.003332,8599892872401,0.007751
EXT-POLICY_CONFLICT-0065,C7_GRAPH_STRUCTURED_RAG,8611837488105,11944.627518,batch-000028,8,11944.615704,0.0,0.003546,8599892872401,0.008268
EXT-POLICY_CONFLICT-0066,C7_GRAPH_STRUCTURED_RAG,8611837488105,11944.621621,batch-000028,8,11944.615704,0.0,0.003261,8599892872401,0.002656
EXT-POLICY_CONFLICT-0071,C7_GRAPH_STRUCTURED_RAG,8623753711390,11916.013164,batch-000029,8,11916.001834,0.0,0.003224,8611837709556,0.008106
EXT-POLICY_CONFLICT-0073,C7_GRAPH_STRUCTURED_RAG,8623753711390,11916.013695000001,batch-000029,8,11916.001834,0.0,0.003226,8611837709556,0.008635
EXT-POLICY_CONFLICT-0075,C7_GRAPH_STRUCTURED_RAG,8623753711390,11916.013287,batch-000029,8,11916.001834,0.0,0.003394,8611837709556,0.008059
EXT-POLICY_CONFLICT-0080,C7_GRAPH_STRUCTURED_RAG,8623753711390,11916.013053,batch-000029,8,11916.001834,0.0,0.003349,8611837709556,0.00787
EXT-POLICY_CONFLICT-0081,C7_GRAPH_STRUCTURED_RAG,8623753711390,11916.013935,batch-000029,8,11916.001834,0.0,0.003471,8611837709556,0.00863
EXT-POLICY_CONFLICT-0086,C7_GRAPH_STRUCTURED_RAG,8623753711390,11916.00757,batch-000029,8,11916.001834,0.0,0.00318,8611837709556,0.002556
EXT-POLICY_CONFLICT-0091,C7_GRAPH_STRUCTURED_RAG,8623753711390,11916.007635,batch-000029,8,11916.001834,0.0,0.00326,8611837709556,0.002541
EXT-POLICY_CONFLICT-0094,C7_GRAPH_STRUCTURED_RAG,8623753711390,11916.012736,batch-000029,8,11916.001834,0.0,0.003172,8611837709556,0.00773
EXT-POLICY_CONFLICT-0095,C7_GRAPH_STRUCTURED_RAG,8634741852615,10833.727607,batch-000030,4,10833.720369,0.0,0.003201,8623908132246,0.004037
EXT-POLICY_CONFLICT-0098,C7_GRAPH_STRUCTURED_RAG,8634741852615,10833.731691,batch-000030,4,10833.720369,0.0,0.003218,8623908132246,0.008104
EXT-POLICY_CONFLICT-0099,C7_GRAPH_STRUCTURED_RAG,8634741852615,10833.728176,batch-000030,4,10833.720369,0.0,0.003628,8623908132246,0.004179
EXT-POLICY_CONFLICT-0100,C7_GRAPH_STRUCTURED_RAG,8634741852615,10833.7294,batch-000030,4,10833.720369,0.0,0.003297,8623908132246,0.005734
SEC3B-000-EN,C7_GRAPH_STRUCTURED_RAG,8649196404365,14454.414805999999,batch-000030,4,14454.366542,0.0,0.020111,8634742037823,0.028153
SEC3B-000-KO,C7_GRAPH_STRUCTURED_RAG,8649196404365,14454.398221000001,batch-000030,4,14454.366542,0.0,0.013478,8634742037823,0.018201
SEC3B-001-KO,C7_GRAPH_STRUCTURED_RAG,8649196404365,14454.390959,batch-000030,4,14454.366542,0.0,0.011807,8634742037823,0.01261
SEC3B-002-EN,C7_GRAPH_STRUCTURED_RAG,8649196404365,14454.3907,batch-000030,4,14454.366542,0.0,0.012324,8634742037823,0.011834
SEC3B-005-EN,C7_GRAPH_STRUCTURED_RAG,8664028391705,14704.519520000002,batch-000031,4,14704.49745,0.0,0.012284,8649323894255,0.009786
SEC3B-005-KO,C7_GRAPH_STRUCTURED_RAG,8664028391705,14704.522132000002,batch-000031,4,14704.49745,0.0,0.011854,8649323894255,0.012828
SEC3B-009-KO,C7_GRAPH_STRUCTURED_RAG,8664028391705,14704.520447,batch-000031,4,14704.49745,0.0,0.011568,8649323894255,0.011429
SEC3B-010-EN,C7_GRAPH_STRUCTURED_RAG,8664028391705,14704.520591,batch-000031,4,14704.49745,0.0,0.011884,8649323894255,0.011257
SEC3B-012-EN,C7_GRAPH_STRUCTURED_RAG,8678907237160,14878.640191,batch-000031,4,14878.613852,0.0,0.011916,8664028623308,0.014423
SEC3B-012-KO,C7_GRAPH_STRUCTURED_RAG,8678907237160,14878.638432,batch-000031,4,14878.613852,0.0,0.011676,8664028623308,0.012904
SEC3B-013-EN,C7_GRAPH_STRUCTURED_RAG,8678907237160,14878.639044,batch-000031,4,14878.613852,0.0,0.011674,8664028623308,0.013518
SEC3B-014-KO,C7_GRAPH_STRUCTURED_RAG,8678907237160,14878.638815,batch-000031,4,14878.613852,0.0,0.011489,8664028623308,0.013474
SEC3B-015-EN,C7_GRAPH_STRUCTURED_RAG,8693868885639,14814.74705,batch-000032,4,14814.721983,0.0,0.011501,8679054163656,0.013566
SEC3B-016-EN,C7_GRAPH_STRUCTURED_RAG,8693868885639,14814.747476,batch-000032,4,14814.721983,0.0,0.012112,8679054163656,0.013381
SEC3B-016-KO,C7_GRAPH_STRUCTURED_RAG,8693868885639,14814.746345,batch-000032,4,14814.721983,0.0,0.011541,8679054163656,0.012821
SEC3B-018-EN,C7_GRAPH_STRUCTURED_RAG,8693868885639,14814.746959999999,batch-000032,4,14814.721983,0.0,0.011723,8679054163656,0.013254
SEC3B-020-EN,C7_GRAPH_STRUCTURED_RAG,8708838861399,14969.798872,batch-000032,4,14969.772907,0.0,0.013233,8693869088492,0.012732
SEC3B-020-KO,C7_GRAPH_STRUCTURED_RAG,8708838861399,14969.79767,batch-000032,4,14969.772907,0.0,0.01205,8693869088492,0.012713
SEC3B-021-KO,C7_GRAPH_STRUCTURED_RAG,8708838861399,14969.801629,batch-000032,4,14969.772907,0.0,0.012356,8693869088492,0.016366
SEC3B-023-EN,C7_GRAPH_STRUCTURED_RAG,8708838861399,14969.798904000001,batch-000032,4,14969.772907,0.0,0.011563,8693869088492,0.014434
SEC3B-025-EN,C7_GRAPH_STRUCTURED_RAG,8723795585186,14824.793896,batch-000033,4,14824.740649,0.0,0.040353,8708970844537,0.012894
SEC3B-025-KO,C7_GRAPH_STRUCTURED_RAG,8723795585186,14824.769167,batch-000033,4,14824.740649,0.0,0.015654,8708970844537,0.012864
SEC3B-026-EN,C7_GRAPH_STRUCTURED_RAG,8723795585186,14824.767855,batch-000033,4,14824.740649,0.0,0.014348,8708970844537,0.012858
SEC3B-028-KO,C7_GRAPH_STRUCTURED_RAG,8723795585186,14824.766081,batch-000033,4,14824.740649,0.0,0.012739,8708970844537,0.012693
SEC3B-030-EN,C7_GRAPH_STRUCTURED_RAG,8738247673805,14451.943042,batch-000033,4,14451.917787,0.0,0.011992,8723795756018,0.013263
SEC3B-030-KO,C7_GRAPH_STRUCTURED_RAG,8738247673805,14451.942992,batch-000033,4,14451.917787,0.0,0.012111,8723795756018,0.013094
SEC3B-031-EN,C7_GRAPH_STRUCTURED_RAG,8738247673805,14451.942414000001,batch-000033,4,14451.917787,0.0,0.011729,8723795756018,0.012898
SEC3B-032-EN,C7_GRAPH_STRUCTURED_RAG,8738247673805,14451.942213,batch-000033,4,14451.917787,0.0,0.011683,8723795756018,0.012743
SEC3B-032-KO,C7_GRAPH_STRUCTURED_RAG,8753100987178,14724.908863999999,batch-000034,4,14724.884097,0.0,0.012088,8738376103081,0.012679
SEC3B-034-EN,C7_GRAPH_STRUCTURED_RAG,8753100987178,14724.912996000001,batch-000034,4,14724.884097,0.0,0.015551,8738376103081,0.013348
SEC3B-037-KO,C7_GRAPH_STRUCTURED_RAG,8753100987178,14724.909623,batch-000034,4,14724.884097,0.0,0.01231,8738376103081,0.013216
SEC3B-038-KO,C7_GRAPH_STRUCTURED_RAG,8753100987178,14724.91019,batch-000034,4,14724.884097,0.0,0.012551,8738376103081,0.013542
SEC3B-039-EN,C7_GRAPH_STRUCTURED_RAG,8768011482166,14910.336876,batch-000034,4,14910.311355,0.0,0.012421,8753101170811,0.0131
SEC3B-040-KO,C7_GRAPH_STRUCTURED_RAG,8768011482166,14910.336818,batch-000034,4,14910.311355,0.0,0.012539,8753101170811,0.012924
SEC3B-043-EN,C7_GRAPH_STRUCTURED_RAG,8768011482166,14910.337233,batch-000034,4,14910.311355,0.0,0.012886,8753101170811,0.012992
SEC3B-043-KO,C7_GRAPH_STRUCTURED_RAG,8768011482166,14910.337171000001,batch-000034,4,14910.311355,0.0,0.013397,8753101170811,0.012419
SEC3B-044-KO,C7_GRAPH_STRUCTURED_RAG,8782975653444,14833.933979,batch-000035,4,14833.906794,0.0,0.012551,8768141746650,0.014634
SEC3B-045-EN,C7_GRAPH_STRUCTURED_RAG,8782975653444,14833.931277000002,batch-000035,4,14833.906794,0.0,0.011816,8768141746650,0.012667
SEC3B-048-KO,C7_GRAPH_STRUCTURED_RAG,8782975653444,14833.932305,batch-000035,4,14833.906794,0.0,0.012406,8768141746650,0.013105
SEC3B-050-EN,C7_GRAPH_STRUCTURED_RAG,8782975653444,14833.932929,batch-000035,4,14833.906794,0.0,0.012602,8768141746650,0.013533
SEC3B-051-KO,C7_GRAPH_STRUCTURED_RAG,8797827758519,14851.949809,batch-000035,4,14851.923289,0.0,0.012447,8782975835230,0.014073
SEC3B-052-EN,C7_GRAPH_STRUCTURED_RAG,8797827758519,14851.948865,batch-000035,4,14851.923289,0.0,0.011754,8782975835230,0.013822
SEC3B-053-EN,C7_GRAPH_STRUCTURED_RAG,8797827758519,14851.959995,batch-000035,4,14851.923289,0.0,0.012265,8782975835230,0.024441
SEC3B-054-KO,C7_GRAPH_STRUCTURED_RAG,8797827758519,14851.955363000001,batch-000035,4,14851.923289,0.0,0.012562,8782975835230,0.019512
SEC3B-059-EN,C7_GRAPH_STRUCTURED_RAG,8812659701543,14708.664770000001,batch-000036,4,14708.637026,0.0,0.013337,8797951064517,0.014407
SEC3B-060-EN,C7_GRAPH_STRUCTURED_RAG,8812659701543,14708.661855999999,batch-000036,4,14708.637026,0.0,0.011776,8797951064517,0.013054
SEC3B-061-EN,C7_GRAPH_STRUCTURED_RAG,8812659701543,14708.661494,batch-000036,4,14708.637026,0.0,0.011513,8797951064517,0.012955
SEC3B-069-KO,C7_GRAPH_STRUCTURED_RAG,8812659701543,14708.661695,batch-000036,4,14708.637026,0.0,0.011877,8797951064517,0.012792
SEC3B-071-EN,C7_GRAPH_STRUCTURED_RAG,8827673700057,15013.758301,batch-000036,4,15013.735734,0.0,0.011942,8812659964323,0.010625
SEC3B-072-EN,C7_GRAPH_STRUCTURED_RAG,8827673700057,15013.757725,batch-000036,4,15013.735734,0.0,0.012091,8812659964323,0.0099
SEC3B-073-KO,C7_GRAPH_STRUCTURED_RAG,8827673700057,15013.761052,batch-000036,4,15013.735734,0.0,0.012303,8812659964323,0.013015
SEC3B-076-EN,C7_GRAPH_STRUCTURED_RAG,8827673700057,15013.759728,batch-000036,4,15013.735734,0.0,0.01171,8812659964323,0.012284
SEC3B-077-EN,C7_GRAPH_STRUCTURED_RAG,8842490167855,14691.68915,batch-000037,4,14691.660719,0.0,0.015782,8827798507136,0.012649
SEC3B-078-EN,C7_GRAPH_STRUCTURED_RAG,8842490167855,14691.684545,batch-000037,4,14691.660719,0.0,0.011289,8827798507136,0.012537
SEC3B-081-KO,C7_GRAPH_STRUCTURED_RAG,8842490167855,14691.68528,batch-000037,4,14691.660719,0.0,0.012086,8827798507136,0.012475
SEC3B-082-EN,C7_GRAPH_STRUCTURED_RAG,8842490167855,14691.68622,batch-000037,4,14691.660719,0.0,0.013037,8827798507136,0.012464
SEC3B-084-EN,C7_GRAPH_STRUCTURED_RAG,8857354945870,14864.580722,batch-000037,4,14864.559429,0.0,0.011601,8842490386441,0.009692
SEC3B-086-KO,C7_GRAPH_STRUCTURED_RAG,8857354945870,14864.584969,batch-000037,4,14864.559429,0.0,0.012485,8842490386441,0.013055
SEC3B-087-KO,C7_GRAPH_STRUCTURED_RAG,8857354945870,14864.605582000002,batch-000037,4,14864.559429,0.0,0.012441,8842490386441,0.033712
SEC3B-088-EN,C7_GRAPH_STRUCTURED_RAG,8857354945870,14864.583974000001,batch-000037,4,14864.559429,0.0,0.01153,8842490386441,0.013015
SEC3B-089-EN,C7_GRAPH_STRUCTURED_RAG,8872071340239,14588.142252,batch-000038,4,14588.117751,0.0,0.011691,8857483222488,0.01281
SEC3B-090-EN,C7_GRAPH_STRUCTURED_RAG,8872071340239,14588.140429000001,batch-000038,4,14588.117751,0.0,0.012483,8857483222488,0.010195
SEC3B-090-KO,C7_GRAPH_STRUCTURED_RAG,8872071340239,14588.142929,batch-000038,4,14588.117751,0.0,0.012007,8857483222488,0.013171
SEC3B-093-EN,C7_GRAPH_STRUCTURED_RAG,8872071340239,14588.139507,batch-000038,4,14588.117751,0.0,0.012031,8857483222488,0.009725
SEC3B-093-KO,C7_GRAPH_STRUCTURED_RAG,8886707789246,14636.295198,batch-000038,4,14636.273652,0.0,0.012035,8872071515594,0.009511
SEC3B-099-KO,C7_GRAPH_STRUCTURED_RAG,8886707789246,14636.313216,batch-000038,4,14636.273652,0.0,0.011923,8872071515594,0.027641
V2C-0004,C7_GRAPH_STRUCTURED_RAG,8886707789246,14636.290704,batch-000038,4,14636.273652,0.0,0.006297,8872071515594,0.010755
V2C-0010,C7_GRAPH_STRUCTURED_RAG,8886707789246,14636.287344,batch-000038,4,14636.273652,0.0,0.005539,8872071515594,0.008153
V2C-0016,C7_GRAPH_STRUCTURED_RAG,8895967984072,9259.786329999999,batch-000039,8,9259.774903,0.0,0.005127,8886708209169,0.0063
V2C-0018,C7_GRAPH_STRUCTURED_RAG,8895967984072,9259.786419,batch-000039,8,9259.774903,0.0,0.0051,8886708209169,0.006416
V2C-0020,C7_GRAPH_STRUCTURED_RAG,8895967984072,9259.785577999999,batch-000039,8,9259.774903,0.0,0.005035,8886708209169,0.00564
V2C-0026,C7_GRAPH_STRUCTURED_RAG,8895967984072,9259.785926999999,batch-000039,8,9259.774903,0.0,0.005302,8886708209169,0.005722
V2C-0027,C7_GRAPH_STRUCTURED_RAG,8895967984072,9259.785466,batch-000039,8,9259.774903,0.0,0.005117,8886708209169,0.005446
V2C-0030,C7_GRAPH_STRUCTURED_RAG,8895967984072,9259.785306999998,batch-000039,8,9259.774903,0.0,0.005167,8886708209169,0.005237
V2C-0032,C7_GRAPH_STRUCTURED_RAG,8895967984072,9259.785048,batch-000039,8,9259.774903,0.0,0.005007,8886708209169,0.005138
V2C-0034,C7_GRAPH_STRUCTURED_RAG,8895967984072,9259.785344,batch-000039,8,9259.774903,0.0,0.005212,8886708209169,0.005229
V2C-0048,C7_GRAPH_STRUCTURED_RAG,8905128129414,9159.870932999998,batch-000040,8,9159.861001,0.0,0.004727,8895968268413,0.005205
V2C-0056,C7_GRAPH_STRUCTURED_RAG,8905128129414,9159.871222,batch-000040,8,9159.861001,0.0,0.004919,8895968268413,0.005302
V2C-0061,C7_GRAPH_STRUCTURED_RAG,8905128129414,9159.870985,batch-000040,8,9159.861001,0.0,0.004778,8895968268413,0.005206
V2C-0066,C7_GRAPH_STRUCTURED_RAG,8905128129414,9159.871289,batch-000040,8,9159.861001,0.0,0.005171,8895968268413,0.005117
V2C-0072,C7_GRAPH_STRUCTURED_RAG,8905128129414,9159.871918,batch-000040,8,9159.861001,0.0,0.005558,8895968268413,0.005359
V2C-0078,C7_GRAPH_STRUCTURED_RAG,8905128129414,9159.871582,batch-000040,8,9159.861001,0.0,0.00519,8895968268413,0.005391
V2C-0084,C7_GRAPH_STRUCTURED_RAG,8905128129414,9159.871363999999,batch-000040,8,9159.861001,0.0,0.005075,8895968268413,0.005288
V2C-0087,C7_GRAPH_STRUCTURED_RAG,8905128129414,9159.870867,batch-000040,8,9159.861001,0.0,0.004775,8895968268413,0.005091
V2C-0116,C7_GRAPH_STRUCTURED_RAG,8914220259468,9091.903188999999,batch-000041,8,9091.89331,0.0,0.004732,8905128366158,0.005147
V2C-0127,C7_GRAPH_STRUCTURED_RAG,8914220259468,9091.903245,batch-000041,8,9091.89331,0.0,0.004859,8905128366158,0.005076
V2C-0128,C7_GRAPH_STRUCTURED_RAG,8914220259468,9091.90322,batch-000041,8,9091.89331,0.0,0.004852,8905128366158,0.005058
V2C-0137,C7_GRAPH_STRUCTURED_RAG,8914220259468,9091.903664,batch-000041,8,9091.89331,0.0,0.005004,8905128366158,0.00535
V2C-0148,C7_GRAPH_STRUCTURED_RAG,8914220259468,9091.903171,batch-000041,8,9091.89331,0.0,0.004788,8905128366158,0.005073
V2C-0156,C7_GRAPH_STRUCTURED_RAG,8914220259468,9091.903239,batch-000041,8,9091.89331,0.0,0.004853,8905128366158,0.005076
V2C-0172,C7_GRAPH_STRUCTURED_RAG,8914220259468,9091.903703,batch-000041,8,9091.89331,0.0,0.004998,8905128366158,0.005395
V2C-0176,C7_GRAPH_STRUCTURED_RAG,8914220259468,9091.903556999998,batch-000041,8,9091.89331,0.0,0.004973,8905128366158,0.005274
V2C-0181,C7_GRAPH_STRUCTURED_RAG,8926452372494,12231.886111000002,batch-000042,8,12231.87621,0.0,0.004751,8914220496284,0.00515
V2C-0184,C7_GRAPH_STRUCTURED_RAG,8926452372494,12231.886502,batch-000042,8,12231.87621,0.0,0.004893,8914220496284,0.005399
V2C-0197,C7_GRAPH_STRUCTURED_RAG,8926452372494,12231.885784,batch-000042,8,12231.87621,0.0,0.004659,8914220496284,0.004915
V2C-0201,C7_GRAPH_STRUCTURED_RAG,8926452372494,12231.894728000001,batch-000042,8,12231.87621,0.0,0.004773,8914220496284,0.013745
V2C-0202,C7_GRAPH_STRUCTURED_RAG,8926452372494,12231.886796,batch-000042,8,12231.87621,0.0,0.005104,8914220496284,0.005482
V2C-0207,C7_GRAPH_STRUCTURED_RAG,8926452372494,12231.88668,batch-000042,8,12231.87621,0.0,0.004953,8914220496284,0.005517
V2C-0210,C7_GRAPH_STRUCTURED_RAG,8926452372494,12231.886072,batch-000042,8,12231.87621,0.0,0.004765,8914220496284,0.005097
V2C-0219,C7_GRAPH_STRUCTURED_RAG,8926452372494,12231.885974,batch-000042,8,12231.87621,0.0,0.004735,8914220496284,0.005029
V2C-0221,C7_GRAPH_STRUCTURED_RAG,8936161820889,9709.220709,batch-000043,8,9709.210318,0.0,0.004753,8926452610571,0.005638
V2C-0223,C7_GRAPH_STRUCTURED_RAG,8936161820889,9709.220039,batch-000043,8,9709.210318,0.0,0.004684,8926452610571,0.005037
V2C-0229,C7_GRAPH_STRUCTURED_RAG,8936161820889,9709.235105,batch-000043,8,9709.210318,0.0,0.004684,8926452610571,0.020103
V2C-0263,C7_GRAPH_STRUCTURED_RAG,8936161820889,9709.225013,batch-000043,8,9709.210318,0.0,0.004778,8926452610571,0.009917
V2C-0265,C7_GRAPH_STRUCTURED_RAG,8936161820889,9709.222181,batch-000043,8,9709.210318,0.0,0.005294,8926452610571,0.006569
V2C-0274,C7_GRAPH_STRUCTURED_RAG,8936161820889,9709.220742,batch-000043,8,9709.210318,0.0,0.005156,8926452610571,0.005268
V2C-0276,C7_GRAPH_STRUCTURED_RAG,8936161820889,9709.221930999998,batch-000043,8,9709.210318,0.0,0.005,8926452610571,0.006613
V2C-0297,C7_GRAPH_STRUCTURED_RAG,8936161820889,9709.220619,batch-000043,8,9709.210318,0.0,0.004878,8926452610571,0.005423
V2C-0298,C7_GRAPH_STRUCTURED_RAG,8945320358321,9158.305097,batch-000044,8,9158.286064,0.0,0.013626,8936162072257,0.005407
V2C-0300,C7_GRAPH_STRUCTURED_RAG,8945320358321,9158.309091,batch-000044,8,9158.286064,0.0,0.010873,8936162072257,0.012154
V2C-0328,C7_GRAPH_STRUCTURED_RAG,8945320358321,9158.299363999999,batch-000044,8,9158.286064,0.0,0.006913,8936162072257,0.006387
V2C-0342,C7_GRAPH_STRUCTURED_RAG,8945320358321,9158.298253,batch-000044,8,9158.286064,0.0,0.005294,8936162072257,0.006895
V2C-0348,C7_GRAPH_STRUCTURED_RAG,8945320358321,9158.299853,batch-000044,8,9158.286064,0.0,0.008474,8936162072257,0.005315
V2C-0351,C7_GRAPH_STRUCTURED_RAG,8945320358321,9158.297917,batch-000044,8,9158.286064,0.0,0.00496,8936162072257,0.006893
V2C-0354,C7_GRAPH_STRUCTURED_RAG,8945320358321,9158.296128,batch-000044,8,9158.286064,0.0,0.004736,8936162072257,0.005328
V2C-0357,C7_GRAPH_STRUCTURED_RAG,8945320358321,9158.296398999999,batch-000044,8,9158.286064,0.0,0.004819,8936162072257,0.005516
V2C-0360,C7_GRAPH_STRUCTURED_RAG,8954556812990,9236.183260999998,batch-000045,8,9236.173178,0.0,0.004621,8945320639812,0.005462
V2C-0365,C7_GRAPH_STRUCTURED_RAG,8954556812990,9236.183323,batch-000045,8,9236.173178,0.0,0.004669,8945320639812,0.005476
V2C-0369,C7_GRAPH_STRUCTURED_RAG,8954556812990,9236.183120999998,batch-000045,8,9236.173178,0.0,0.004517,8945320639812,0.005426
V2C-0370,C7_GRAPH_STRUCTURED_RAG,8954556812990,9236.183751999999,batch-000045,8,9236.173178,0.0,0.004916,8945320639812,0.005658
V2C-0374,C7_GRAPH_STRUCTURED_RAG,8954556812990,9236.184098999998,batch-000045,8,9236.173178,0.0,0.005173,8945320639812,0.005748
V2C-0380,C7_GRAPH_STRUCTURED_RAG,8954556812990,9236.184008999999,batch-000045,8,9236.173178,0.0,0.004879,8945320639812,0.005952
V2C-0384,C7_GRAPH_STRUCTURED_RAG,8954556812990,9236.184317,batch-000045,8,9236.173178,0.0,0.005063,8945320639812,0.006076
V2C-0396,C7_GRAPH_STRUCTURED_RAG,8954556812990,9236.183524999999,batch-000045,8,9236.173178,0.0,0.004901,8945320639812,0.005446
V2C-0399,C7_GRAPH_STRUCTURED_RAG,8966693524681,12136.484329,batch-000046,8,12136.474207,0.0,0.004843,8954557050474,0.005279
V2C-0400,C7_GRAPH_STRUCTURED_RAG,8966693524681,12136.484857,batch-000046,8,12136.474207,0.0,0.004736,8954557050474,0.005914
V2C-0401,C7_GRAPH_STRUCTURED_RAG,8966693524681,12136.493247,batch-000046,8,12136.474207,0.0,0.005068,8954557050474,0.013972
V2C-0403,C7_GRAPH_STRUCTURED_RAG,8966693524681,12136.484735999999,batch-000046,8,12136.474207,0.0,0.004989,8954557050474,0.00554
V2C-0409,C7_GRAPH_STRUCTURED_RAG,8966693524681,12136.484332,batch-000046,8,12136.474207,0.0,0.004873,8954557050474,0.005252
V2C-0415,C7_GRAPH_STRUCTURED_RAG,8966693524681,12136.500127,batch-000046,8,12136.474207,0.0,0.004744,8954557050474,0.021176
V2C-0418,C7_GRAPH_STRUCTURED_RAG,8966693524681,12136.485852999998,batch-000046,8,12136.474207,0.0,0.004668,8954557050474,0.006978
V2C-0424,C7_GRAPH_STRUCTURED_RAG,8966693524681,12136.485540999998,batch-000046,8,12136.474207,0.0,0.004807,8954557050474,0.006527
V2C-0427,C7_GRAPH_STRUCTURED_RAG,8978812044746,12118.317993,batch-000047,8,12118.307708,0.0,0.004797,8966693737038,0.005488
V2C-0430,C7_GRAPH_STRUCTURED_RAG,8978812044746,12118.318025,batch-000047,8,12118.307708,0.0,0.00482,8966693737038,0.005497
V2C-0431,C7_GRAPH_STRUCTURED_RAG,8978812044746,12118.324081,batch-000047,8,12118.307708,0.0,0.004704,8966693737038,0.011669
V2C-0458,C7_GRAPH_STRUCTURED_RAG,8978812044746,12118.317549,batch-000047,8,12118.307708,0.0,0.004613,8966693737038,0.005228
V2C-0462,C7_GRAPH_STRUCTURED_RAG,8978812044746,12118.317575000001,batch-000047,8,12118.307708,0.0,0.004583,8966693737038,0.005284
V2C-0478,C7_GRAPH_STRUCTURED_RAG,8978812044746,12118.3174,batch-000047,8,12118.307708,0.0,0.00461,8966693737038,0.005082
V2C-0487,C7_GRAPH_STRUCTURED_RAG,8978812044746,12118.317713,batch-000047,8,12118.307708,0.0,0.004568,8966693737038,0.005437
V2C-0502,C7_GRAPH_STRUCTURED_RAG,8978812044746,12118.317430000001,batch-000047,8,12118.307708,0.0,0.00468,8966693737038,0.005042
V2C-0505,C7_GRAPH_STRUCTURED_RAG,8987953480881,9141.213007,batch-000048,8,9141.202778,0.0,0.00481,8978812278103,0.005419
V2C-0512,C7_GRAPH_STRUCTURED_RAG,8987953480881,9141.213513,batch-000048,8,9141.202778,0.0,0.005012,8978812278103,0.005723
V2C-0528,C7_GRAPH_STRUCTURED_RAG,8987953480881,9141.241983,batch-000048,8,9141.202778,0.0,0.033898,8978812278103,0.005307
V2C-0530,C7_GRAPH_STRUCTURED_RAG,8987953480881,9141.212814,batch-000048,8,9141.202778,0.0,0.004875,8978812278103,0.005161
V2C-0532,C7_GRAPH_STRUCTURED_RAG,8987953480881,9141.213206,batch-000048,8,9141.202778,0.0,0.004927,8978812278103,0.005501
V2C-0533,C7_GRAPH_STRUCTURED_RAG,8987953480881,9141.212878,batch-000048,8,9141.202778,0.0,0.004683,8978812278103,0.005417
V2C-0536,C7_GRAPH_STRUCTURED_RAG,8987953480881,9141.212659,batch-000048,8,9141.202778,0.0,0.004623,8978812278103,0.005258
V2C-0560,C7_GRAPH_STRUCTURED_RAG,8987953480881,9141.212542000001,batch-000048,8,9141.202778,0.0,0.004482,8978812278103,0.005282
V2C-0575,C7_GRAPH_STRUCTURED_RAG,9000088104488,12134.390404,batch-000049,8,12134.374438,0.0,0.004658,8987953730050,0.011308
V2C-0589,C7_GRAPH_STRUCTURED_RAG,9000088104488,12134.384734,batch-000049,8,12134.374438,0.0,0.004877,8987953730050,0.005419
V2C-0604,C7_GRAPH_STRUCTURED_RAG,9000088104488,12134.384497000001,batch-000049,8,12134.374438,0.0,0.004526,8987953730050,0.005533
V2C-0606,C7_GRAPH_STRUCTURED_RAG,9000088104488,12134.384332000001,batch-000049,8,12134.374438,0.0,0.004532,8987953730050,0.005362
V2C-0611,C7_GRAPH_STRUCTURED_RAG,9000088104488,12134.389653,batch-000049,8,12134.374438,0.0,0.004715,8987953730050,0.0105
V2C-0615,C7_GRAPH_STRUCTURED_RAG,9000088104488,12134.393433000001,batch-000049,8,12134.374438,0.0,0.008379,8987953730050,0.010616
V2C-0617,C7_GRAPH_STRUCTURED_RAG,9000088104488,12134.384747000002,batch-000049,8,12134.374438,0.0,0.005068,8987953730050,0.005241
V2C-0621,C7_GRAPH_STRUCTURED_RAG,9000088104488,12134.390531000001,batch-000049,8,12134.374438,0.0,0.005079,8987953730050,0.011014
V2C-0630,C7_GRAPH_STRUCTURED_RAG,9012230213353,12141.844061,batch-000050,8,12141.834196,0.0,0.004737,9000088379157,0.005128
V2C-0632,C7_GRAPH_STRUCTURED_RAG,9012230213353,12141.84441,batch-000050,8,12141.834196,0.0,0.004873,9000088379157,0.005341
V2C-0635,C7_GRAPH_STRUCTURED_RAG,9012230213353,12141.850077,batch-000050,8,12141.834196,0.0,0.004862,9000088379157,0.011019
V2C-0653,C7_GRAPH_STRUCTURED_RAG,9012230213353,12141.844384,batch-000050,8,12141.834196,0.0,0.004847,9000088379157,0.005341
V2C-0658,C7_GRAPH_STRUCTURED_RAG,9012230213353,12141.844283999999,batch-000050,8,12141.834196,0.0,0.004823,9000088379157,0.005265
V2C-0670,C7_GRAPH_STRUCTURED_RAG,9012230213353,12141.843931,batch-000050,8,12141.834196,0.0,0.004626,9000088379157,0.005109
V2C-0674,C7_GRAPH_STRUCTURED_RAG,9012230213353,12141.843908,batch-000050,8,12141.834196,0.0,0.004623,9000088379157,0.005089
V2C-0681,C7_GRAPH_STRUCTURED_RAG,9012230213353,12141.850166,batch-000050,8,12141.834196,0.0,0.005477,9000088379157,0.010493
V2C-0698,C7_GRAPH_STRUCTURED_RAG,9024376480388,12146.040599,batch-000051,8,12146.030424,0.0,0.004858,9012230449964,0.005317
V2C-0700,C7_GRAPH_STRUCTURED_RAG,9024376480388,12146.041066,batch-000051,8,12146.030424,0.0,0.004914,9012230449964,0.005728
V2C-0701,C7_GRAPH_STRUCTURED_RAG,9024376480388,12146.045876,batch-000051,8,12146.030424,0.0,0.005147,9012230449964,0.010305
V2C-0708,C7_GRAPH_STRUCTURED_RAG,9024376480388,12146.040771,batch-000051,8,12146.030424,0.0,0.005088,9012230449964,0.005259
V2C-0714,C7_GRAPH_STRUCTURED_RAG,9024376480388,12146.040689000001,batch-000051,8,12146.030424,0.0,0.00504,9012230449964,0.005225
V2C-0717,C7_GRAPH_STRUCTURED_RAG,9024376480388,12146.040972,batch-000051,8,12146.030424,0.0,0.004964,9012230449964,0.005584
V2C-0718,C7_GRAPH_STRUCTURED_RAG,9024376480388,12146.040409000001,batch-000051,8,12146.030424,0.0,0.004714,9012230449964,0.005271
V2C-0722,C7_GRAPH_STRUCTURED_RAG,9024376480388,12146.040488,batch-000051,8,12146.030424,0.0,0.00464,9012230449964,0.005424
V2C-0729,C7_GRAPH_STRUCTURED_RAG,9036510816887,12134.106913000001,batch-000052,8,12134.096756,0.0,0.004961,9024376720131,0.005196
V2C-0735,C7_GRAPH_STRUCTURED_RAG,9036510816887,12134.112222,batch-000052,8,12134.096756,0.0,0.004925,9024376720131,0.010541
V2C-0738,C7_GRAPH_STRUCTURED_RAG,9036510816887,12134.106622000001,batch-000052,8,12134.096756,0.0,0.004712,9024376720131,0.005154
V2C-0744,C7_GRAPH_STRUCTURED_RAG,9036510816887,12134.10685,batch-000052,8,12134.096756,0.0,0.004788,9024376720131,0.005306
V2C-0745,C7_GRAPH_STRUCTURED_RAG,9036510816887,12134.106696,batch-000052,8,12134.096756,0.0,0.004763,9024376720131,0.005177
V2C-0757,C7_GRAPH_STRUCTURED_RAG,9036510816887,12134.106799000001,batch-000052,8,12134.096756,0.0,0.004888,9024376720131,0.005155
V2C-0761,C7_GRAPH_STRUCTURED_RAG,9036510816887,12134.111711000001,batch-000052,8,12134.096756,0.0,0.004745,9024376720131,0.01021
V2C-0767,C7_GRAPH_STRUCTURED_RAG,9036510816887,12134.106796,batch-000052,8,12134.096756,0.0,0.004776,9024376720131,0.005264
V2C-0772,C7_GRAPH_STRUCTURED_RAG,9048740923898,12229.837354,batch-000053,8,12229.827396,0.0,0.0047,9036511096502,0.005258
V2C-0773,C7_GRAPH_STRUCTURED_RAG,9048740923898,12229.837373000002,batch-000053,8,12229.827396,0.0,0.00479,9036511096502,0.005187
V2C-0787,C7_GRAPH_STRUCTURED_RAG,9048740923898,12229.837463,batch-000053,8,12229.827396,0.0,0.004726,9036511096502,0.005341
V2C-0790,C7_GRAPH_STRUCTURED_RAG,9048740923898,12229.837957000002,batch-000053,8,12229.827396,0.0,0.0048,9036511096502,0.005761
V2C-0795,C7_GRAPH_STRUCTURED_RAG,9048740923898,12229.843642,batch-000053,8,12229.827396,0.0,0.004765,9036511096502,0.011481
V2C-0796,C7_GRAPH_STRUCTURED_RAG,9048740923898,12229.837574000001,batch-000053,8,12229.827396,0.0,0.00476,9036511096502,0.005418
V2C-0797,C7_GRAPH_STRUCTURED_RAG,9048740923898,12229.837389,batch-000053,8,12229.827396,0.0,0.004764,9036511096502,0.005229
V2C-0801,C7_GRAPH_STRUCTURED_RAG,9048740923898,12229.837592000002,batch-000053,8,12229.827396,0.0,0.004735,9036511096502,0.005461
V2C-0803,C7_GRAPH_STRUCTURED_RAG,9061158602859,12417.459078000002,batch-000054,8,12417.449017,0.0,0.00467,9048741153842,0.005391
V2C-0811,C7_GRAPH_STRUCTURED_RAG,9061158602859,12417.464408000002,batch-000054,8,12417.449017,0.0,0.004718,9048741153842,0.010673
V2C-0813,C7_GRAPH_STRUCTURED_RAG,9061158602859,12417.458894000001,batch-000054,8,12417.449017,0.0,0.004751,9048741153842,0.005126
V2C-0815,C7_GRAPH_STRUCTURED_RAG,9061158602859,12417.464081,batch-000054,8,12417.449017,0.0,0.004673,9048741153842,0.010391
V2C-0827,C7_GRAPH_STRUCTURED_RAG,9061158602859,12417.458775000001,batch-000054,8,12417.449017,0.0,0.00461,9048741153842,0.005148
V2C-0835,C7_GRAPH_STRUCTURED_RAG,9061158602859,12417.464147,batch-000054,8,12417.449017,0.0,0.004878,9048741153842,0.010252
V2C-0839,C7_GRAPH_STRUCTURED_RAG,9061158602859,12417.467168,batch-000054,8,12417.449017,0.0,0.012517,9048741153842,0.005634
V2C-0842,C7_GRAPH_STRUCTURED_RAG,9061158602859,12417.462805000001,batch-000054,8,12417.449017,0.0,0.008458,9048741153842,0.00533
V2C-0844,C7_GRAPH_STRUCTURED_RAG,9073500172746,12341.348118,batch-000055,8,12341.337535,0.0,0.005357,9061158835211,0.005226
V2C-0847,C7_GRAPH_STRUCTURED_RAG,9073500172746,12341.347787,batch-000055,8,12341.337535,0.0,0.004978,9061158835211,0.005274
V2C-0850,C7_GRAPH_STRUCTURED_RAG,9073500172746,12341.347509000001,batch-000055,8,12341.337535,0.0,0.004822,9061158835211,0.005152
V2C-0851,C7_GRAPH_STRUCTURED_RAG,9073500172746,12341.352626,batch-000055,8,12341.337535,0.0,0.004797,9061158835211,0.010294
V2C-0859,C7_GRAPH_STRUCTURED_RAG,9073500172746,12341.348105000001,batch-000055,8,12341.337535,0.0,0.004779,9061158835211,0.005791
V2C-0862,C7_GRAPH_STRUCTURED_RAG,9073500172746,12341.347575,batch-000055,8,12341.337535,0.0,0.00477,9061158835211,0.00527
V2C-0863,C7_GRAPH_STRUCTURED_RAG,9073500172746,12341.347533000002,batch-000055,8,12341.337535,0.0,0.004849,9061158835211,0.005149
V2C-0867,C7_GRAPH_STRUCTURED_RAG,9073500172746,12341.347391000001,batch-000055,8,12341.337535,0.0,0.004741,9061158835211,0.005115
V2C-0881,C7_GRAPH_STRUCTURED_RAG,9085718208209,12217.774469999998,batch-000056,8,12217.756308,0.0,0.007638,9073500451901,0.010524
V2C-0886,C7_GRAPH_STRUCTURED_RAG,9085718208209,12217.766025,batch-000056,8,12217.756308,0.0,0.004644,9073500451901,0.005073
V2C-0900,C7_GRAPH_STRUCTURED_RAG,9085718208209,12217.766497999999,batch-000056,8,12217.756308,0.0,0.004883,9073500451901,0.005307
V2C-0901,C7_GRAPH_STRUCTURED_RAG,9085718208209,12217.766570000002,batch-000056,8,12217.756308,0.0,0.004892,9073500451901,0.00537
V2C-0902,C7_GRAPH_STRUCTURED_RAG,9085718208209,12217.766179,batch-000056,8,12217.756308,0.0,0.004601,9073500451901,0.00527
V2C-0903,C7_GRAPH_STRUCTURED_RAG,9085718208209,12217.766015,batch-000056,8,12217.756308,0.0,0.004587,9073500451901,0.00512
V2C-0904,C7_GRAPH_STRUCTURED_RAG,9085718208209,12217.766225000001,batch-000056,8,12217.756308,0.0,0.004747,9073500451901,0.00517
V2C-0907,C7_GRAPH_STRUCTURED_RAG,9085718208209,12217.766373,batch-000056,8,12217.756308,0.0,0.00506,9073500451901,0.005005
V2C-0908,C7_GRAPH_STRUCTURED_RAG,9097881168261,12162.734057000001,batch-000057,8,12162.72416,0.0,0.004731,9085718444101,0.005166
V2C-0909,C7_GRAPH_STRUCTURED_RAG,9097881168261,12162.734504999999,batch-000057,8,12162.72416,0.0,0.005114,9085718444101,0.005231
V2C-0911,C7_GRAPH_STRUCTURED_RAG,9097881168261,12162.73909,batch-000057,8,12162.72416,0.0,0.004523,9085718444101,0.010407
V2C-0912,C7_GRAPH_STRUCTURED_RAG,9097881168261,12162.734296999999,batch-000057,8,12162.72416,0.0,0.004798,9085718444101,0.005339
V2C-0913,C7_GRAPH_STRUCTURED_RAG,9097881168261,12162.734366,batch-000057,8,12162.72416,0.0,0.004901,9085718444101,0.005305
V2C-0914,C7_GRAPH_STRUCTURED_RAG,9097881168261,12162.734095999998,batch-000057,8,12162.72416,0.0,0.004737,9085718444101,0.005199
V2C-0915,C7_GRAPH_STRUCTURED_RAG,9097881168261,12162.73899,batch-000057,8,12162.72416,0.0,0.004701,9085718444101,0.010129
V2C-0916,C7_GRAPH_STRUCTURED_RAG,9097881168261,12162.733859,batch-000057,8,12162.72416,0.0,0.004617,9085718444101,0.005082
V2C-0917,C7_GRAPH_STRUCTURED_RAG,9107224023189,9342.599402999998,batch-000058,8,9342.589654,0.0,0.00471,9097881433535,0.005039
V2C-0918,C7_GRAPH_STRUCTURED_RAG,9107224023189,9342.599444,batch-000058,8,9342.589654,0.0,0.004653,9097881433535,0.005137
V2C-0919,C7_GRAPH_STRUCTURED_RAG,9107224023189,9342.599444999998,batch-000058,8,9342.589654,0.0,0.004528,9097881433535,0.005263
V2C-0921,C7_GRAPH_STRUCTURED_RAG,9107224023189,9342.621904,batch-000058,8,9342.589654,0.0,0.004487,9097881433535,0.027763
V2C-0922,C7_GRAPH_STRUCTURED_RAG,9107224023189,9342.599825,batch-000058,8,9342.589654,0.0,0.004764,9097881433535,0.005407
V2C-0923,C7_GRAPH_STRUCTURED_RAG,9107224023189,9342.599527,batch-000058,8,9342.589654,0.0,0.004811,9097881433535,0.005062
V2C-0925,C7_GRAPH_STRUCTURED_RAG,9107224023189,9342.599412999998,batch-000058,8,9342.589654,0.0,0.004544,9097881433535,0.005215
V2C-0926,C7_GRAPH_STRUCTURED_RAG,9107224023189,9342.599558999998,batch-000058,8,9342.589654,0.0,0.004685,9097881433535,0.00522
V2C-0927,C7_GRAPH_STRUCTURED_RAG,9119298891384,12074.617619,batch-000059,8,12074.607972,0.0,0.004509,9107224283412,0.005138
V2C-0928,C7_GRAPH_STRUCTURED_RAG,9119298891384,12074.617865,batch-000059,8,12074.607972,0.0,0.004578,9107224283412,0.005315
V2C-0929,C7_GRAPH_STRUCTURED_RAG,9119298891384,12074.617581999999,batch-000059,8,12074.607972,0.0,0.004588,9107224283412,0.005022
V2C-0930,C7_GRAPH_STRUCTURED_RAG,9119298891384,12074.617633,batch-000059,8,12074.607972,0.0,0.004561,9107224283412,0.0051
V2C-0931,C7_GRAPH_STRUCTURED_RAG,9119298891384,12074.623064,batch-000059,8,12074.607972,0.0,0.004507,9107224283412,0.010585
V2C-0932,C7_GRAPH_STRUCTURED_RAG,9119298891384,12074.617819,batch-000059,8,12074.607972,0.0,0.00457,9107224283412,0.005277
V2C-0935,C7_GRAPH_STRUCTURED_RAG,9119298891384,12074.622746000001,batch-000059,8,12074.607972,0.0,0.004564,9107224283412,0.01021
V2C-0936,C7_GRAPH_STRUCTURED_RAG,9119298891384,12074.618006,batch-000059,8,12074.607972,0.0,0.004665,9107224283412,0.005369
V2C-0937,C7_GRAPH_STRUCTURED_RAG,9128399964860,9100.870312,batch-000060,8,9100.860747,0.0,0.004511,9119299104113,0.005054
V2C-0938,C7_GRAPH_STRUCTURED_RAG,9128399964860,9100.870712,batch-000060,8,9100.860747,0.0,0.004721,9119299104113,0.005244
V2C-0940,C7_GRAPH_STRUCTURED_RAG,9128399964860,9100.870572000002,batch-000060,8,9100.860747,0.0,0.004589,9119299104113,0.005236
V2C-0941,C7_GRAPH_STRUCTURED_RAG,9128399964860,9100.870335000001,batch-000060,8,9100.860747,0.0,0.004478,9119299104113,0.00511
V2C-0942,C7_GRAPH_STRUCTURED_RAG,9128399964860,9100.870449,batch-000060,8,9100.860747,0.0,0.00457,9119299104113,0.005132
V2C-0944,C7_GRAPH_STRUCTURED_RAG,9128399964860,9100.870617,batch-000060,8,9100.860747,0.0,0.00458,9119299104113,0.00529
V2C-0945,C7_GRAPH_STRUCTURED_RAG,9128399964860,9100.870311,batch-000060,8,9100.860747,0.0,0.004564,9119299104113,0.005
V2C-0947,C7_GRAPH_STRUCTURED_RAG,9128399964860,9100.870453,batch-000060,8,9100.860747,0.0,0.004668,9119299104113,0.005038
V2C-0949,C7_GRAPH_STRUCTURED_RAG,9140504610941,12104.423116999998,batch-000061,8,12104.413491,0.0,0.004663,9128400197450,0.004963
V2C-0950,C7_GRAPH_STRUCTURED_RAG,9140504610941,12104.423099,batch-000061,8,12104.413491,0.0,0.004568,9128400197450,0.00504
V2C-0953,C7_GRAPH_STRUCTURED_RAG,9140504610941,12104.422988,batch-000061,8,12104.413491,0.0,0.004542,9128400197450,0.004955
V2C-0954,C7_GRAPH_STRUCTURED_RAG,9140504610941,12104.423300999999,batch-000061,8,12104.413491,0.0,0.004647,9128400197450,0.005163
V2C-0955,C7_GRAPH_STRUCTURED_RAG,9140504610941,12104.429842999998,batch-000061,8,12104.413491,0.0,0.004963,9128400197450,0.011389
V2C-0957,C7_GRAPH_STRUCTURED_RAG,9140504610941,12104.423748,batch-000061,8,12104.413491,0.0,0.004882,9128400197450,0.005375
V2C-0958,C7_GRAPH_STRUCTURED_RAG,9140504610941,12104.424270999998,batch-000061,8,12104.413491,0.0,0.004899,9128400197450,0.005881
V2C-0960,C7_GRAPH_STRUCTURED_RAG,9140504610941,12104.423818,batch-000061,8,12104.413491,0.0,0.004699,9128400197450,0.005628
V2C-0961,C7_GRAPH_STRUCTURED_RAG,9152634631795,12129.811688,batch-000062,8,12129.796396,0.0,0.004617,9140504835399,0.010675
V2C-0965,C7_GRAPH_STRUCTURED_RAG,9152634631795,12129.806283,batch-000062,8,12129.796396,0.0,0.004734,9140504835399,0.005153
V2C-0966,C7_GRAPH_STRUCTURED_RAG,9152634631795,12129.806287,batch-000062,8,12129.796396,0.0,0.004663,9140504835399,0.005228
V2C-0969,C7_GRAPH_STRUCTURED_RAG,9152634631795,12129.806290999999,batch-000062,8,12129.796396,0.0,0.004782,9140504835399,0.005113
V2C-0970,C7_GRAPH_STRUCTURED_RAG,9152634631795,12129.806593,batch-000062,8,12129.796396,0.0,0.004641,9140504835399,0.005556
V2C-0972,C7_GRAPH_STRUCTURED_RAG,9152634631795,12129.806689000001,batch-000062,8,12129.796396,0.0,0.004724,9140504835399,0.005569
V2C-0973,C7_GRAPH_STRUCTURED_RAG,9152634631795,12129.806301,batch-000062,8,12129.796396,0.0,0.004645,9140504835399,0.00526
V2C-0974,C7_GRAPH_STRUCTURED_RAG,9152634631795,12129.80632,batch-000062,8,12129.796396,0.0,0.004641,9140504835399,0.005283
V2C-0976,C7_GRAPH_STRUCTURED_RAG,9161960901755,9326.053155,batch-000063,8,9326.043306,0.0,0.004666,9152634858449,0.005183
V2C-0977,C7_GRAPH_STRUCTURED_RAG,9161960901755,9326.061212,batch-000063,8,9326.043306,0.0,0.004645,9152634858449,0.013261
V2C-0978,C7_GRAPH_STRUCTURED_RAG,9161960901755,9326.055792,batch-000063,8,9326.043306,0.0,0.004638,9152634858449,0.007848
V2C-0979,C7_GRAPH_STRUCTURED_RAG,9161960901755,9326.053536,batch-000063,8,9326.043306,0.0,0.004592,9152634858449,0.005638
V2C-0980,C7_GRAPH_STRUCTURED_RAG,9161960901755,9326.054318,batch-000063,8,9326.043306,0.0,0.004723,9152634858449,0.006289
V2C-0981,C7_GRAPH_STRUCTURED_RAG,9161960901755,9326.053121,batch-000063,8,9326.043306,0.0,0.004564,9152634858449,0.005251
V2C-0982,C7_GRAPH_STRUCTURED_RAG,9161960901755,9326.053344,batch-000063,8,9326.043306,0.0,0.004686,9152634858449,0.005352
V2C-0988,C7_GRAPH_STRUCTURED_RAG,9161960901755,9326.053976,batch-000063,8,9326.043306,0.0,0.005222,9152634858449,0.005448
V2C-0989,C7_GRAPH_STRUCTURED_RAG,9174119146675,12158.017289,batch-000064,8,12158.007332,0.0,0.004845,9161961139343,0.005112
V2C-0990,C7_GRAPH_STRUCTURED_RAG,9174119146675,12158.017112,batch-000064,8,12158.007332,0.0,0.004677,9161961139343,0.005103
V2C-0991,C7_GRAPH_STRUCTURED_RAG,9174119146675,12158.025713,batch-000064,8,12158.007332,0.0,0.004548,9161961139343,0.013833
V2C-0994,C7_GRAPH_STRUCTURED_RAG,9174119146675,12158.025097999998,batch-000064,8,12158.007332,0.0,0.004593,9161961139343,0.013173
V2C-0996,C7_GRAPH_STRUCTURED_RAG,9174119146675,12158.020589,batch-000064,8,12158.007332,0.0,0.004594,9161961139343,0.008663
V2C-0999,C7_GRAPH_STRUCTURED_RAG,9174119146675,12158.018385,batch-000064,8,12158.007332,0.0,0.0046,9161961139343,0.006453
V2C-1000,C7_GRAPH_STRUCTURED_RAG,9174119146675,12158.021213999999,batch-000064,8,12158.007332,0.0,0.00382,9161961139343,0.010062
V2C-1001,C7_GRAPH_STRUCTURED_RAG,9174119146675,12158.013950999999,batch-000064,8,12158.007332,0.0,0.003686,9161961139343,0.002933
V2C-1002,C7_GRAPH_STRUCTURED_RAG,9185620890807,11501.521131000001,batch-000065,8,11501.506708,0.0,0.003165,9174119384099,0.011258
V2C-1003,C7_GRAPH_STRUCTURED_RAG,9185620890807,11501.520168000001,batch-000065,8,11501.506708,0.0,0.003343,9174119384099,0.010117
V2C-1010,C7_GRAPH_STRUCTURED_RAG,9185620890807,11501.519830000001,batch-000065,8,11501.506708,0.0,0.003052,9174119384099,0.01007
V2C-1011,C7_GRAPH_STRUCTURED_RAG,9185620890807,11501.519415,batch-000065,8,11501.506708,0.0,0.003227,9174119384099,0.00948
V2C-1012,C7_GRAPH_STRUCTURED_RAG,9185620890807,11501.512985000001,batch-000065,8,11501.506708,0.0,0.00325,9174119384099,0.003027
V2C-1013,C7_GRAPH_STRUCTURED_RAG,9185620890807,11501.512608000001,batch-000065,8,11501.506708,0.0,0.003073,9174119384099,0.002827
V2C-1014,C7_GRAPH_STRUCTURED_RAG,9185620890807,11501.519565000002,batch-000065,8,11501.506708,0.0,0.003119,9174119384099,0.009738
V2C-1015,C7_GRAPH_STRUCTURED_RAG,9185620890807,11501.519351,batch-000065,8,11501.506708,0.0,0.003468,9174119384099,0.009175
V2C-1016,C7_GRAPH_STRUCTURED_RAG,9197182800518,11561.697660999998,batch-000066,8,11561.691678,0.0,0.003073,9185621108840,0.00291
V2C-1017,C7_GRAPH_STRUCTURED_RAG,9197182800518,11561.697614,batch-000066,8,11561.691678,0.0,0.003017,9185621108840,0.002919
V2C-1019,C7_GRAPH_STRUCTURED_RAG,9197182800518,11561.703827,batch-000066,8,11561.691678,0.0,0.00301,9185621108840,0.009139
V2C-1020,C7_GRAPH_STRUCTURED_RAG,9197182800518,11561.697677999999,batch-000066,8,11561.691678,0.0,0.003066,9185621108840,0.002934
V2C-1022,C7_GRAPH_STRUCTURED_RAG,9197182800518,11561.704082,batch-000066,8,11561.691678,0.0,0.003118,9185621108840,0.009286
V2C-1024,C7_GRAPH_STRUCTURED_RAG,9197182800518,11561.697522999999,batch-000066,8,11561.691678,0.0,0.00311,9185621108840,0.002735
V2C-1025,C7_GRAPH_STRUCTURED_RAG,9197182800518,11561.697603999999,batch-000066,8,11561.691678,0.0,0.003069,9185621108840,0.002857
V2C-1026,C7_GRAPH_STRUCTURED_RAG,9197182800518,11561.703910999999,batch-000066,8,11561.691678,0.0,0.003138,9185621108840,0.009095
V2C-1028,C7_GRAPH_STRUCTURED_RAG,9208697318041,11514.223122999998,batch-000067,8,11514.217271,0.0,0.003023,9197183100770,0.002829
V2C-1030,C7_GRAPH_STRUCTURED_RAG,9208697318041,11514.229406,batch-000067,8,11514.217271,0.0,0.003119,9197183100770,0.009016
V2C-1032,C7_GRAPH_STRUCTURED_RAG,9208697318041,11514.223065,batch-000067,8,11514.217271,0.0,0.00302,9197183100770,0.002774
V2C-1033,C7_GRAPH_STRUCTURED_RAG,9208697318041,11514.223268,batch-000067,8,11514.217271,0.0,0.003208,9197183100770,0.002789
V2C-1035,C7_GRAPH_STRUCTURED_RAG,9208697318041,11514.229881,batch-000067,8,11514.217271,0.0,0.003227,9197183100770,0.009383
V2C-1036,C7_GRAPH_STRUCTURED_RAG,9208697318041,11514.223167,batch-000067,8,11514.217271,0.0,0.003116,9197183100770,0.00278
V2C-1037,C7_GRAPH_STRUCTURED_RAG,9208697318041,11514.223452,batch-000067,8,11514.217271,0.0,0.003323,9197183100770,0.002858
V2C-1039,C7_GRAPH_STRUCTURED_RAG,9208697318041,11514.230604999999,batch-000067,8,11514.217271,0.0,0.003364,9197183100770,0.00997
V2C-1040,C7_GRAPH_STRUCTURED_RAG,9220317341563,11619.805117,batch-000068,8,11619.786783,0.0,0.003126,9208697554780,0.015208
V2C-1043,C7_GRAPH_STRUCTURED_RAG,9220317341563,11619.804681,batch-000068,8,11619.786783,0.0,0.003089,9208697554780,0.014809
V2C-1045,C7_GRAPH_STRUCTURED_RAG,9220317341563,11619.793183,batch-000068,8,11619.786783,0.0,0.002992,9208697554780,0.003408
V2C-1046,C7_GRAPH_STRUCTURED_RAG,9220317341563,11619.801379,batch-000068,8,11619.786783,0.0,0.003194,9208697554780,0.011402
V2C-1047,C7_GRAPH_STRUCTURED_RAG,9220317341563,11619.799851,batch-000068,8,11619.786783,0.0,0.003186,9208697554780,0.009882
V2C-1049,C7_GRAPH_STRUCTURED_RAG,9220317341563,11619.792798999999,batch-000068,8,11619.786783,0.0,0.003133,9208697554780,0.002883
V2C-1050,C7_GRAPH_STRUCTURED_RAG,9220317341563,11619.792885,batch-000068,8,11619.786783,0.0,0.003155,9208697554780,0.002947
V2C-1055,C7_GRAPH_STRUCTURED_RAG,9220317341563,11619.793199999998,batch-000068,8,11619.786783,0.0,0.003367,9208697554780,0.00305
V2C-1057,C7_GRAPH_STRUCTURED_RAG,9227245072738,6927.505748,batch-000069,8,6927.499661,0.0,0.003237,9220317573077,0.00285
V2C-1061,C7_GRAPH_STRUCTURED_RAG,9227245072738,6927.505744,batch-000069,8,6927.499661,0.0,0.003132,9220317573077,0.002951
V2C-1065,C7_GRAPH_STRUCTURED_RAG,9227245072738,6927.505466,batch-000069,8,6927.499661,0.0,0.003097,9220317573077,0.002708
V2C-1070,C7_GRAPH_STRUCTURED_RAG,9227245072738,6927.505523,batch-000069,8,6927.499661,0.0,0.003118,9220317573077,0.002744
V2C-1074,C7_GRAPH_STRUCTURED_RAG,9227245072738,6927.581128,batch-000069,8,6927.499661,0.0,0.00321,9220317573077,0.078257
V2C-1076,C7_GRAPH_STRUCTURED_RAG,9227245072738,6927.5099,batch-000069,8,6927.499661,0.0,0.003281,9220317573077,0.006958
V2C-1077,C7_GRAPH_STRUCTURED_RAG,9227245072738,6927.507221,batch-000069,8,6927.499661,0.0,0.003166,9220317573077,0.004394
V2C-1079,C7_GRAPH_STRUCTURED_RAG,9227245072738,6927.5062020000005,batch-000069,8,6927.499661,0.0,0.003096,9220317573077,0.003445
V2C-1080,C7_GRAPH_STRUCTURED_RAG,9235404166446,8158.89284,batch-000070,8,8158.879318,0.0,0.003132,9227245287128,0.01039
V2C-1082,C7_GRAPH_STRUCTURED_RAG,9235404166446,8158.908332,batch-000070,8,8158.879318,0.0,0.026223,9227245287128,0.002791
V2C-1087,C7_GRAPH_STRUCTURED_RAG,9235404166446,8158.885124,batch-000070,8,8158.879318,0.0,0.003151,9227245287128,0.002655
V2C-1088,C7_GRAPH_STRUCTURED_RAG,9235404166446,8158.885247,batch-000070,8,8158.879318,0.0,0.003096,9227245287128,0.002833
V2C-1091,C7_GRAPH_STRUCTURED_RAG,9235404166446,8158.885236,batch-000070,8,8158.879318,0.0,0.003057,9227245287128,0.002861
V2C-1093,C7_GRAPH_STRUCTURED_RAG,9235404166446,8158.889732,batch-000070,8,8158.879318,0.0,0.00303,9227245287128,0.007384
V2C-1095,C7_GRAPH_STRUCTURED_RAG,9235404166446,8158.889932,batch-000070,8,8158.879318,0.0,0.003009,9227245287128,0.007605
V2C-1096,C7_GRAPH_STRUCTURED_RAG,9235404166446,8158.890252,batch-000070,8,8158.879318,0.0,0.003385,9227245287128,0.007549
V2C-1104,C7_GRAPH_STRUCTURED_RAG,9247013229177,11608.860365999999,batch-000071,8,11608.828085,0.0,0.007193,9235404401092,0.025088
V2C-1107,C7_GRAPH_STRUCTURED_RAG,9247013229177,11608.841735,batch-000071,8,11608.828085,0.0,0.003162,9235404401092,0.010488
V2C-1109,C7_GRAPH_STRUCTURED_RAG,9247013229177,11608.840549999999,batch-000071,8,11608.828085,0.0,0.00312,9235404401092,0.009345
V2C-1110,C7_GRAPH_STRUCTURED_RAG,9247013229177,11608.840627,batch-000071,8,11608.828085,0.0,0.003416,9235404401092,0.009126
V2C-1115,C7_GRAPH_STRUCTURED_RAG,9247013229177,11608.845694999998,batch-000071,8,11608.828085,0.0,0.003238,9235404401092,0.014372
V2C-1116,C7_GRAPH_STRUCTURED_RAG,9247013229177,11608.841551,batch-000071,8,11608.828085,0.0,0.003247,9235404401092,0.010219
V2C-1118,C7_GRAPH_STRUCTURED_RAG,9247013229177,11608.840454,batch-000071,8,11608.828085,0.0,0.003243,9235404401092,0.009126
V2C-1119,C7_GRAPH_STRUCTURED_RAG,9247013229177,11608.840395,batch-000071,8,11608.828085,0.0,0.003122,9235404401092,0.009188
V2C-1120,C7_GRAPH_STRUCTURED_RAG,9258608647993,11595.218731,batch-000072,8,11595.205135,0.0,0.00321,9247013442858,0.010386
V2C-1123,C7_GRAPH_STRUCTURED_RAG,9258608647993,11595.217306,batch-000072,8,11595.205135,0.0,0.003217,9247013442858,0.008954
V2C-1127,C7_GRAPH_STRUCTURED_RAG,9258608647993,11595.217123,batch-000072,8,11595.205135,0.0,0.003088,9247013442858,0.0089
V2C-1128,C7_GRAPH_STRUCTURED_RAG,9258608647993,11595.218018,batch-000072,8,11595.205135,0.0,0.003239,9247013442858,0.009644
V2C-1130,C7_GRAPH_STRUCTURED_RAG,9258608647993,11595.217779999999,batch-000072,8,11595.205135,0.0,0.003319,9247013442858,0.009326
V2C-1133,C7_GRAPH_STRUCTURED_RAG,9258608647993,11595.217250000002,batch-000072,8,11595.205135,0.0,0.003118,9247013442858,0.008997
V2C-1139,C7_GRAPH_STRUCTURED_RAG,9258608647993,11595.217329,batch-000072,8,11595.205135,0.0,0.003184,9247013442858,0.00901
V2C-1141,C7_GRAPH_STRUCTURED_RAG,9258608647993,11595.217200000001,batch-000072,8,11595.205135,0.0,0.003097,9247013442858,0.008968
V2C-1154,C7_GRAPH_STRUCTURED_RAG,9270746323930,12137.471524999999,batch-000073,8,12137.458335,0.0,0.005427,9258608865595,0.007763
V2C-1155,C7_GRAPH_STRUCTURED_RAG,9270746323930,12137.47533,batch-000073,8,12137.458335,0.0,0.004857,9258608865595,0.012138
V2C-1156,C7_GRAPH_STRUCTURED_RAG,9270746323930,12137.468686999999,batch-000073,8,12137.458335,0.0,0.004974,9258608865595,0.005378
V2C-1158,C7_GRAPH_STRUCTURED_RAG,9270746323930,12137.469039999998,batch-000073,8,12137.458335,0.0,0.005172,9258608865595,0.005533
V2C-1160,C7_GRAPH_STRUCTURED_RAG,9270746323930,12137.469286,batch-000073,8,12137.458335,0.0,0.00489,9258608865595,0.006061
V2C-1162,C7_GRAPH_STRUCTURED_RAG,9270746323930,12137.468455,batch-000073,8,12137.458335,0.0,0.004767,9258608865595,0.005353
V2C-1163,C7_GRAPH_STRUCTURED_RAG,9270746323930,12137.468447,batch-000073,8,12137.458335,0.0,0.004761,9258608865595,0.005351
V2C-1164,C7_GRAPH_STRUCTURED_RAG,9270746323930,12137.468835,batch-000073,8,12137.458335,0.0,0.004806,9258608865595,0.005694
V2C-1171,C7_GRAPH_STRUCTURED_RAG,9282914251131,12167.675838000001,batch-000074,8,12167.659566,0.0,0.004632,9270746591565,0.01164
V2C-1173,C7_GRAPH_STRUCTURED_RAG,9282914251131,12167.669843000001,batch-000074,8,12167.659566,0.0,0.004741,9270746591565,0.005536
V2C-1175,C7_GRAPH_STRUCTURED_RAG,9282914251131,12167.675138,batch-000074,8,12167.659566,0.0,0.004677,9270746591565,0.010895
V2C-1178,C7_GRAPH_STRUCTURED_RAG,9282914251131,12167.669495,batch-000074,8,12167.659566,0.0,0.00475,9270746591565,0.005179
V2C-1187,C7_GRAPH_STRUCTURED_RAG,9282914251131,12167.669869000001,batch-000074,8,12167.659566,0.0,0.00508,9270746591565,0.005223
V2C-1190,C7_GRAPH_STRUCTURED_RAG,9282914251131,12167.669924,batch-000074,8,12167.659566,0.0,0.005387,9270746591565,0.004971
V2C-1194,C7_GRAPH_STRUCTURED_RAG,9282914251131,12167.670048000002,batch-000074,8,12167.659566,0.0,0.005144,9270746591565,0.005338
V2C-1199,C7_GRAPH_STRUCTURED_RAG,9282914251131,12167.669816000001,batch-000074,8,12167.659566,0.0,0.005095,9270746591565,0.005155
EXT-ADVERSARIAL-0002,C8_FINAL_UIR_B6,9282987253352,0.009187,,,0.0,0.009187,0.0,9282987244165,0.0
EXT-ADVERSARIAL-0003,C8_FINAL_UIR_B6,9282987276425,0.002823,,,0.0,0.002823,0.0,9282987273602,0.0
EXT-ADVERSARIAL-0005,C8_FINAL_UIR_B6,9282987281490,0.001418,,,0.0,0.001418,0.0,9282987280072,0.0
EXT-ADVERSARIAL-0014,C8_FINAL_UIR_B6,9282987286037,0.001773,,,0.0,0.001773,0.0,9282987284264,0.0
EXT-ADVERSARIAL-0015,C8_FINAL_UIR_B6,9282987289692,0.001126,,,0.0,0.001126,0.0,9282987288566,0.0
EXT-ADVERSARIAL-0018,C8_FINAL_UIR_B6,9282987293645,0.001478,,,0.0,0.001478,0.0,9282987292167,0.0
EXT-ADVERSARIAL-0021,C8_FINAL_UIR_B6,9282987301830,0.001605,,,0.0,0.001605,0.0,9282987300225,0.0
EXT-ADVERSARIAL-0025,C8_FINAL_UIR_B6,9282987305322,0.001191,,,0.0,0.001191,0.0,9282987304131,0.0
EXT-ADVERSARIAL-0026,C8_FINAL_UIR_B6,9282987308416,0.001032,,,0.0,0.001032,0.0,9282987307384,0.0
EXT-ADVERSARIAL-0028,C8_FINAL_UIR_B6,9282987311838,0.001373,,,0.0,0.001373,0.0,9282987310465,0.0
EXT-ADVERSARIAL-0029,C8_FINAL_UIR_B6,9282987315363,0.001156,,,0.0,0.001156,0.0,9282987314207,0.0
EXT-ADVERSARIAL-0031,C8_FINAL_UIR_B6,9282987318425,0.001048,,,0.0,0.001048,0.0,9282987317377,0.0
EXT-ADVERSARIAL-0032,C8_FINAL_UIR_B6,9282987321447,0.001027,,,0.0,0.001027,0.0,9282987320420,0.0
EXT-ADVERSARIAL-0034,C8_FINAL_UIR_B6,9282987324618,0.000912,,,0.0,0.000912,0.0,9282987323706,0.0
EXT-ADVERSARIAL-0039,C8_FINAL_UIR_B6,9282987327635,0.001033,,,0.0,0.001033,0.0,9282987326602,0.0
EXT-ADVERSARIAL-0044,C8_FINAL_UIR_B6,9282987330427,0.000815,,,0.0,0.000815,0.0,9282987329612,0.0
EXT-ADVERSARIAL-0050,C8_FINAL_UIR_B6,9282987333774,0.001135,,,0.0,0.001135,0.0,9282987332639,0.0
EXT-ADVERSARIAL-0051,C8_FINAL_UIR_B6,9282987336740,0.000891,,,0.0,0.000891,0.0,9282987335849,0.0
EXT-ADVERSARIAL-0056,C8_FINAL_UIR_B6,9282987339962,0.000891,,,0.0,0.000891,0.0,9282987339071,0.0
EXT-ADVERSARIAL-0058,C8_FINAL_UIR_B6,9282987343408,0.001429,,,0.0,0.001429,0.0,9282987341979,0.0
EXT-ADVERSARIAL-0061,C8_FINAL_UIR_B6,9282987346730,0.001208,,,0.0,0.001208,0.0,9282987345522,0.0
EXT-ADVERSARIAL-0063,C8_FINAL_UIR_B6,9282987350533,0.001438,,,0.0,0.001438,0.0,9282987349095,0.0
EXT-ADVERSARIAL-0071,C8_FINAL_UIR_B6,9282987353512,0.000963,,,0.0,0.000963,0.0,9282987352549,0.0
EXT-ADVERSARIAL-0073,C8_FINAL_UIR_B6,9282987356669,0.001052,,,0.0,0.001052,0.0,9282987355617,0.0
EXT-ADVERSARIAL-0076,C8_FINAL_UIR_B6,9282987360276,0.001199,,,0.0,0.001199,0.0,9282987359077,0.0
EXT-ADVERSARIAL-0078,C8_FINAL_UIR_B6,9282987363933,0.001284,,,0.0,0.001284,0.0,9282987362649,0.0
EXT-ADVERSARIAL-0082,C8_FINAL_UIR_B6,9282987367432,0.001112,,,0.0,0.001112,0.0,9282987366320,0.0
EXT-ADVERSARIAL-0084,C8_FINAL_UIR_B6,9282987370622,0.001169,,,0.0,0.001169,0.0,9282987369453,0.0
EXT-ADVERSARIAL-0085,C8_FINAL_UIR_B6,9282987373666,0.000992,,,0.0,0.000992,0.0,9282987372674,0.0
EXT-ADVERSARIAL-0089,C8_FINAL_UIR_B6,9282987376682,0.000933,,,0.0,0.000933,0.0,9282987375749,0.0
EXT-ADVERSARIAL-0093,C8_FINAL_UIR_B6,9282987380090,0.001275,,,0.0,0.001275,0.0,9282987378815,0.0
EXT-ADVERSARIAL-0095,C8_FINAL_UIR_B6,9282987383306,0.001221,,,0.0,0.001221,0.0,9282987382085,0.0
EXT-ADVERSARIAL-0097,C8_FINAL_UIR_B6,9282987386115,0.000884,,,0.0,0.000884,0.0,9282987385231,0.0
EXT-ADVERSARIAL-0098,C8_FINAL_UIR_B6,9282987389918,0.001636,,,0.0,0.001636,0.0,9282987388282,0.0
EXT-AMBIGUOUS-0003,C8_FINAL_UIR_B6,9282987393642,0.001372,,,0.0,0.001372,0.0,9282987392270,0.0
EXT-AMBIGUOUS-0004,C8_FINAL_UIR_B6,9282987397033,0.001193,,,0.0,0.001193,0.0,9282987395840,0.0
EXT-AMBIGUOUS-0014,C8_FINAL_UIR_B6,9282987399836,0.000859,,,0.0,0.000859,0.0,9282987398977,0.0
EXT-AMBIGUOUS-0015,C8_FINAL_UIR_B6,9282987402590,0.000814,,,0.0,0.000814,0.0,9282987401776,0.0
EXT-AMBIGUOUS-0024,C8_FINAL_UIR_B6,9282987405379,0.000869,,,0.0,0.000869,0.0,9282987404510,0.0
EXT-AMBIGUOUS-0026,C8_FINAL_UIR_B6,9282987408255,0.000927,,,0.0,0.000927,0.0,9282987407328,0.0
EXT-AMBIGUOUS-0028,C8_FINAL_UIR_B6,9282987411254,0.000945,,,0.0,0.000945,0.0,9282987410309,0.0
EXT-AMBIGUOUS-0033,C8_FINAL_UIR_B6,9282987414969,0.001007,,,0.0,0.001007,0.0,9282987413962,0.0
EXT-AMBIGUOUS-0035,C8_FINAL_UIR_B6,9282987418080,0.000995,,,0.0,0.000995,0.0,9282987417085,0.0
EXT-AMBIGUOUS-0039,C8_FINAL_UIR_B6,9282987421582,0.001193,,,0.0,0.001193,0.0,9282987420389,0.0
EXT-AMBIGUOUS-0041,C8_FINAL_UIR_B6,9282987424539,0.000996,,,0.0,0.000996,0.0,9282987423543,0.0
EXT-AMBIGUOUS-0044,C8_FINAL_UIR_B6,9282987427569,0.000975,,,0.0,0.000975,0.0,9282987426594,0.0
EXT-AMBIGUOUS-0049,C8_FINAL_UIR_B6,9282987430497,0.000859,,,0.0,0.000859,0.0,9282987429638,0.0
EXT-AMBIGUOUS-0050,C8_FINAL_UIR_B6,9282987433361,0.000791,,,0.0,0.000791,0.0,9282987432570,0.0
EXT-INVALID_ENTITY-0004,C8_FINAL_UIR_B6,9282987436240,0.000846,,,0.0,0.000846,0.0,9282987435394,0.0
EXT-INVALID_ENTITY-0006,C8_FINAL_UIR_B6,9282987439306,0.0011,,,0.0,0.0011,0.0,9282987438206,0.0
EXT-INVALID_ENTITY-0009,C8_FINAL_UIR_B6,9282987442167,0.000843,,,0.0,0.000843,0.0,9282987441324,0.0
EXT-INVALID_ENTITY-0011,C8_FINAL_UIR_B6,9282987445098,0.000799,,,0.0,0.000799,0.0,9282987444299,0.0
EXT-INVALID_ENTITY-0013,C8_FINAL_UIR_B6,9282987447878,0.000796,,,0.0,0.000796,0.0,9282987447082,0.0
EXT-INVALID_ENTITY-0022,C8_FINAL_UIR_B6,9282987451057,0.001055,,,0.0,0.001055,0.0,9282987450002,0.0
EXT-INVALID_ENTITY-0026,C8_FINAL_UIR_B6,9282987453987,0.000883,,,0.0,0.000883,0.0,9282987453104,0.0
EXT-INVALID_ENTITY-0033,C8_FINAL_UIR_B6,9282987456794,0.000797,,,0.0,0.000797,0.0,9282987455997,0.0
EXT-INVALID_ENTITY-0034,C8_FINAL_UIR_B6,9282987459565,0.000801,,,0.0,0.000801,0.0,9282987458764,0.0
EXT-INVALID_ENTITY-0035,C8_FINAL_UIR_B6,9282987462352,0.000809,,,0.0,0.000809,0.0,9282987461543,0.0
EXT-INVALID_ENTITY-0036,C8_FINAL_UIR_B6,9282987465448,0.000921,,,0.0,0.000921,0.0,9282987464527,0.0
EXT-INVALID_ENTITY-0037,C8_FINAL_UIR_B6,9282987468259,0.000804,,,0.0,0.000804,0.0,9282987467455,0.0
EXT-INVALID_ENTITY-0038,C8_FINAL_UIR_B6,9282987470947,0.000777,,,0.0,0.000777,0.0,9282987470170,0.0
EXT-INVALID_ENTITY-0039,C8_FINAL_UIR_B6,9282987473638,0.000801,,,0.0,0.000801,0.0,9282987472837,0.0
EXT-INVALID_ENTITY-0040,C8_FINAL_UIR_B6,9282987476396,0.000791,,,0.0,0.000791,0.0,9282987475605,0.0
EXT-INVALID_ENTITY-0042,C8_FINAL_UIR_B6,9282987479125,0.000825,,,0.0,0.000825,0.0,9282987478300,0.0
EXT-INVALID_ENTITY-0043,C8_FINAL_UIR_B6,9282987482617,0.001103,,,0.0,0.001103,0.0,9282987481514,0.0
EXT-INVALID_ENTITY-0045,C8_FINAL_UIR_B6,9282987486172,0.000941,,,0.0,0.000941,0.0,9282987485231,0.0
EXT-INVALID_ENTITY-0047,C8_FINAL_UIR_B6,9282987489381,0.000907,,,0.0,0.000907,0.0,9282987488474,0.0
EXT-INVALID_ENTITY-0050,C8_FINAL_UIR_B6,9282987492207,0.000911,,,0.0,0.000911,0.0,9282987491296,0.0
EXT-INVALID_ENTITY-0053,C8_FINAL_UIR_B6,9282987495247,0.001136,,,0.0,0.001136,0.0,9282987494111,0.0
EXT-INVALID_ENTITY-0054,C8_FINAL_UIR_B6,9282987498034,0.000862,,,0.0,0.000862,0.0,9282987497172,0.0
EXT-INVALID_ENTITY-0065,C8_FINAL_UIR_B6,9282987500868,0.000812,,,0.0,0.000812,0.0,9282987500056,0.0
EXT-INVALID_ENTITY-0066,C8_FINAL_UIR_B6,9282987503821,0.000813,,,0.0,0.000813,0.0,9282987503008,0.0
EXT-INVALID_ENTITY-0069,C8_FINAL_UIR_B6,9282987506516,0.000787,,,0.0,0.000787,0.0,9282987505729,0.0
EXT-INVALID_ENTITY-0070,C8_FINAL_UIR_B6,9282987509472,0.001049,,,0.0,0.001049,0.0,9282987508423,0.0
EXT-INVALID_ENTITY-0073,C8_FINAL_UIR_B6,9282987512315,0.000792,,,0.0,0.000792,0.0,9282987511523,0.0
EXT-INVALID_ENTITY-0077,C8_FINAL_UIR_B6,9282987515022,0.0008,,,0.0,0.0008,0.0,9282987514222,0.0
EXT-INVALID_ENTITY-0078,C8_FINAL_UIR_B6,9282987517868,0.000956,,,0.0,0.000956,0.0,9282987516912,0.0
EXT-INVALID_ENTITY-0079,C8_FINAL_UIR_B6,9282987521867,0.001128,,,0.0,0.001128,0.0,9282987520739,0.0
EXT-INVALID_ENTITY-0080,C8_FINAL_UIR_B6,9282987524695,0.00087,,,0.0,0.00087,0.0,9282987523825,0.0
EXT-INVALID_ENTITY-0083,C8_FINAL_UIR_B6,9282987527390,0.00079,,,0.0,0.00079,0.0,9282987526600,0.0
EXT-INVALID_ENTITY-0084,C8_FINAL_UIR_B6,9282987530256,0.000863,,,0.0,0.000863,0.0,9282987529393,0.0
EXT-INVALID_ENTITY-0086,C8_FINAL_UIR_B6,9282987533167,0.000835,,,0.0,0.000835,0.0,9282987532332,0.0
EXT-INVALID_ENTITY-0093,C8_FINAL_UIR_B6,9282987535910,0.000855,,,0.0,0.000855,0.0,9282987535055,0.0
EXT-INVALID_ENTITY-0098,C8_FINAL_UIR_B6,9282987538842,0.001013,,,0.0,0.001013,0.0,9282987537829,0.0
EXT-NUMERIC_PROVENANCE-0008,C8_FINAL_UIR_B6,9282987541935,0.001123,,,0.0,0.001123,0.0,9282987540812,0.0
EXT-NUMERIC_PROVENANCE-0009,C8_FINAL_UIR_B6,9282987545284,0.000985,,,0.0,0.000985,0.0,9282987544299,0.0
EXT-NUMERIC_PROVENANCE-0012,C8_FINAL_UIR_B6,9282987548203,0.000885,,,0.0,0.000885,0.0,9282987547318,0.0
EXT-NUMERIC_PROVENANCE-0013,C8_FINAL_UIR_B6,9282987550999,0.000885,,,0.0,0.000885,0.0,9282987550114,0.0
EXT-NUMERIC_PROVENANCE-0015,C8_FINAL_UIR_B6,9282987553839,0.000928,,,0.0,0.000928,0.0,9282987552911,0.0
EXT-NUMERIC_PROVENANCE-0016,C8_FINAL_UIR_B6,9282987556693,0.000864,,,0.0,0.000864,0.0,9282987555829,0.0
EXT-NUMERIC_PROVENANCE-0017,C8_FINAL_UIR_B6,9282987559461,0.000854,,,0.0,0.000854,0.0,9282987558607,0.0
EXT-NUMERIC_PROVENANCE-0018,C8_FINAL_UIR_B6,9282987562320,0.000848,,,0.0,0.000848,0.0,9282987561472,0.0
EXT-NUMERIC_PROVENANCE-0019,C8_FINAL_UIR_B6,9282987565270,0.000904,,,0.0,0.000904,0.0,9282987564366,0.0
EXT-NUMERIC_PROVENANCE-0020,C8_FINAL_UIR_B6,9282987569251,0.000948,,,0.0,0.000948,0.0,9282987568303,0.0
EXT-NUMERIC_PROVENANCE-0021,C8_FINAL_UIR_B6,9282987572226,0.000927,,,0.0,0.000927,0.0,9282987571299,0.0
EXT-NUMERIC_PROVENANCE-0029,C8_FINAL_UIR_B6,9282987575072,0.000826,,,0.0,0.000826,0.0,9282987574246,0.0
EXT-NUMERIC_PROVENANCE-0031,C8_FINAL_UIR_B6,9282987577835,0.000818,,,0.0,0.000818,0.0,9282987577017,0.0
EXT-NUMERIC_PROVENANCE-0033,C8_FINAL_UIR_B6,9282987580821,0.001018,,,0.0,0.001018,0.0,9282987579803,0.0
EXT-NUMERIC_PROVENANCE-0035,C8_FINAL_UIR_B6,9282987583922,0.001041,,,0.0,0.001041,0.0,9282987582881,0.0
EXT-NUMERIC_PROVENANCE-0038,C8_FINAL_UIR_B6,9282987586740,0.000885,,,0.0,0.000885,0.0,9282987585855,0.0
EXT-NUMERIC_PROVENANCE-0039,C8_FINAL_UIR_B6,9282987589743,0.000887,,,0.0,0.000887,0.0,9282987588856,0.0
EXT-NUMERIC_PROVENANCE-0047,C8_FINAL_UIR_B6,9282987592660,0.000922,,,0.0,0.000922,0.0,9282987591738,0.0
EXT-PAIR-0001-KO,C8_FINAL_UIR_B6,9282987595500,0.000872,,,0.0,0.000872,0.0,9282987594628,0.0
EXT-PAIR-0004-EN,C8_FINAL_UIR_B6,9282987598692,0.001217,,,0.0,0.001217,0.0,9282987597475,0.0
EXT-PAIR-0004-KO,C8_FINAL_UIR_B6,9282987601756,0.001025,,,0.0,0.001025,0.0,9282987600731,0.0
EXT-PAIR-0007-EN,C8_FINAL_UIR_B6,9282987605191,0.000942,,,0.0,0.000942,0.0,9282987604249,0.0
EXT-PAIR-0009-EN,C8_FINAL_UIR_B6,9282987608055,0.000941,,,0.0,0.000941,0.0,9282987607114,0.0
EXT-PAIR-0010-EN,C8_FINAL_UIR_B6,9282987610854,0.000893,,,0.0,0.000893,0.0,9282987609961,0.0
EXT-PAIR-0013-EN,C8_FINAL_UIR_B6,9282987613650,0.000814,,,0.0,0.000814,0.0,9282987612836,0.0
EXT-PAIR-0013-KO,C8_FINAL_UIR_B6,9282987617570,0.000989,,,0.0,0.000989,0.0,9282987616581,0.0
EXT-PAIR-0021-KO,C8_FINAL_UIR_B6,9282987620405,0.00083,,,0.0,0.00083,0.0,9282987619575,0.0
EXT-PAIR-0026-EN,C8_FINAL_UIR_B6,9282987623212,0.000841,,,0.0,0.000841,0.0,9282987622371,0.0
EXT-PAIR-0026-KO,C8_FINAL_UIR_B6,9282987626129,0.000831,,,0.0,0.000831,0.0,9282987625298,0.0
EXT-PAIR-0027-KO,C8_FINAL_UIR_B6,9282987628960,0.000836,,,0.0,0.000836,0.0,9282987628124,0.0
EXT-PAIR-0029-KO,C8_FINAL_UIR_B6,9282987631801,0.000838,,,0.0,0.000838,0.0,9282987630963,0.0
EXT-PAIR-0030-EN,C8_FINAL_UIR_B6,9282987634815,0.001091,,,0.0,0.001091,0.0,9282987633724,0.0
EXT-PAIR-0034-EN,C8_FINAL_UIR_B6,9282987637959,0.001148,,,0.0,0.001148,0.0,9282987636811,0.0
EXT-PAIR-0035-KO,C8_FINAL_UIR_B6,9282987641464,0.001144,,,0.0,0.001144,0.0,9282987640320,0.0
EXT-PAIR-0039-KO,C8_FINAL_UIR_B6,9282987644551,0.001075,,,0.0,0.001075,0.0,9282987643476,0.0
EXT-PAIR-0040-EN,C8_FINAL_UIR_B6,9282987647521,0.001065,,,0.0,0.001065,0.0,9282987646456,0.0
EXT-PAIR-0041-EN,C8_FINAL_UIR_B6,9282987650539,0.001103,,,0.0,0.001103,0.0,9282987649436,0.0
EXT-PAIR-0043-KO,C8_FINAL_UIR_B6,9282987653420,0.00095,,,0.0,0.00095,0.0,9282987652470,0.0
EXT-PAIR-0047-KO,C8_FINAL_UIR_B6,9282987713603,0.00128,,,0.0,0.00128,0.0,9282987712323,0.0
EXT-PAIR-0048-EN,C8_FINAL_UIR_B6,9282987717561,0.001468,,,0.0,0.001468,0.0,9282987716093,0.0
EXT-PAIR-0049-KO,C8_FINAL_UIR_B6,9282987721225,0.00123,,,0.0,0.00123,0.0,9282987719995,0.0
EXT-PAIR-0055-EN,C8_FINAL_UIR_B6,9282987724358,0.001011,,,0.0,0.001011,0.0,9282987723347,0.0
EXT-PAIR-0056-EN,C8_FINAL_UIR_B6,9282987727554,0.001041,,,0.0,0.001041,0.0,9282987726513,0.0
EXT-PAIR-0063-KO,C8_FINAL_UIR_B6,9282987730499,0.000929,,,0.0,0.000929,0.0,9282987729570,0.0
EXT-PAIR-0064-EN,C8_FINAL_UIR_B6,9282987733652,0.001201,,,0.0,0.001201,0.0,9282987732451,0.0
EXT-PAIR-0072-EN,C8_FINAL_UIR_B6,9282987737314,0.001179,,,0.0,0.001179,0.0,9282987736135,0.0
EXT-PAIR-0073-KO,C8_FINAL_UIR_B6,9282987740294,0.001024,,,0.0,0.001024,0.0,9282987739270,0.0
EXT-PAIR-0078-KO,C8_FINAL_UIR_B6,9282987743288,0.001076,,,0.0,0.001076,0.0,9282987742212,0.0
EXT-PAIR-0080-EN,C8_FINAL_UIR_B6,9282987746432,0.001139,,,0.0,0.001139,0.0,9282987745293,0.0
EXT-PAIR-0080-KO,C8_FINAL_UIR_B6,9282987749287,0.000926,,,0.0,0.000926,0.0,9282987748361,0.0
EXT-PAIR-0082-EN,C8_FINAL_UIR_B6,9282987752206,0.000891,,,0.0,0.000891,0.0,9282987751315,0.0
EXT-PAIR-0083-KO,C8_FINAL_UIR_B6,9282987755045,0.000843,,,0.0,0.000843,0.0,9282987754202,0.0
EXT-PAIR-0085-EN,C8_FINAL_UIR_B6,9282987758015,0.001036,,,0.0,0.001036,0.0,9282987756979,0.0
EXT-PAIR-0088-EN,C8_FINAL_UIR_B6,9282987761160,0.001097,,,0.0,0.001097,0.0,9282987760063,0.0
EXT-PAIR-0089-EN,C8_FINAL_UIR_B6,9282987764086,0.000945,,,0.0,0.000945,0.0,9282987763141,0.0
EXT-PAIR-0091-EN,C8_FINAL_UIR_B6,9282987766829,0.000836,,,0.0,0.000836,0.0,9282987765993,0.0
EXT-PAIR-0091-KO,C8_FINAL_UIR_B6,9282987769710,0.000967,,,0.0,0.000967,0.0,9282987768743,0.0
EXT-PAIR-0094-EN,C8_FINAL_UIR_B6,9282987772528,0.000875,,,0.0,0.000875,0.0,9282987771653,0.0
EXT-PAIR-0096-EN,C8_FINAL_UIR_B6,9282987775565,0.001087,,,0.0,0.001087,0.0,9282987774478,0.0
EXT-PAIR-0099-KO,C8_FINAL_UIR_B6,9282987778402,0.00084,,,0.0,0.00084,0.0,9282987777562,0.0
EXT-PAIR-0104-KO,C8_FINAL_UIR_B6,9282987781267,0.000841,,,0.0,0.000841,0.0,9282987780426,0.0
EXT-PAIR-0109-KO,C8_FINAL_UIR_B6,9282987784259,0.000954,,,0.0,0.000954,0.0,9282987783305,0.0
EXT-PAIR-0115-KO,C8_FINAL_UIR_B6,9282987787213,0.000947,,,0.0,0.000947,0.0,9282987786266,0.0
EXT-PAIR-0116-KO,C8_FINAL_UIR_B6,9282987790095,0.000941,,,0.0,0.000941,0.0,9282987789154,0.0
EXT-PAIR-0117-EN,C8_FINAL_UIR_B6,9282987793050,0.000961,,,0.0,0.000961,0.0,9282987792089,0.0
EXT-PAIR-0121-EN,C8_FINAL_UIR_B6,9282987811678,0.002025,,,0.0,0.002025,0.0,9282987809653,0.0
EXT-PAIR-0128-KO,C8_FINAL_UIR_B6,9282987816689,0.001246,,,0.0,0.001246,0.0,9282987815443,0.0
EXT-PAIR-0136-KO,C8_FINAL_UIR_B6,9282987820743,0.001393,,,0.0,0.001393,0.0,9282987819350,0.0
EXT-PAIR-0140-EN,C8_FINAL_UIR_B6,9282987824544,0.001348,,,0.0,0.001348,0.0,9282987823196,0.0
EXT-PAIR-0140-KO,C8_FINAL_UIR_B6,9282987827769,0.001051,,,0.0,0.001051,0.0,9282987826718,0.0
EXT-PAIR-0143-EN,C8_FINAL_UIR_B6,9282987830951,0.001009,,,0.0,0.001009,0.0,9282987829942,0.0
EXT-PAIR-0144-EN,C8_FINAL_UIR_B6,9282987834179,0.001121,,,0.0,0.001121,0.0,9282987833058,0.0
EXT-PAIR-0146-EN,C8_FINAL_UIR_B6,9282987837123,0.000981,,,0.0,0.000981,0.0,9282987836142,0.0
EXT-PAIR-0148-EN,C8_FINAL_UIR_B6,9282987840095,0.001044,,,0.0,0.001044,0.0,9282987839051,0.0
EXT-PAIR-0148-KO,C8_FINAL_UIR_B6,9282987842989,0.000854,,,0.0,0.000854,0.0,9282987842135,0.0
EXT-PAIR-0149-KO,C8_FINAL_UIR_B6,9282987846095,0.000971,,,0.0,0.000971,0.0,9282987845124,0.0
EXT-PAIR-0150-KO,C8_FINAL_UIR_B6,9282987849142,0.001008,,,0.0,0.001008,0.0,9282987848134,0.0
EXT-PAIR-0152-KO,C8_FINAL_UIR_B6,9282987852074,0.000982,,,0.0,0.000982,0.0,9282987851092,0.0
EXT-PAIR-0154-KO,C8_FINAL_UIR_B6,9282987855281,0.001097,,,0.0,0.001097,0.0,9282987854184,0.0
EXT-PAIR-0157-KO,C8_FINAL_UIR_B6,9282987858987,0.001334,,,0.0,0.001334,0.0,9282987857653,0.0
EXT-PAIR-0159-EN,C8_FINAL_UIR_B6,9282987862384,0.00097,,,0.0,0.00097,0.0,9282987861414,0.0
EXT-PAIR-0161-EN,C8_FINAL_UIR_B6,9282987865454,0.00097,,,0.0,0.00097,0.0,9282987864484,0.0
EXT-PAIR-0162-EN,C8_FINAL_UIR_B6,9282987868461,0.000993,,,0.0,0.000993,0.0,9282987867468,0.0
EXT-PAIR-0166-EN,C8_FINAL_UIR_B6,9282987871762,0.001208,,,0.0,0.001208,0.0,9282987870554,0.0
EXT-PAIR-0166-KO,C8_FINAL_UIR_B6,9282987874918,0.001033,,,0.0,0.001033,0.0,9282987873885,0.0
EXT-PAIR-0167-EN,C8_FINAL_UIR_B6,9282987878099,0.001219,,,0.0,0.001219,0.0,9282987876880,0.0
EXT-PAIR-0169-EN,C8_FINAL_UIR_B6,9282987880987,0.000831,,,0.0,0.000831,0.0,9282987880156,0.0
EXT-PAIR-0170-EN,C8_FINAL_UIR_B6,9282987883915,0.000876,,,0.0,0.000876,0.0,9282987883039,0.0
EXT-PAIR-0174-KO,C8_FINAL_UIR_B6,9282987886795,0.000829,,,0.0,0.000829,0.0,9282987885966,0.0
EXT-PAIR-0175-EN,C8_FINAL_UIR_B6,9282987891257,0.001458,,,0.0,0.001458,0.0,9282987889799,0.0
EXT-PAIR-0179-EN,C8_FINAL_UIR_B6,9282987894503,0.00103,,,0.0,0.00103,0.0,9282987893473,0.0
EXT-PAIR-0184-KO,C8_FINAL_UIR_B6,9282987897484,0.000925,,,0.0,0.000925,0.0,9282987896559,0.0
EXT-PAIR-0191-EN,C8_FINAL_UIR_B6,9282987900484,0.0009,,,0.0,0.0009,0.0,9282987899584,0.0
EXT-PAIR-0191-KO,C8_FINAL_UIR_B6,9282987903330,0.000936,,,0.0,0.000936,0.0,9282987902394,0.0
EXT-PAIR-0193-EN,C8_FINAL_UIR_B6,9282987906111,0.00083,,,0.0,0.00083,0.0,9282987905281,0.0
EXT-PAIR-0194-EN,C8_FINAL_UIR_B6,9282987909122,0.000901,,,0.0,0.000901,0.0,9282987908221,0.0
EXT-PAIR-0194-KO,C8_FINAL_UIR_B6,9282987912040,0.000962,,,0.0,0.000962,0.0,9282987911078,0.0
EXT-PAIR-0195-EN,C8_FINAL_UIR_B6,9282987914788,0.000843,,,0.0,0.000843,0.0,9282987913945,0.0
EXT-PAIR-0195-KO,C8_FINAL_UIR_B6,9282987917710,0.000918,,,0.0,0.000918,0.0,9282987916792,0.0
EXT-PARAPHRASE-0003,C8_FINAL_UIR_B6,9282987920633,0.000921,,,0.0,0.000921,0.0,9282987919712,0.0
EXT-PARAPHRASE-0004,C8_FINAL_UIR_B6,9282987923452,0.000846,,,0.0,0.000846,0.0,9282987922606,0.0
EXT-PARAPHRASE-0005,C8_FINAL_UIR_B6,9282987926480,0.001021,,,0.0,0.001021,0.0,9282987925459,0.0
EXT-PARAPHRASE-0020,C8_FINAL_UIR_B6,9282987929347,0.000989,,,0.0,0.000989,0.0,9282987928358,0.0
EXT-PARAPHRASE-0026,C8_FINAL_UIR_B6,9282987934183,0.002236,,,0.0,0.002236,0.0,9282987931947,0.0
EXT-PARAPHRASE-0028,C8_FINAL_UIR_B6,9282987938910,0.001869,,,0.0,0.001869,0.0,9282987937041,0.0
EXT-PARAPHRASE-0030,C8_FINAL_UIR_B6,9282987942545,0.001472,,,0.0,0.001472,0.0,9282987941073,0.0
EXT-PARAPHRASE-0034,C8_FINAL_UIR_B6,9282987947171,0.001718,,,0.0,0.001718,0.0,9282987945453,0.0
EXT-PARAPHRASE-0039,C8_FINAL_UIR_B6,9282987950820,0.001332,,,0.0,0.001332,0.0,9282987949488,0.0
EXT-PARAPHRASE-0069,C8_FINAL_UIR_B6,9282987954369,0.001216,,,0.0,0.001216,0.0,9282987953153,0.0
EXT-PARAPHRASE-0076,C8_FINAL_UIR_B6,9282987958019,0.001491,,,0.0,0.001491,0.0,9282987956528,0.0
EXT-PARAPHRASE-0080,C8_FINAL_UIR_B6,9282987962200,0.001832,,,0.0,0.001832,0.0,9282987960368,0.0
EXT-PARAPHRASE-0091,C8_FINAL_UIR_B6,9282987965868,0.001462,,,0.0,0.001462,0.0,9282987964406,0.0
EXT-PARAPHRASE-0097,C8_FINAL_UIR_B6,9282987969439,0.001252,,,0.0,0.001252,0.0,9282987968187,0.0
EXT-PARAPHRASE-0101,C8_FINAL_UIR_B6,9282987973179,0.001348,,,0.0,0.001348,0.0,9282987971831,0.0
EXT-PARAPHRASE-0114,C8_FINAL_UIR_B6,9282987977085,0.001658,,,0.0,0.001658,0.0,9282987975427,0.0
EXT-PARAPHRASE-0121,C8_FINAL_UIR_B6,9282987980850,0.001405,,,0.0,0.001405,0.0,9282987979445,0.0
EXT-PARAPHRASE-0150,C8_FINAL_UIR_B6,9282987984261,0.001011,,,0.0,0.001011,0.0,9282987983250,0.0
EXT-PARAPHRASE-0154,C8_FINAL_UIR_B6,9282987987494,0.000956,,,0.0,0.000956,0.0,9282987986538,0.0
EXT-PARAPHRASE-0158,C8_FINAL_UIR_B6,9282987990847,0.00117,,,0.0,0.00117,0.0,9282987989677,0.0
EXT-PARAPHRASE-0159,C8_FINAL_UIR_B6,9282987994200,0.001357,,,0.0,0.001357,0.0,9282987992843,0.0
EXT-PARAPHRASE-0162,C8_FINAL_UIR_B6,9282987997285,0.000976,,,0.0,0.000976,0.0,9282987996309,0.0
EXT-PARAPHRASE-0166,C8_FINAL_UIR_B6,9282988000258,0.000836,,,0.0,0.000836,0.0,9282987999422,0.0
EXT-PARAPHRASE-0172,C8_FINAL_UIR_B6,9282988003266,0.000963,,,0.0,0.000963,0.0,9282988002303,0.0
EXT-PARAPHRASE-0176,C8_FINAL_UIR_B6,9282988006097,0.000848,,,0.0,0.000848,0.0,9282988005249,0.0
EXT-PARAPHRASE-0183,C8_FINAL_UIR_B6,9282988008997,0.000835,,,0.0,0.000835,0.0,9282988008162,0.0
EXT-PARAPHRASE-0191,C8_FINAL_UIR_B6,9282988012091,0.000909,,,0.0,0.000909,0.0,9282988011182,0.0
EXT-PARAPHRASE-0194,C8_FINAL_UIR_B6,9282988015145,0.000887,,,0.0,0.000887,0.0,9282988014258,0.0
EXT-PARAPHRASE-0197,C8_FINAL_UIR_B6,9282988018018,0.000909,,,0.0,0.000909,0.0,9282988017109,0.0
EXT-POLICY_CONFLICT-0001,C8_FINAL_UIR_B6,9282988020935,0.000869,,,0.0,0.000869,0.0,9282988020066,0.0
EXT-POLICY_CONFLICT-0010,C8_FINAL_UIR_B6,9282988027828,0.004716,,,0.0,0.004716,0.0,9282988023112,0.0
EXT-POLICY_CONFLICT-0012,C8_FINAL_UIR_B6,9282988030905,0.00092,,,0.0,0.00092,0.0,9282988029985,0.0
EXT-POLICY_CONFLICT-0015,C8_FINAL_UIR_B6,9282988033878,0.000983,,,0.0,0.000983,0.0,9282988032895,0.0
EXT-POLICY_CONFLICT-0017,C8_FINAL_UIR_B6,9282988037079,0.001044,,,0.0,0.001044,0.0,9282988036035,0.0
EXT-POLICY_CONFLICT-0019,C8_FINAL_UIR_B6,9282988040062,0.000922,,,0.0,0.000922,0.0,9282988039140,0.0
EXT-POLICY_CONFLICT-0022,C8_FINAL_UIR_B6,9282988043115,0.00098,,,0.0,0.00098,0.0,9282988042135,0.0
EXT-POLICY_CONFLICT-0027,C8_FINAL_UIR_B6,9282988046131,0.000945,,,0.0,0.000945,0.0,9282988045186,0.0
EXT-POLICY_CONFLICT-0030,C8_FINAL_UIR_B6,9282988049029,0.000912,,,0.0,0.000912,0.0,9282988048117,0.0
EXT-POLICY_CONFLICT-0034,C8_FINAL_UIR_B6,9282988052016,0.001007,,,0.0,0.001007,0.0,9282988051009,0.0
EXT-POLICY_CONFLICT-0043,C8_FINAL_UIR_B6,9282988066164,0.012094,,,0.0,0.012094,0.0,9282988054070,0.0
EXT-POLICY_CONFLICT-0044,C8_FINAL_UIR_B6,9282988069343,0.001096,,,0.0,0.001096,0.0,9282988068247,0.0
EXT-POLICY_CONFLICT-0055,C8_FINAL_UIR_B6,9282988072353,0.000992,,,0.0,0.000992,0.0,9282988071361,0.0
EXT-POLICY_CONFLICT-0056,C8_FINAL_UIR_B6,9282988075506,0.000985,,,0.0,0.000985,0.0,9282988074521,0.0
EXT-POLICY_CONFLICT-0057,C8_FINAL_UIR_B6,9282988078592,0.001098,,,0.0,0.001098,0.0,9282988077494,0.0
EXT-POLICY_CONFLICT-0060,C8_FINAL_UIR_B6,9282988081764,0.000953,,,0.0,0.000953,0.0,9282988080811,0.0
EXT-POLICY_CONFLICT-0061,C8_FINAL_UIR_B6,9282988084853,0.001082,,,0.0,0.001082,0.0,9282988083771,0.0
EXT-POLICY_CONFLICT-0062,C8_FINAL_UIR_B6,9282988087849,0.000878,,,0.0,0.000878,0.0,9282988086971,0.0
EXT-POLICY_CONFLICT-0065,C8_FINAL_UIR_B6,9282988090817,0.000988,,,0.0,0.000988,0.0,9282988089829,0.0
EXT-POLICY_CONFLICT-0066,C8_FINAL_UIR_B6,9282988093654,0.000845,,,0.0,0.000845,0.0,9282988092809,0.0
EXT-POLICY_CONFLICT-0071,C8_FINAL_UIR_B6,9282988096483,0.000838,,,0.0,0.000838,0.0,9282988095645,0.0
EXT-POLICY_CONFLICT-0073,C8_FINAL_UIR_B6,9282988099388,0.000847,,,0.0,0.000847,0.0,9282988098541,0.0
EXT-POLICY_CONFLICT-0075,C8_FINAL_UIR_B6,9282988102496,0.000995,,,0.0,0.000995,0.0,9282988101501,0.0
EXT-POLICY_CONFLICT-0080,C8_FINAL_UIR_B6,9282988105528,0.001045,,,0.0,0.001045,0.0,9282988104483,0.0
EXT-POLICY_CONFLICT-0081,C8_FINAL_UIR_B6,9282988109027,0.001268,,,0.0,0.001268,0.0,9282988107759,0.0
EXT-POLICY_CONFLICT-0086,C8_FINAL_UIR_B6,9282988112130,0.000982,,,0.0,0.000982,0.0,9282988111148,0.0
EXT-POLICY_CONFLICT-0091,C8_FINAL_UIR_B6,9282988115297,0.001075,,,0.0,0.001075,0.0,9282988114222,0.0
EXT-POLICY_CONFLICT-0094,C8_FINAL_UIR_B6,9282988118314,0.000915,,,0.0,0.000915,0.0,9282988117399,0.0
EXT-POLICY_CONFLICT-0095,C8_FINAL_UIR_B6,9282988121371,0.001037,,,0.0,0.001037,0.0,9282988120334,0.0
EXT-POLICY_CONFLICT-0098,C8_FINAL_UIR_B6,9282988124182,0.000836,,,0.0,0.000836,0.0,9282988123346,0.0
EXT-POLICY_CONFLICT-0099,C8_FINAL_UIR_B6,9282988127336,0.000846,,,0.0,0.000846,0.0,9282988126490,0.0
EXT-POLICY_CONFLICT-0100,C8_FINAL_UIR_B6,9282988130359,0.000946,,,0.0,0.000946,0.0,9282988129413,0.0
SEC3B-000-EN,C8_FINAL_UIR_B6,9288869161642,5878.298096,batch-000000,8,5878.15548,0.0,0.05555,9282991006162,0.087066
SEC3B-000-KO,C8_FINAL_UIR_B6,9288869161642,5878.205893,batch-000000,8,5878.15548,0.0,0.021006,9282991006162,0.029407
SEC3B-001-KO,C8_FINAL_UIR_B6,9288869161642,5878.190646,batch-000000,8,5878.15548,0.0,0.017342,9282991006162,0.017824
SEC3B-002-EN,C8_FINAL_UIR_B6,9288869161642,5878.187859000001,batch-000000,8,5878.15548,0.0,0.016142,9282991006162,0.016237
SEC3B-005-EN,C8_FINAL_UIR_B6,9288869161642,5878.208408,batch-000000,8,5878.15548,0.0,0.015736,9282991006162,0.037192
SEC3B-005-KO,C8_FINAL_UIR_B6,9288869161642,5878.193956,batch-000000,8,5878.15548,0.0,0.016001,9282991006162,0.022475
SEC3B-009-KO,C8_FINAL_UIR_B6,9288869161642,5878.190441,batch-000000,8,5878.15548,0.0,0.015076,9282991006162,0.019885
SEC3B-010-EN,C8_FINAL_UIR_B6,9288869161642,5878.189189000001,batch-000000,8,5878.15548,0.0,0.014621,9282991006162,0.019088
SEC3B-012-EN,C8_FINAL_UIR_B6,9294748835527,5879.471263999999,batch-000001,8,5879.438106,0.0,0.014509,9288869397421,0.018649
SEC3B-012-KO,C8_FINAL_UIR_B6,9294748835527,5879.470681999999,batch-000001,8,5879.438106,0.0,0.014378,9288869397421,0.018198
SEC3B-013-EN,C8_FINAL_UIR_B6,9294748835527,5879.467559,batch-000001,8,5879.438106,0.0,0.014062,9288869397421,0.015391
SEC3B-014-KO,C8_FINAL_UIR_B6,9294748835527,5879.472277999999,batch-000001,8,5879.438106,0.0,0.014548,9288869397421,0.019624
SEC3B-015-EN,C8_FINAL_UIR_B6,9294748835527,5879.466762999999,batch-000001,8,5879.438106,0.0,0.013984,9288869397421,0.014673
SEC3B-016-EN,C8_FINAL_UIR_B6,9294748835527,5879.470380999999,batch-000001,8,5879.438106,0.0,0.013744,9288869397421,0.018531
SEC3B-016-KO,C8_FINAL_UIR_B6,9294748835527,5879.469477,batch-000001,8,5879.438106,0.0,0.013715,9288869397421,0.017656
SEC3B-018-EN,C8_FINAL_UIR_B6,9294748835527,5879.470523,batch-000001,8,5879.438106,0.0,0.013767,9288869397421,0.01865
SEC3B-020-EN,C8_FINAL_UIR_B6,9300645376614,5896.306280999999,batch-000002,8,5896.276918,0.0,0.013781,9294749099696,0.015582
SEC3B-020-KO,C8_FINAL_UIR_B6,9300645376614,5896.317831,batch-000002,8,5896.276918,0.0,0.015492,9294749099696,0.025421
SEC3B-021-KO,C8_FINAL_UIR_B6,9300645376614,5896.3138659999995,batch-000002,8,5896.276918,0.0,0.015498,9294749099696,0.02145
SEC3B-023-EN,C8_FINAL_UIR_B6,9300645376614,5896.309798999999,batch-000002,8,5896.276918,0.0,0.014877,9294749099696,0.018004
SEC3B-025-EN,C8_FINAL_UIR_B6,9300645376614,5896.309162,batch-000002,8,5896.276918,0.0,0.014377,9294749099696,0.017867
SEC3B-025-KO,C8_FINAL_UIR_B6,9300645376614,5896.308578,batch-000002,8,5896.276918,0.0,0.014038,9294749099696,0.017622
SEC3B-026-EN,C8_FINAL_UIR_B6,9300645376614,5896.308378,batch-000002,8,5896.276918,0.0,0.015206,9294749099696,0.016254
SEC3B-028-KO,C8_FINAL_UIR_B6,9300645376614,5896.309926999999,batch-000002,8,5896.276918,0.0,0.015061,9294749099696,0.017948
SEC3B-030-EN,C8_FINAL_UIR_B6,9306464477129,5818.902824,batch-000003,8,5818.870432,0.0,0.014047,9300645606697,0.018345
SEC3B-030-KO,C8_FINAL_UIR_B6,9306464477129,5818.901852,batch-000003,8,5818.870432,0.0,0.01399,9300645606697,0.01743
SEC3B-031-EN,C8_FINAL_UIR_B6,9306464477129,5818.9014,batch-000003,8,5818.870432,0.0,0.013689,9300645606697,0.017279
SEC3B-032-EN,C8_FINAL_UIR_B6,9306464477129,5818.902212,batch-000003,8,5818.870432,0.0,0.01424,9300645606697,0.01754
SEC3B-032-KO,C8_FINAL_UIR_B6,9306464477129,5818.898283,batch-000003,8,5818.870432,0.0,0.013928,9300645606697,0.013923
SEC3B-034-EN,C8_FINAL_UIR_B6,9306464477129,5818.913895999999,batch-000003,8,5818.870432,0.0,0.022531,9300645606697,0.020933
SEC3B-037-KO,C8_FINAL_UIR_B6,9306464477129,5818.918458,batch-000003,8,5818.870432,0.0,0.015056,9300645606697,0.03297
SEC3B-038-KO,C8_FINAL_UIR_B6,9306464477129,5818.908253,batch-000003,8,5818.870432,0.0,0.018808,9300645606697,0.019013
SEC3B-039-EN,C8_FINAL_UIR_B6,9312458060280,5993.377573,batch-000004,8,5993.329981,0.0,0.027628,9306464730299,0.019964
SEC3B-040-KO,C8_FINAL_UIR_B6,9312458060280,5993.363547,batch-000004,8,5993.329981,0.0,0.015098,9306464730299,0.018468
SEC3B-043-EN,C8_FINAL_UIR_B6,9312458060280,5993.3625680000005,batch-000004,8,5993.329981,0.0,0.01425,9306464730299,0.018337
SEC3B-043-KO,C8_FINAL_UIR_B6,9312458060280,5993.362698999999,batch-000004,8,5993.329981,0.0,0.015369,9306464730299,0.017349
SEC3B-044-KO,C8_FINAL_UIR_B6,9312458060280,5993.359394,batch-000004,8,5993.329981,0.0,0.014667,9306464730299,0.014746
SEC3B-045-EN,C8_FINAL_UIR_B6,9312458060280,5993.358869,batch-000004,8,5993.329981,0.0,0.014634,9306464730299,0.014254
SEC3B-048-KO,C8_FINAL_UIR_B6,9312458060280,5993.362206000001,batch-000004,8,5993.329981,0.0,0.014412,9306464730299,0.017813
SEC3B-050-EN,C8_FINAL_UIR_B6,9312458060280,5993.35842,batch-000004,8,5993.329981,0.0,0.013849,9306464730299,0.01459
SEC3B-051-KO,C8_FINAL_UIR_B6,9317979266241,5520.92082,batch-000005,8,5520.889607,0.0,0.013592,9312458376634,0.017621
SEC3B-052-EN,C8_FINAL_UIR_B6,9317979266241,5520.917766,batch-000005,8,5520.889607,0.0,0.013805,9312458376634,0.014354
SEC3B-053-EN,C8_FINAL_UIR_B6,9317979266241,5520.917779,batch-000005,8,5520.889607,0.0,0.013804,9312458376634,0.014368
SEC3B-054-KO,C8_FINAL_UIR_B6,9317979266241,5520.918210000001,batch-000005,8,5520.889607,0.0,0.014054,9312458376634,0.014549
SEC3B-059-EN,C8_FINAL_UIR_B6,9317979266241,5520.918579,batch-000005,8,5520.889607,0.0,0.014495,9312458376634,0.014477
SEC3B-060-EN,C8_FINAL_UIR_B6,9317979266241,5520.917778000001,batch-000005,8,5520.889607,0.0,0.013759,9312458376634,0.014412
SEC3B-061-EN,C8_FINAL_UIR_B6,9317979266241,5520.918292,batch-000005,8,5520.889607,0.0,0.014459,9312458376634,0.014226
SEC3B-069-KO,C8_FINAL_UIR_B6,9317979266241,5520.932412,batch-000005,8,5520.889607,0.0,0.025356,9312458376634,0.017449
SEC3B-071-EN,C8_FINAL_UIR_B6,9323822754960,5843.244283,batch-000006,8,5843.209955,0.0,0.020079,9317979545005,0.014249
SEC3B-072-EN,C8_FINAL_UIR_B6,9323822754960,5843.243345,batch-000006,8,5843.209955,0.0,0.015664,9317979545005,0.017726
SEC3B-073-KO,C8_FINAL_UIR_B6,9323822754960,5843.433408000001,batch-000006,8,5843.209955,0.0,0.015132,9317979545005,0.208321
SEC3B-076-EN,C8_FINAL_UIR_B6,9323822754960,5843.245489000001,batch-000006,8,5843.209955,0.0,0.014737,9317979545005,0.020797
SEC3B-077-EN,C8_FINAL_UIR_B6,9323822754960,5843.244559,batch-000006,8,5843.209955,0.0,0.014375,9317979545005,0.020229
SEC3B-078-EN,C8_FINAL_UIR_B6,9323822754960,5843.242899000001,batch-000006,8,5843.209955,0.0,0.013936,9317979545005,0.019008
SEC3B-081-KO,C8_FINAL_UIR_B6,9323822754960,5843.242286,batch-000006,8,5843.209955,0.0,0.013824,9317979545005,0.018507
SEC3B-082-EN,C8_FINAL_UIR_B6,9323822754960,5843.240202,batch-000006,8,5843.209955,0.0,0.015154,9317979545005,0.015093
SEC3B-084-EN,C8_FINAL_UIR_B6,9329894008449,6071.030607000001,batch-000007,8,6070.997607,0.0,0.01446,9323823010842,0.01854
SEC3B-086-KO,C8_FINAL_UIR_B6,9329894008449,6071.027474,batch-000007,8,6070.997607,0.0,0.014674,9323823010842,0.015193
SEC3B-087-KO,C8_FINAL_UIR_B6,9329894008449,6071.02707,batch-000007,8,6070.997607,0.0,0.014379,9323823010842,0.015084
SEC3B-088-EN,C8_FINAL_UIR_B6,9329894008449,6071.0263620000005,batch-000007,8,6070.997607,0.0,0.013814,9323823010842,0.014941
SEC3B-089-EN,C8_FINAL_UIR_B6,9329894008449,6071.026286,batch-000007,8,6070.997607,0.0,0.013802,9323823010842,0.014877
SEC3B-090-EN,C8_FINAL_UIR_B6,9329894008449,6071.025684,batch-000007,8,6070.997607,0.0,0.013686,9323823010842,0.014391
SEC3B-090-KO,C8_FINAL_UIR_B6,9329894008449,6071.029079000001,batch-000007,8,6070.997607,0.0,0.014006,9323823010842,0.017466
SEC3B-093-EN,C8_FINAL_UIR_B6,9329894008449,6071.029976,batch-000007,8,6070.997607,0.0,0.013814,9323823010842,0.018555
SEC3B-093-KO,C8_FINAL_UIR_B6,9335316579984,5422.3709579999995,batch-000008,8,5422.338982,0.0,0.013652,9329894241002,0.018324
SEC3B-099-KO,C8_FINAL_UIR_B6,9335316579984,5422.370959000001,batch-000008,8,5422.338982,0.0,0.013802,9329894241002,0.018175
V2C-0004,C8_FINAL_UIR_B6,9335316579984,5422.355375,batch-000008,8,5422.338982,0.0,0.006958,9329894241002,0.009435
V2C-0010,C8_FINAL_UIR_B6,9335316579984,5422.354462,batch-000008,8,5422.338982,0.0,0.006526,9329894241002,0.008954
V2C-0016,C8_FINAL_UIR_B6,9335316579984,5422.352855,batch-000008,8,5422.338982,0.0,0.005578,9329894241002,0.008295
V2C-0018,C8_FINAL_UIR_B6,9335316579984,5422.353239,batch-000008,8,5422.338982,0.0,0.00567,9329894241002,0.008587
V2C-0020,C8_FINAL_UIR_B6,9335316579984,5422.353116,batch-000008,8,5422.338982,0.0,0.005893,9329894241002,0.008241
V2C-0026,C8_FINAL_UIR_B6,9335316579984,5422.352882,batch-000008,8,5422.338982,0.0,0.0055,9329894241002,0.0084
V2C-0027,C8_FINAL_UIR_B6,9339275108991,3958.243614,batch-000009,8,3958.229766,0.0,0.005518,9335316879225,0.00833
V2C-0030,C8_FINAL_UIR_B6,9339275108991,3958.24391,batch-000009,8,3958.229766,0.0,0.005716,9335316879225,0.008428
V2C-0032,C8_FINAL_UIR_B6,9339275108991,3958.248886,batch-000009,8,3958.229766,0.0,0.00619,9335316879225,0.01293
V2C-0034,C8_FINAL_UIR_B6,9339275108991,3958.243662,batch-000009,8,3958.229766,0.0,0.005937,9335316879225,0.007959
V2C-0048,C8_FINAL_UIR_B6,9339275108991,3958.243345,batch-000009,8,3958.229766,0.0,0.005484,9335316879225,0.008095
V2C-0056,C8_FINAL_UIR_B6,9339275108991,3958.243351,batch-000009,8,3958.229766,0.0,0.005381,9335316879225,0.008204
V2C-0061,C8_FINAL_UIR_B6,9339275108991,3958.243755,batch-000009,8,3958.229766,0.0,0.00528,9335316879225,0.008709
V2C-0066,C8_FINAL_UIR_B6,9339275108991,3958.243723,batch-000009,8,3958.229766,0.0,0.005729,9335316879225,0.008228
V2C-0072,C8_FINAL_UIR_B6,9343241369410,3966.016506,batch-000010,8,3966.002774,0.0,0.005421,9339275366636,0.008311
V2C-0078,C8_FINAL_UIR_B6,9343241369410,3966.016403,batch-000010,8,3966.002774,0.0,0.005521,9339275366636,0.008108
V2C-0084,C8_FINAL_UIR_B6,9343241369410,3966.016631,batch-000010,8,3966.002774,0.0,0.005535,9339275366636,0.008322
V2C-0087,C8_FINAL_UIR_B6,9343241369410,3966.016338,batch-000010,8,3966.002774,0.0,0.005511,9339275366636,0.008053
V2C-0116,C8_FINAL_UIR_B6,9343241369410,3966.016052,batch-000010,8,3966.002774,0.0,0.005232,9339275366636,0.008046
V2C-0127,C8_FINAL_UIR_B6,9343241369410,3966.01613,batch-000010,8,3966.002774,0.0,0.005411,9339275366636,0.007945
V2C-0128,C8_FINAL_UIR_B6,9343241369410,3966.016332,batch-000010,8,3966.002774,0.0,0.005449,9339275366636,0.008109
V2C-0137,C8_FINAL_UIR_B6,9343241369410,3966.0257690000003,batch-000010,8,3966.002774,0.0,0.005692,9339275366636,0.017303
V2C-0148,C8_FINAL_UIR_B6,9347075256809,3833.6739639999996,batch-000011,8,3833.658881,0.0,0.005463,9343241597928,0.00962
V2C-0156,C8_FINAL_UIR_B6,9347075256809,3833.672659,batch-000011,8,3833.658881,0.0,0.005395,9343241597928,0.008383
V2C-0172,C8_FINAL_UIR_B6,9347075256809,3833.672128,batch-000011,8,3833.658881,0.0,0.005144,9343241597928,0.008103
V2C-0176,C8_FINAL_UIR_B6,9347075256809,3833.6722579999996,batch-000011,8,3833.658881,0.0,0.005308,9343241597928,0.008069
V2C-0181,C8_FINAL_UIR_B6,9347075256809,3833.672084,batch-000011,8,3833.658881,0.0,0.00511,9343241597928,0.008093
V2C-0184,C8_FINAL_UIR_B6,9347075256809,3833.6722659999996,batch-000011,8,3833.658881,0.0,0.005463,9343241597928,0.007922
V2C-0197,C8_FINAL_UIR_B6,9347075256809,3833.672187,batch-000011,8,3833.658881,0.0,0.005278,9343241597928,0.008028
V2C-0201,C8_FINAL_UIR_B6,9347075256809,3833.672218,batch-000011,8,3833.658881,0.0,0.005406,9343241597928,0.007931
V2C-0202,C8_FINAL_UIR_B6,9351576648816,4501.192754,batch-000012,8,4501.178792,0.0,0.00591,9347075470024,0.008052
V2C-0207,C8_FINAL_UIR_B6,9351576648816,4501.193176,batch-000012,8,4501.178792,0.0,0.006314,9347075470024,0.00807
V2C-0210,C8_FINAL_UIR_B6,9351576648816,4501.192234,batch-000012,8,4501.178792,0.0,0.005562,9347075470024,0.00788
V2C-0219,C8_FINAL_UIR_B6,9351576648816,4501.192308,batch-000012,8,4501.178792,0.0,0.005436,9347075470024,0.00808
V2C-0221,C8_FINAL_UIR_B6,9351576648816,4501.1922159999995,batch-000012,8,4501.178792,0.0,0.005561,9347075470024,0.007863
V2C-0223,C8_FINAL_UIR_B6,9351576648816,4501.192354,batch-000012,8,4501.178792,0.0,0.005605,9347075470024,0.007957
V2C-0229,C8_FINAL_UIR_B6,9351576648816,4501.192319,batch-000012,8,4501.178792,0.0,0.005585,9347075470024,0.007942
V2C-0263,C8_FINAL_UIR_B6,9351576648816,4501.192588,batch-000012,8,4501.178792,0.0,0.005667,9347075470024,0.008129
V2C-0265,C8_FINAL_UIR_B6,9355454046282,3877.1919089999997,batch-000013,8,3877.178641,0.0,0.005402,9351576867641,0.007866
V2C-0274,C8_FINAL_UIR_B6,9355454046282,3877.191917,batch-000013,8,3877.178641,0.0,0.005367,9351576867641,0.007909
V2C-0276,C8_FINAL_UIR_B6,9355454046282,3877.19197,batch-000013,8,3877.178641,0.0,0.005415,9351576867641,0.007914
V2C-0297,C8_FINAL_UIR_B6,9355454046282,3877.1919159999998,batch-000013,8,3877.178641,0.0,0.005362,9351576867641,0.007913
V2C-0298,C8_FINAL_UIR_B6,9355454046282,3877.1925290000004,batch-000013,8,3877.178641,0.0,0.00568,9351576867641,0.008208
V2C-0300,C8_FINAL_UIR_B6,9355454046282,3877.191829,batch-000013,8,3877.178641,0.0,0.005404,9351576867641,0.007784
V2C-0328,C8_FINAL_UIR_B6,9355454046282,3877.191763,batch-000013,8,3877.178641,0.0,0.005288,9351576867641,0.007834
V2C-0342,C8_FINAL_UIR_B6,9355454046282,3877.1924849999996,batch-000013,8,3877.178641,0.0,0.005977,9351576867641,0.007867
V2C-0348,C8_FINAL_UIR_B6,9359418027114,3963.776432,batch-000014,8,3963.763185,0.0,0.005426,9355454263929,0.007821
V2C-0351,C8_FINAL_UIR_B6,9359418027114,3963.7763299999997,batch-000014,8,3963.763185,0.0,0.005366,9355454263929,0.007779
V2C-0354,C8_FINAL_UIR_B6,9359418027114,3963.792658,batch-000014,8,3963.763185,0.0,0.005496,9355454263929,0.023977
V2C-0357,C8_FINAL_UIR_B6,9359418027114,3963.783391,batch-000014,8,3963.763185,0.0,0.005199,9355454263929,0.015007
V2C-0360,C8_FINAL_UIR_B6,9359418027114,3963.7780719999996,batch-000014,8,3963.763185,0.0,0.005581,9355454263929,0.009306
V2C-0365,C8_FINAL_UIR_B6,9359418027114,3963.7770989999995,batch-000014,8,3963.763185,0.0,0.005339,9355454263929,0.008575
V2C-0369,C8_FINAL_UIR_B6,9359418027114,3963.7768069999997,batch-000014,8,3963.763185,0.0,0.005567,9355454263929,0.008055
V2C-0370,C8_FINAL_UIR_B6,9359418027114,3963.777447,batch-000014,8,3963.763185,0.0,0.005866,9355454263929,0.008396
V2C-0374,C8_FINAL_UIR_B6,9363735360551,4317.142362,batch-000015,8,4317.128069,0.0,0.006159,9359418232482,0.008134
V2C-0380,C8_FINAL_UIR_B6,9363735360551,4317.141624000001,batch-000015,8,4317.128069,0.0,0.005306,9359418232482,0.008249
V2C-0384,C8_FINAL_UIR_B6,9363735360551,4317.141777000001,batch-000015,8,4317.128069,0.0,0.00539,9359418232482,0.008318
V2C-0396,C8_FINAL_UIR_B6,9363735360551,4317.141618000001,batch-000015,8,4317.128069,0.0,0.005451,9359418232482,0.008098
V2C-0399,C8_FINAL_UIR_B6,9363735360551,4317.141734,batch-000015,8,4317.128069,0.0,0.005477,9359418232482,0.008188
V2C-0400,C8_FINAL_UIR_B6,9363735360551,4317.141613,batch-000015,8,4317.128069,0.0,0.005496,9359418232482,0.008048
V2C-0401,C8_FINAL_UIR_B6,9363735360551,4317.1501419999995,batch-000015,8,4317.128069,0.0,0.00531,9359418232482,0.016763
V2C-0403,C8_FINAL_UIR_B6,9363735360551,4317.143852,batch-000015,8,4317.128069,0.0,0.005654,9359418232482,0.010129
V2C-0409,C8_FINAL_UIR_B6,9368064965049,4329.379904,batch-000016,8,4329.366181,0.0,0.005277,9363735598868,0.008446
V2C-0415,C8_FINAL_UIR_B6,9368064965049,4329.37996,batch-000016,8,4329.366181,0.0,0.005427,9363735598868,0.008352
V2C-0418,C8_FINAL_UIR_B6,9368064965049,4329.380048,batch-000016,8,4329.366181,0.0,0.005533,9363735598868,0.008334
V2C-0424,C8_FINAL_UIR_B6,9368064965049,4329.3799420000005,batch-000016,8,4329.366181,0.0,0.005605,9363735598868,0.008156
V2C-0427,C8_FINAL_UIR_B6,9368064965049,4329.379608,batch-000016,8,4329.366181,0.0,0.005204,9363735598868,0.008223
V2C-0430,C8_FINAL_UIR_B6,9368064965049,4329.379859,batch-000016,8,4329.366181,0.0,0.005539,9363735598868,0.008139
V2C-0431,C8_FINAL_UIR_B6,9368064965049,4329.379399,batch-000016,8,4329.366181,0.0,0.005247,9363735598868,0.007971
V2C-0458,C8_FINAL_UIR_B6,9368064965049,4329.410116000001,batch-000016,8,4329.366181,0.0,0.035842,9363735598868,0.008093
V2C-0462,C8_FINAL_UIR_B6,9372402260563,4337.086678000001,batch-000017,8,4337.072731,0.0,0.005675,9368065187832,0.008272
V2C-0478,C8_FINAL_UIR_B6,9372402260563,4337.086227,batch-000017,8,4337.072731,0.0,0.005343,9368065187832,0.008153
V2C-0487,C8_FINAL_UIR_B6,9372402260563,4337.086555,batch-000017,8,4337.072731,0.0,0.005744,9368065187832,0.00808
V2C-0502,C8_FINAL_UIR_B6,9372402260563,4337.086453000001,batch-000017,8,4337.072731,0.0,0.005645,9368065187832,0.008077
V2C-0505,C8_FINAL_UIR_B6,9372402260563,4337.086494,batch-000017,8,4337.072731,0.0,0.005493,9368065187832,0.00827
V2C-0512,C8_FINAL_UIR_B6,9372402260563,4337.087603,batch-000017,8,4337.072731,0.0,0.005975,9368065187832,0.008897
V2C-0528,C8_FINAL_UIR_B6,9372402260563,4337.087168999999,batch-000017,8,4337.072731,0.0,0.005713,9368065187832,0.008725
V2C-0530,C8_FINAL_UIR_B6,9372402260563,4337.087018,batch-000017,8,4337.072731,0.0,0.005665,9368065187832,0.008622
V2C-0532,C8_FINAL_UIR_B6,9376564661197,4162.156073,batch-000018,8,4162.141535,0.0,0.005583,9372402519662,0.008955
V2C-0533,C8_FINAL_UIR_B6,9376564661197,4162.155883,batch-000018,8,4162.141535,0.0,0.005589,9372402519662,0.008759
V2C-0536,C8_FINAL_UIR_B6,9376564661197,4162.155441,batch-000018,8,4162.141535,0.0,0.005273,9372402519662,0.008633
V2C-0560,C8_FINAL_UIR_B6,9376564661197,4162.155784,batch-000018,8,4162.141535,0.0,0.005353,9372402519662,0.008896
V2C-0575,C8_FINAL_UIR_B6,9376564661197,4162.155561,batch-000018,8,4162.141535,0.0,0.005431,9372402519662,0.008595
V2C-0589,C8_FINAL_UIR_B6,9376564661197,4162.155392,batch-000018,8,4162.141535,0.0,0.005249,9372402519662,0.008608
V2C-0604,C8_FINAL_UIR_B6,9376564661197,4162.155396,batch-000018,8,4162.141535,0.0,0.005287,9372402519662,0.008574
V2C-0606,C8_FINAL_UIR_B6,9376564661197,4162.155636,batch-000018,8,4162.141535,0.0,0.005331,9372402519662,0.00877
V2C-0611,C8_FINAL_UIR_B6,9380968555769,4403.606587,batch-000019,8,4403.592485,0.0,0.00547,9376564963284,0.008632
V2C-0615,C8_FINAL_UIR_B6,9380968555769,4403.6063460000005,batch-000019,8,4403.592485,0.0,0.00525,9376564963284,0.008611
V2C-0617,C8_FINAL_UIR_B6,9380968555769,4403.606328000001,batch-000019,8,4403.592485,0.0,0.005307,9376564963284,0.008536
V2C-0621,C8_FINAL_UIR_B6,9380968555769,4403.606694,batch-000019,8,4403.592485,0.0,0.005344,9376564963284,0.008865
V2C-0630,C8_FINAL_UIR_B6,9380968555769,4403.606861,batch-000019,8,4403.592485,0.0,0.005424,9376564963284,0.008952
V2C-0632,C8_FINAL_UIR_B6,9380968555769,4403.6068430000005,batch-000019,8,4403.592485,0.0,0.005382,9376564963284,0.008976
V2C-0635,C8_FINAL_UIR_B6,9380968555769,4403.606946,batch-000019,8,4403.592485,0.0,0.005403,9376564963284,0.009058
V2C-0653,C8_FINAL_UIR_B6,9380968555769,4403.60652,batch-000019,8,4403.592485,0.0,0.005126,9376564963284,0.008909
V2C-0658,C8_FINAL_UIR_B6,9385115053129,4146.244789,batch-000020,8,4146.230576,0.0,0.005279,9380968822553,0.008934
V2C-0670,C8_FINAL_UIR_B6,9385115053129,4146.244658,batch-000020,8,4146.230576,0.0,0.005485,9380968822553,0.008597
V2C-0674,C8_FINAL_UIR_B6,9385115053129,4146.244386,batch-000020,8,4146.230576,0.0,0.005202,9380968822553,0.008608
V2C-0681,C8_FINAL_UIR_B6,9385115053129,4146.244579,batch-000020,8,4146.230576,0.0,0.005403,9380968822553,0.0086
V2C-0698,C8_FINAL_UIR_B6,9385115053129,4146.244516999999,batch-000020,8,4146.230576,0.0,0.005192,9380968822553,0.008749
V2C-0700,C8_FINAL_UIR_B6,9385115053129,4146.244333,batch-000020,8,4146.230576,0.0,0.005165,9380968822553,0.008592
V2C-0701,C8_FINAL_UIR_B6,9385115053129,4146.244876,batch-000020,8,4146.230576,0.0,0.005457,9380968822553,0.008843
V2C-0708,C8_FINAL_UIR_B6,9385115053129,4146.244621999999,batch-000020,8,4146.230576,0.0,0.005278,9380968822553,0.008768
V2C-0714,C8_FINAL_UIR_B6,9389263709812,4148.436587,batch-000021,8,4148.422615,0.0,0.005219,9385115287197,0.008753
V2C-0717,C8_FINAL_UIR_B6,9389263709812,4148.436669,batch-000021,8,4148.422615,0.0,0.005321,9385115287197,0.008733
V2C-0718,C8_FINAL_UIR_B6,9389263709812,4148.436680000001,batch-000021,8,4148.422615,0.0,0.005502,9385115287197,0.008563
V2C-0722,C8_FINAL_UIR_B6,9389263709812,4148.436402,batch-000021,8,4148.422615,0.0,0.005218,9385115287197,0.008569
V2C-0729,C8_FINAL_UIR_B6,9389263709812,4148.436463,batch-000021,8,4148.422615,0.0,0.005346,9385115287197,0.008502
V2C-0735,C8_FINAL_UIR_B6,9389263709812,4148.436949000001,batch-000021,8,4148.422615,0.0,0.005624,9385115287197,0.00871
V2C-0738,C8_FINAL_UIR_B6,9389263709812,4148.436740000001,batch-000021,8,4148.422615,0.0,0.0056,9385115287197,0.008525
V2C-0744,C8_FINAL_UIR_B6,9389263709812,4148.932761,batch-000021,8,4148.422615,0.0,0.005357,9385115287197,0.504789
V2C-0745,C8_FINAL_UIR_B6,9393584335644,4320.411805,batch-000022,8,4320.380163,0.0,0.005256,9389263955481,0.026386
V2C-0757,C8_FINAL_UIR_B6,9393584335644,4320.396525,batch-000022,8,4320.380163,0.0,0.005271,9389263955481,0.011091
V2C-0761,C8_FINAL_UIR_B6,9393584335644,4320.3948279999995,batch-000022,8,4320.380163,0.0,0.005169,9389263955481,0.009496
V2C-0767,C8_FINAL_UIR_B6,9393584335644,4320.394311,batch-000022,8,4320.380163,0.0,0.005167,9389263955481,0.008981
V2C-0772,C8_FINAL_UIR_B6,9393584335644,4320.394275,batch-000022,8,4320.380163,0.0,0.005345,9389263955481,0.008767
V2C-0773,C8_FINAL_UIR_B6,9393584335644,4320.393951,batch-000022,8,4320.380163,0.0,0.005292,9389263955481,0.008496
V2C-0787,C8_FINAL_UIR_B6,9393584335644,4320.394099,batch-000022,8,4320.380163,0.0,0.005182,9389263955481,0.008754
V2C-0790,C8_FINAL_UIR_B6,9393584335644,4320.394609,batch-000022,8,4320.380163,0.0,0.005467,9389263955481,0.008979
V2C-0795,C8_FINAL_UIR_B6,9398216995611,4632.413889,batch-000023,8,4632.399779,0.0,0.005209,9393584595832,0.008901
V2C-0796,C8_FINAL_UIR_B6,9398216995611,4632.413411,batch-000023,8,4632.399779,0.0,0.005153,9393584595832,0.008479
V2C-0797,C8_FINAL_UIR_B6,9398216995611,4632.4134970000005,batch-000023,8,4632.399779,0.0,0.005308,9393584595832,0.00841
V2C-0801,C8_FINAL_UIR_B6,9398216995611,4632.414076000001,batch-000023,8,4632.399779,0.0,0.005312,9393584595832,0.008985
V2C-0803,C8_FINAL_UIR_B6,9398216995611,4632.414031,batch-000023,8,4632.399779,0.0,0.005128,9393584595832,0.009124
V2C-0811,C8_FINAL_UIR_B6,9398216995611,4632.413772000001,batch-000023,8,4632.399779,0.0,0.005118,9393584595832,0.008875
V2C-0813,C8_FINAL_UIR_B6,9398216995611,4632.413643,batch-000023,8,4632.399779,0.0,0.005114,9393584595832,0.00875
V2C-0815,C8_FINAL_UIR_B6,9398216995611,4632.413611,batch-000023,8,4632.399779,0.0,0.005219,9393584595832,0.008613
V2C-0827,C8_FINAL_UIR_B6,9402733536804,4516.301419,batch-000024,8,4516.287736,0.0,0.00518,9398217249068,0.008503
V2C-0835,C8_FINAL_UIR_B6,9402733536804,4516.302100000001,batch-000024,8,4516.287736,0.0,0.005847,9398217249068,0.008517
V2C-0839,C8_FINAL_UIR_B6,9402733536804,4516.302211,batch-000024,8,4516.287736,0.0,0.00565,9398217249068,0.008825
V2C-0842,C8_FINAL_UIR_B6,9402733536804,4516.301943,batch-000024,8,4516.287736,0.0,0.005497,9398217249068,0.00871
V2C-0844,C8_FINAL_UIR_B6,9402733536804,4516.3016880000005,batch-000024,8,4516.287736,0.0,0.00535,9398217249068,0.008602
V2C-0847,C8_FINAL_UIR_B6,9402733536804,4516.302373,batch-000024,8,4516.287736,0.0,0.005967,9398217249068,0.00867
V2C-0850,C8_FINAL_UIR_B6,9402733536804,4516.301617,batch-000024,8,4516.287736,0.0,0.005419,9398217249068,0.008462
V2C-0851,C8_FINAL_UIR_B6,9402733536804,4516.301441,batch-000024,8,4516.287736,0.0,0.005176,9398217249068,0.008529
V2C-0859,C8_FINAL_UIR_B6,9407072467887,4338.698187999999,batch-000025,8,4338.684386,0.0,0.005219,9402733783501,0.008583
V2C-0862,C8_FINAL_UIR_B6,9407072467887,4338.698308,batch-000025,8,4338.684386,0.0,0.005494,9402733783501,0.008428
V2C-0863,C8_FINAL_UIR_B6,9407072467887,4338.698435,batch-000025,8,4338.684386,0.0,0.005476,9402733783501,0.008573
V2C-0867,C8_FINAL_UIR_B6,9407072467887,4338.698177,batch-000025,8,4338.684386,0.0,0.005283,9402733783501,0.008508
V2C-0881,C8_FINAL_UIR_B6,9407072467887,4338.698255,batch-000025,8,4338.684386,0.0,0.005365,9402733783501,0.008504
V2C-0886,C8_FINAL_UIR_B6,9407072467887,4338.698361,batch-000025,8,4338.684386,0.0,0.005468,9402733783501,0.008507
V2C-0900,C8_FINAL_UIR_B6,9407072467887,4338.6981479999995,batch-000025,8,4338.684386,0.0,0.005292,9402733783501,0.00847
V2C-0901,C8_FINAL_UIR_B6,9407072467887,4338.698313,batch-000025,8,4338.684386,0.0,0.005214,9402733783501,0.008713
V2C-0902,C8_FINAL_UIR_B6,9411759048223,4686.381066,batch-000026,8,4686.367381,0.0,0.005262,9407072680842,0.008423
V2C-0903,C8_FINAL_UIR_B6,9411759048223,4686.381093,batch-000026,8,4686.367381,0.0,0.005188,9407072680842,0.008524
V2C-0904,C8_FINAL_UIR_B6,9411759048223,4686.390885999999,batch-000026,8,4686.367381,0.0,0.005321,9407072680842,0.018184
V2C-0907,C8_FINAL_UIR_B6,9411759048223,4686.388718,batch-000026,8,4686.367381,0.0,0.005276,9407072680842,0.016061
V2C-0908,C8_FINAL_UIR_B6,9411759048223,4686.382864,batch-000026,8,4686.367381,0.0,0.005188,9407072680842,0.010295
V2C-0909,C8_FINAL_UIR_B6,9411759048223,4686.382124,batch-000026,8,4686.367381,0.0,0.005423,9407072680842,0.00932
V2C-0911,C8_FINAL_UIR_B6,9411759048223,4686.382249,batch-000026,8,4686.367381,0.0,0.005827,9407072680842,0.009041
V2C-0912,C8_FINAL_UIR_B6,9411759048223,4686.38207,batch-000026,8,4686.367381,0.0,0.005842,9407072680842,0.008847
V2C-0913,C8_FINAL_UIR_B6,9415820599162,4061.3198679999996,batch-000027,8,4061.300582,0.0,0.005703,9411759298580,0.013583
V2C-0914,C8_FINAL_UIR_B6,9415820599162,4061.314807,batch-000027,8,4061.300582,0.0,0.005301,9411759298580,0.008924
V2C-0915,C8_FINAL_UIR_B6,9415820599162,4061.314519,batch-000027,8,4061.300582,0.0,0.005228,9411759298580,0.008709
V2C-0916,C8_FINAL_UIR_B6,9415820599162,4061.314824,batch-000027,8,4061.300582,0.0,0.00558,9411759298580,0.008662
V2C-0917,C8_FINAL_UIR_B6,9415820599162,4061.314683,batch-000027,8,4061.300582,0.0,0.005414,9411759298580,0.008687
V2C-0918,C8_FINAL_UIR_B6,9415820599162,4061.314569,batch-000027,8,4061.300582,0.0,0.005442,9411759298580,0.008545
V2C-0919,C8_FINAL_UIR_B6,9415820599162,4061.314452,batch-000027,8,4061.300582,0.0,0.005136,9411759298580,0.008734
V2C-0921,C8_FINAL_UIR_B6,9415820599162,4061.314617,batch-000027,8,4061.300582,0.0,0.005281,9411759298580,0.008754
V2C-0922,C8_FINAL_UIR_B6,9420304309974,4483.516492999999,batch-000028,8,4483.50224,0.0,0.005383,9415820807734,0.00887
V2C-0923,C8_FINAL_UIR_B6,9420304309974,4483.516446,batch-000028,8,4483.50224,0.0,0.005371,9415820807734,0.008835
V2C-0925,C8_FINAL_UIR_B6,9420304309974,4483.516745999999,batch-000028,8,4483.50224,0.0,0.005663,9415820807734,0.008843
V2C-0926,C8_FINAL_UIR_B6,9420304309974,4483.516523,batch-000028,8,4483.50224,0.0,0.005473,9415820807734,0.00881
V2C-0927,C8_FINAL_UIR_B6,9420304309974,4483.516103,batch-000028,8,4483.50224,0.0,0.005099,9415820807734,0.008764
V2C-0928,C8_FINAL_UIR_B6,9420304309974,4483.516332,batch-000028,8,4483.50224,0.0,0.005314,9415820807734,0.008778
V2C-0929,C8_FINAL_UIR_B6,9420304309974,4483.516487,batch-000028,8,4483.50224,0.0,0.005506,9415820807734,0.008741
V2C-0930,C8_FINAL_UIR_B6,9420304309974,4483.5163840000005,batch-000028,8,4483.50224,0.0,0.00539,9415820807734,0.008754
V2C-0931,C8_FINAL_UIR_B6,9424836376537,4531.849212,batch-000029,8,4531.835196,0.0,0.005212,9420304541341,0.008804
V2C-0932,C8_FINAL_UIR_B6,9424836376537,4531.849387,batch-000029,8,4531.835196,0.0,0.005366,9420304541341,0.008825
V2C-0935,C8_FINAL_UIR_B6,9424836376537,4531.849184,batch-000029,8,4531.835196,0.0,0.005236,9420304541341,0.008752
V2C-0936,C8_FINAL_UIR_B6,9424836376537,4531.849408,batch-000029,8,4531.835196,0.0,0.005362,9420304541341,0.00885
V2C-0937,C8_FINAL_UIR_B6,9424836376537,4531.849173,batch-000029,8,4531.835196,0.0,0.005153,9420304541341,0.008824
V2C-0938,C8_FINAL_UIR_B6,9424836376537,4531.849672,batch-000029,8,4531.835196,0.0,0.005601,9420304541341,0.008875
V2C-0940,C8_FINAL_UIR_B6,9424836376537,4531.849889,batch-000029,8,4531.835196,0.0,0.005659,9420304541341,0.009034
V2C-0941,C8_FINAL_UIR_B6,9424836376537,4531.849529,batch-000029,8,4531.835196,0.0,0.005428,9420304541341,0.008905
V2C-0942,C8_FINAL_UIR_B6,9429178506059,4341.926324000001,batch-000030,8,4341.912121,0.0,0.005304,9424836593938,0.008899
V2C-0944,C8_FINAL_UIR_B6,9429178506059,4341.926481,batch-000030,8,4341.912121,0.0,0.005476,9424836593938,0.008884
V2C-0945,C8_FINAL_UIR_B6,9429178506059,4341.926655,batch-000030,8,4341.912121,0.0,0.00564,9424836593938,0.008894
V2C-0947,C8_FINAL_UIR_B6,9429178506059,4341.927506,batch-000030,8,4341.912121,0.0,0.006487,9424836593938,0.008898
V2C-0949,C8_FINAL_UIR_B6,9429178506059,4341.926875,batch-000030,8,4341.912121,0.0,0.005838,9424836593938,0.008916
V2C-0950,C8_FINAL_UIR_B6,9429178506059,4341.926571,batch-000030,8,4341.912121,0.0,0.005676,9424836593938,0.008774
V2C-0953,C8_FINAL_UIR_B6,9429178506059,4341.926356,batch-000030,8,4341.912121,0.0,0.005434,9424836593938,0.008801
V2C-0954,C8_FINAL_UIR_B6,9429178506059,4341.92638,batch-000030,8,4341.912121,0.0,0.005439,9424836593938,0.00882
V2C-0955,C8_FINAL_UIR_B6,9433377435281,4198.717860000001,batch-000031,8,4198.696196,0.0,0.012835,9429178739085,0.008829
V2C-0957,C8_FINAL_UIR_B6,9433377435281,4198.713611,batch-000031,8,4198.696196,0.0,0.008509,9429178739085,0.008906
V2C-0958,C8_FINAL_UIR_B6,9433377435281,4198.710637,batch-000031,8,4198.696196,0.0,0.00562,9429178739085,0.008821
V2C-0960,C8_FINAL_UIR_B6,9433377435281,4198.710515,batch-000031,8,4198.696196,0.0,0.005486,9429178739085,0.008833
V2C-0961,C8_FINAL_UIR_B6,9433377435281,4198.7106109999995,batch-000031,8,4198.696196,0.0,0.005561,9429178739085,0.008854
V2C-0965,C8_FINAL_UIR_B6,9433377435281,4198.710464,batch-000031,8,4198.696196,0.0,0.005486,9429178739085,0.008782
V2C-0966,C8_FINAL_UIR_B6,9433377435281,4198.710265000001,batch-000031,8,4198.696196,0.0,0.005264,9429178739085,0.008805
V2C-0969,C8_FINAL_UIR_B6,9433377435281,4198.710502999999,batch-000031,8,4198.696196,0.0,0.00534,9429178739085,0.008967
V2C-0970,C8_FINAL_UIR_B6,9437806638805,4428.986711,batch-000032,8,4428.972691,0.0,0.005163,9433377666114,0.008857
V2C-0972,C8_FINAL_UIR_B6,9437806638805,4428.986757999999,batch-000032,8,4428.972691,0.0,0.005294,9433377666114,0.008773
V2C-0973,C8_FINAL_UIR_B6,9437806638805,4428.986777,batch-000032,8,4428.972691,0.0,0.005241,9433377666114,0.008845
V2C-0974,C8_FINAL_UIR_B6,9437806638805,4428.98669,batch-000032,8,4428.972691,0.0,0.005193,9433377666114,0.008806
V2C-0976,C8_FINAL_UIR_B6,9437806638805,4428.986782,batch-000032,8,4428.972691,0.0,0.005413,9433377666114,0.008678
V2C-0977,C8_FINAL_UIR_B6,9437806638805,4428.986824,batch-000032,8,4428.972691,0.0,0.005415,9433377666114,0.008718
V2C-0978,C8_FINAL_UIR_B6,9437806638805,4428.987064999999,batch-000032,8,4428.972691,0.0,0.005617,9433377666114,0.008757
V2C-0979,C8_FINAL_UIR_B6,9437806638805,4428.987507,batch-000032,8,4428.972691,0.0,0.005492,9433377666114,0.009324
V2C-0980,C8_FINAL_UIR_B6,9442431404457,4624.469822,batch-000033,8,4624.455701,0.0,0.005175,9437806948756,0.008946
V2C-0981,C8_FINAL_UIR_B6,9442431404457,4624.469748,batch-000033,8,4624.455701,0.0,0.005164,9437806948756,0.008883
V2C-0982,C8_FINAL_UIR_B6,9442431404457,4624.470883,batch-000033,8,4624.455701,0.0,0.006333,9437806948756,0.008849
V2C-0988,C8_FINAL_UIR_B6,9442431404457,4624.47041,batch-000033,8,4624.455701,0.0,0.005775,9437806948756,0.008934
V2C-0989,C8_FINAL_UIR_B6,9442431404457,4624.469922,batch-000033,8,4624.455701,0.0,0.005433,9437806948756,0.008788
V2C-0990,C8_FINAL_UIR_B6,9442431404457,4624.469911,batch-000033,8,4624.455701,0.0,0.005456,9437806948756,0.008754
V2C-0991,C8_FINAL_UIR_B6,9442431404457,4624.470281999999,batch-000033,8,4624.455701,0.0,0.005697,9437806948756,0.008884
V2C-0994,C8_FINAL_UIR_B6,9442431404457,4624.469932,batch-000033,8,4624.455701,0.0,0.005342,9437806948756,0.008889
V2C-0996,C8_FINAL_UIR_B6,9446868392268,4436.794137000001,batch-000034,8,4436.767437,0.0,0.005169,9442431624831,0.021531
V2C-0999,C8_FINAL_UIR_B6,9446868392268,4436.788003000001,batch-000034,8,4436.767437,0.0,0.005338,9442431624831,0.015228
V2C-1000,C8_FINAL_UIR_B6,9282990570307,0.001468,,,0.0,0.001468,0.0,9282990568839,0.0
V2C-1001,C8_FINAL_UIR_B6,9282990583829,0.001295,,,0.0,0.001295,0.0,9282990582534,0.0
V2C-1002,C8_FINAL_UIR_B6,9282990587236,0.00097,,,0.0,0.00097,0.0,9282990586266,0.0
V2C-1003,C8_FINAL_UIR_B6,9282990590324,0.000951,,,0.0,0.000951,0.0,9282990589373,0.0
V2C-1010,C8_FINAL_UIR_B6,9282990593347,0.000961,,,0.0,0.000961,0.0,9282990592386,0.0
V2C-1011,C8_FINAL_UIR_B6,9282990596456,0.000939,,,0.0,0.000939,0.0,9282990595517,0.0
V2C-1012,C8_FINAL_UIR_B6,9282990599402,0.000872,,,0.0,0.000872,0.0,9282990598530,0.0
V2C-1013,C8_FINAL_UIR_B6,9282990602382,0.000843,,,0.0,0.000843,0.0,9282990601539,0.0
V2C-1014,C8_FINAL_UIR_B6,9282990605338,0.000905,,,0.0,0.000905,0.0,9282990604433,0.0
V2C-1015,C8_FINAL_UIR_B6,9282990608654,0.001208,,,0.0,0.001208,0.0,9282990607446,0.0
V2C-1016,C8_FINAL_UIR_B6,9282990611613,0.000913,,,0.0,0.000913,0.0,9282990610700,0.0
V2C-1017,C8_FINAL_UIR_B6,9282990614628,0.000818,,,0.0,0.000818,0.0,9282990613810,0.0
V2C-1019,C8_FINAL_UIR_B6,9282990617651,0.000923,,,0.0,0.000923,0.0,9282990616728,0.0
V2C-1020,C8_FINAL_UIR_B6,9282990620767,0.000998,,,0.0,0.000998,0.0,9282990619769,0.0
V2C-1022,C8_FINAL_UIR_B6,9282990623826,0.000916,,,0.0,0.000916,0.0,9282990622910,0.0
V2C-1024,C8_FINAL_UIR_B6,9282990627265,0.001138,,,0.0,0.001138,0.0,9282990626127,0.0
V2C-1025,C8_FINAL_UIR_B6,9282990630730,0.001313,,,0.0,0.001313,0.0,9282990629417,0.0
V2C-1026,C8_FINAL_UIR_B6,9282990633819,0.001052,,,0.0,0.001052,0.0,9282990632767,0.0
V2C-1028,C8_FINAL_UIR_B6,9282990636695,0.000873,,,0.0,0.000873,0.0,9282990635822,0.0
V2C-1030,C8_FINAL_UIR_B6,9282990639701,0.000998,,,0.0,0.000998,0.0,9282990638703,0.0
V2C-1032,C8_FINAL_UIR_B6,9282990642729,0.001087,,,0.0,0.001087,0.0,9282990641642,0.0
V2C-1033,C8_FINAL_UIR_B6,9282990646020,0.001032,,,0.0,0.001032,0.0,9282990644988,0.0
V2C-1035,C8_FINAL_UIR_B6,9282990672448,0.001125,,,0.0,0.001125,0.0,9282990671323,0.0
V2C-1036,C8_FINAL_UIR_B6,9282990675353,0.000852,,,0.0,0.000852,0.0,9282990674501,0.0
V2C-1037,C8_FINAL_UIR_B6,9282990678370,0.00104,,,0.0,0.00104,0.0,9282990677330,0.0
V2C-1039,C8_FINAL_UIR_B6,9282990682075,0.000932,,,0.0,0.000932,0.0,9282990681143,0.0
V2C-1040,C8_FINAL_UIR_B6,9282990684952,0.000914,,,0.0,0.000914,0.0,9282990684038,0.0
V2C-1043,C8_FINAL_UIR_B6,9282990688074,0.001011,,,0.0,0.001011,0.0,9282990687063,0.0
V2C-1045,C8_FINAL_UIR_B6,9282990690939,0.000914,,,0.0,0.000914,0.0,9282990690025,0.0
V2C-1046,C8_FINAL_UIR_B6,9282990693911,0.001005,,,0.0,0.001005,0.0,9282990692906,0.0
V2C-1047,C8_FINAL_UIR_B6,9282990696961,0.001118,,,0.0,0.001118,0.0,9282990695843,0.0
V2C-1049,C8_FINAL_UIR_B6,9282990700068,0.001082,,,0.0,0.001082,0.0,9282990698986,0.0
V2C-1050,C8_FINAL_UIR_B6,9282990703194,0.001003,,,0.0,0.001003,0.0,9282990702191,0.0
V2C-1055,C8_FINAL_UIR_B6,9282990706009,0.000887,,,0.0,0.000887,0.0,9282990705122,0.0
V2C-1057,C8_FINAL_UIR_B6,9282990708776,0.000846,,,0.0,0.000846,0.0,9282990707930,0.0
V2C-1061,C8_FINAL_UIR_B6,9282990711653,0.00096,,,0.0,0.00096,0.0,9282990710693,0.0
V2C-1065,C8_FINAL_UIR_B6,9282990714460,0.000902,,,0.0,0.000902,0.0,9282990713558,0.0
V2C-1070,C8_FINAL_UIR_B6,9282990717356,0.00092,,,0.0,0.00092,0.0,9282990716436,0.0
V2C-1074,C8_FINAL_UIR_B6,9282990720138,0.000819,,,0.0,0.000819,0.0,9282990719319,0.0
V2C-1076,C8_FINAL_UIR_B6,9282990722887,0.000826,,,0.0,0.000826,0.0,9282990722061,0.0
V2C-1077,C8_FINAL_UIR_B6,9282990725848,0.000896,,,0.0,0.000896,0.0,9282990724952,0.0
V2C-1079,C8_FINAL_UIR_B6,9282990728749,0.000834,,,0.0,0.000834,0.0,9282990727915,0.0
V2C-1080,C8_FINAL_UIR_B6,9282990731534,0.000866,,,0.0,0.000866,0.0,9282990730668,0.0
V2C-1082,C8_FINAL_UIR_B6,9282990750170,0.002226,,,0.0,0.002226,0.0,9282990747944,0.0
V2C-1087,C8_FINAL_UIR_B6,9282990754377,0.001345,,,0.0,0.001345,0.0,9282990753032,0.0
V2C-1088,C8_FINAL_UIR_B6,9282990758144,0.001236,,,0.0,0.001236,0.0,9282990756908,0.0
V2C-1091,C8_FINAL_UIR_B6,9282990761466,0.000982,,,0.0,0.000982,0.0,9282990760484,0.0
V2C-1093,C8_FINAL_UIR_B6,9282990764883,0.001263,,,0.0,0.001263,0.0,9282990763620,0.0
V2C-1095,C8_FINAL_UIR_B6,9282990768514,0.001104,,,0.0,0.001104,0.0,9282990767410,0.0
V2C-1096,C8_FINAL_UIR_B6,9282990772087,0.001284,,,0.0,0.001284,0.0,9282990770803,0.0
V2C-1104,C8_FINAL_UIR_B6,9282990775368,0.001168,,,0.0,0.001168,0.0,9282990774200,0.0
V2C-1107,C8_FINAL_UIR_B6,9282990778727,0.00105,,,0.0,0.00105,0.0,9282990777677,0.0
V2C-1109,C8_FINAL_UIR_B6,9282990782088,0.001154,,,0.0,0.001154,0.0,9282990780934,0.0
V2C-1110,C8_FINAL_UIR_B6,9282990785349,0.00112,,,0.0,0.00112,0.0,9282990784229,0.0
V2C-1115,C8_FINAL_UIR_B6,9282990788514,0.001077,,,0.0,0.001077,0.0,9282990787437,0.0
V2C-1116,C8_FINAL_UIR_B6,9282990791724,0.001047,,,0.0,0.001047,0.0,9282990790677,0.0
V2C-1118,C8_FINAL_UIR_B6,9282990794795,0.001076,,,0.0,0.001076,0.0,9282990793719,0.0
V2C-1119,C8_FINAL_UIR_B6,9282990797814,0.001011,,,0.0,0.001011,0.0,9282990796803,0.0
V2C-1120,C8_FINAL_UIR_B6,9282990800570,0.000817,,,0.0,0.000817,0.0,9282990799753,0.0
V2C-1123,C8_FINAL_UIR_B6,9282990803674,0.001166,,,0.0,0.001166,0.0,9282990802508,0.0
V2C-1127,C8_FINAL_UIR_B6,9282990807122,0.001413,,,0.0,0.001413,0.0,9282990805709,0.0
V2C-1128,C8_FINAL_UIR_B6,9282990810633,0.001125,,,0.0,0.001125,0.0,9282990809508,0.0
V2C-1130,C8_FINAL_UIR_B6,9282990813611,0.00103,,,0.0,0.00103,0.0,9282990812581,0.0
V2C-1133,C8_FINAL_UIR_B6,9282990816524,0.000908,,,0.0,0.000908,0.0,9282990815616,0.0
V2C-1139,C8_FINAL_UIR_B6,9282990819651,0.001173,,,0.0,0.001173,0.0,9282990818478,0.0
V2C-1141,C8_FINAL_UIR_B6,9282990823288,0.001525,,,0.0,0.001525,0.0,9282990821763,0.0
V2C-1154,C8_FINAL_UIR_B6,9446868392268,4436.790108000001,batch-000034,8,4436.767437,0.0,0.012598,9442431624831,0.010073
V2C-1155,C8_FINAL_UIR_B6,9446868392268,4436.783741,batch-000034,8,4436.767437,0.0,0.006937,9442431624831,0.009367
V2C-1156,C8_FINAL_UIR_B6,9446868392268,4436.781828000001,batch-000034,8,4436.767437,0.0,0.005565,9442431624831,0.008826
V2C-1158,C8_FINAL_UIR_B6,9446868392268,4436.781756000001,batch-000034,8,4436.767437,0.0,0.005538,9442431624831,0.008781
V2C-1160,C8_FINAL_UIR_B6,9446868392268,4436.781841000001,batch-000034,8,4436.767437,0.0,0.005551,9442431624831,0.008853
V2C-1162,C8_FINAL_UIR_B6,9446868392268,4436.782078,batch-000034,8,4436.767437,0.0,0.005392,9442431624831,0.009249
V2C-1163,C8_FINAL_UIR_B6,9451422344530,4553.69506,batch-000035,8,4553.680321,0.0,0.005609,9446868664209,0.00913
V2C-1164,C8_FINAL_UIR_B6,9451422344530,4553.69444,batch-000035,8,4553.680321,0.0,0.005369,9446868664209,0.00875
V2C-1171,C8_FINAL_UIR_B6,9451422344530,4553.694452,batch-000035,8,4553.680321,0.0,0.005132,9446868664209,0.008999
V2C-1173,C8_FINAL_UIR_B6,9451422344530,4553.694267,batch-000035,8,4553.680321,0.0,0.005192,9446868664209,0.008754
V2C-1175,C8_FINAL_UIR_B6,9451422344530,4553.694478,batch-000035,8,4553.680321,0.0,0.005369,9446868664209,0.008788
V2C-1178,C8_FINAL_UIR_B6,9451422344530,4553.694364,batch-000035,8,4553.680321,0.0,0.005273,9446868664209,0.00877
V2C-1187,C8_FINAL_UIR_B6,9451422344530,4553.694474,batch-000035,8,4553.680321,0.0,0.005327,9446868664209,0.008826
V2C-1190,C8_FINAL_UIR_B6,9451422344530,4553.694205,batch-000035,8,4553.680321,0.0,0.005177,9446868664209,0.008707
V2C-1194,C8_FINAL_UIR_B6,9455139588049,3717.024868,batch-000036,2,3717.010656,0.0,0.005382,9451422577393,0.00883
V2C-1199,C8_FINAL_UIR_B6,9455139588049,3717.024815,batch-000036,2,3717.010656,0.0,0.005285,9451422577393,0.008874
