case_id,pipeline,model_invoked,input_tokens,output_tokens,peak_vram_mb
EXT-ADVERSARIAL-0002,C0_DIRECT_SLM,True,133,118,3179.647
EXT-ADVERSARIAL-0003,C0_DIRECT_SLM,True,155,128,3179.647
EXT-ADVERSARIAL-0005,C0_DIRECT_SLM,True,177,104,3179.647
EXT-ADVERSARIAL-0014,C0_DIRECT_SLM,True,133,33,3179.647
EXT-ADVERSARIAL-0015,C0_DIRECT_SLM,True,177,96,3179.647
EXT-ADVERSARIAL-0018,C0_DIRECT_SLM,True,136,76,3179.647
EXT-ADVERSARIAL-0021,C0_DIRECT_SLM,True,150,128,3179.647
EXT-ADVERSARIAL-0025,C0_DIRECT_SLM,True,174,128,3179.647
EXT-ADVERSARIAL-0026,C0_DIRECT_SLM,True,129,110,3141.018
EXT-ADVERSARIAL-0028,C0_DIRECT_SLM,True,133,32,3141.018
EXT-ADVERSARIAL-0029,C0_DIRECT_SLM,True,163,120,3141.018
EXT-ADVERSARIAL-0031,C0_DIRECT_SLM,True,148,92,3141.018
EXT-ADVERSARIAL-0032,C0_DIRECT_SLM,True,133,128,3141.018
EXT-ADVERSARIAL-0034,C0_DIRECT_SLM,True,137,126,3141.018
EXT-ADVERSARIAL-0039,C0_DIRECT_SLM,True,153,122,3141.018
EXT-ADVERSARIAL-0044,C0_DIRECT_SLM,True,133,33,3141.018
EXT-ADVERSARIAL-0050,C0_DIRECT_SLM,True,134,31,3149.643
EXT-ADVERSARIAL-0051,C0_DIRECT_SLM,True,148,128,3149.643
EXT-ADVERSARIAL-0056,C0_DIRECT_SLM,True,128,123,3149.643
EXT-ADVERSARIAL-0058,C0_DIRECT_SLM,True,137,106,3149.643
EXT-ADVERSARIAL-0061,C0_DIRECT_SLM,True,150,128,3149.643
EXT-ADVERSARIAL-0063,C0_DIRECT_SLM,True,155,128,3149.643
EXT-ADVERSARIAL-0071,C0_DIRECT_SLM,True,148,92,3149.643
EXT-ADVERSARIAL-0073,C0_DIRECT_SLM,True,167,128,3149.643
EXT-ADVERSARIAL-0076,C0_DIRECT_SLM,True,125,87,3179.647
EXT-ADVERSARIAL-0078,C0_DIRECT_SLM,True,134,69,3179.647
EXT-ADVERSARIAL-0082,C0_DIRECT_SLM,True,137,121,3179.647
EXT-ADVERSARIAL-0084,C0_DIRECT_SLM,True,136,128,3179.647
EXT-ADVERSARIAL-0085,C0_DIRECT_SLM,True,177,104,3179.647
EXT-ADVERSARIAL-0089,C0_DIRECT_SLM,True,163,120,3179.647
EXT-ADVERSARIAL-0093,C0_DIRECT_SLM,True,157,128,3179.647
EXT-ADVERSARIAL-0095,C0_DIRECT_SLM,True,177,96,3179.647
EXT-ADVERSARIAL-0097,C0_DIRECT_SLM,True,167,128,3149.643
EXT-ADVERSARIAL-0098,C0_DIRECT_SLM,True,133,118,3149.643
EXT-AMBIGUOUS-0003,C0_DIRECT_SLM,True,135,72,3149.643
EXT-AMBIGUOUS-0004,C0_DIRECT_SLM,True,115,109,3149.643
EXT-AMBIGUOUS-0014,C0_DIRECT_SLM,True,115,109,3149.643
EXT-AMBIGUOUS-0015,C0_DIRECT_SLM,True,135,72,3149.643
EXT-AMBIGUOUS-0024,C0_DIRECT_SLM,True,115,109,3149.643
EXT-AMBIGUOUS-0026,C0_DIRECT_SLM,True,115,109,3149.643
EXT-AMBIGUOUS-0028,C0_DIRECT_SLM,True,115,109,3001.627
EXT-AMBIGUOUS-0033,C0_DIRECT_SLM,True,135,72,3001.627
EXT-AMBIGUOUS-0035,C0_DIRECT_SLM,True,135,72,3001.627
EXT-AMBIGUOUS-0039,C0_DIRECT_SLM,True,135,72,3001.627
EXT-AMBIGUOUS-0041,C0_DIRECT_SLM,True,135,72,3001.627
EXT-AMBIGUOUS-0044,C0_DIRECT_SLM,True,115,109,3001.627
EXT-AMBIGUOUS-0049,C0_DIRECT_SLM,True,135,72,3001.627
EXT-AMBIGUOUS-0050,C0_DIRECT_SLM,True,115,109,3001.627
EXT-INVALID_ENTITY-0004,C0_DIRECT_SLM,True,133,102,3125.64
EXT-INVALID_ENTITY-0006,C0_DIRECT_SLM,True,123,31,3125.64
EXT-INVALID_ENTITY-0009,C0_DIRECT_SLM,True,142,128,3125.64
EXT-INVALID_ENTITY-0011,C0_DIRECT_SLM,True,135,128,3125.64
EXT-INVALID_ENTITY-0013,C0_DIRECT_SLM,True,159,127,3125.64
EXT-INVALID_ENTITY-0022,C0_DIRECT_SLM,True,131,36,3125.64
EXT-INVALID_ENTITY-0026,C0_DIRECT_SLM,True,125,31,3125.64
EXT-INVALID_ENTITY-0033,C0_DIRECT_SLM,True,142,128,3125.64
EXT-INVALID_ENTITY-0034,C0_DIRECT_SLM,True,133,102,3143.455
EXT-INVALID_ENTITY-0035,C0_DIRECT_SLM,True,164,16,3143.455
EXT-INVALID_ENTITY-0036,C0_DIRECT_SLM,True,122,30,3143.455
EXT-INVALID_ENTITY-0037,C0_DIRECT_SLM,True,159,25,3143.455
EXT-INVALID_ENTITY-0038,C0_DIRECT_SLM,True,128,93,3143.455
EXT-INVALID_ENTITY-0039,C0_DIRECT_SLM,True,142,128,3143.455
EXT-INVALID_ENTITY-0040,C0_DIRECT_SLM,True,131,106,3143.455
EXT-INVALID_ENTITY-0042,C0_DIRECT_SLM,True,132,31,3143.455
EXT-INVALID_ENTITY-0043,C0_DIRECT_SLM,True,157,128,3146.736
EXT-INVALID_ENTITY-0045,C0_DIRECT_SLM,True,166,31,3146.736
EXT-INVALID_ENTITY-0047,C0_DIRECT_SLM,True,156,126,3146.736
EXT-INVALID_ENTITY-0050,C0_DIRECT_SLM,True,131,128,3146.736
EXT-INVALID_ENTITY-0053,C0_DIRECT_SLM,True,157,128,3146.736
EXT-INVALID_ENTITY-0054,C0_DIRECT_SLM,True,132,128,3146.736
EXT-INVALID_ENTITY-0065,C0_DIRECT_SLM,True,163,16,3146.736
EXT-INVALID_ENTITY-0066,C0_DIRECT_SLM,True,125,31,3146.736
EXT-INVALID_ENTITY-0069,C0_DIRECT_SLM,True,142,128,3119.64
EXT-INVALID_ENTITY-0070,C0_DIRECT_SLM,True,129,25,3119.64
EXT-INVALID_ENTITY-0073,C0_DIRECT_SLM,True,156,128,3119.64
EXT-INVALID_ENTITY-0077,C0_DIRECT_SLM,True,157,128,3119.64
EXT-INVALID_ENTITY-0078,C0_DIRECT_SLM,True,131,82,3119.64
EXT-INVALID_ENTITY-0079,C0_DIRECT_SLM,True,156,114,3119.64
EXT-INVALID_ENTITY-0080,C0_DIRECT_SLM,True,131,106,3119.64
EXT-INVALID_ENTITY-0083,C0_DIRECT_SLM,True,154,128,3119.64
EXT-INVALID_ENTITY-0084,C0_DIRECT_SLM,True,132,32,3125.64
EXT-INVALID_ENTITY-0086,C0_DIRECT_SLM,True,123,31,3125.64
EXT-INVALID_ENTITY-0093,C0_DIRECT_SLM,True,145,128,3125.64
EXT-INVALID_ENTITY-0098,C0_DIRECT_SLM,True,130,128,3125.64
EXT-NUMERIC_PROVENANCE-0008,C0_DIRECT_SLM,True,128,33,3125.64
EXT-NUMERIC_PROVENANCE-0009,C0_DIRECT_SLM,True,141,128,3125.64
EXT-NUMERIC_PROVENANCE-0012,C0_DIRECT_SLM,True,129,128,3125.64
EXT-NUMERIC_PROVENANCE-0013,C0_DIRECT_SLM,True,159,120,3125.64
EXT-NUMERIC_PROVENANCE-0015,C0_DIRECT_SLM,True,165,47,3144.58
EXT-NUMERIC_PROVENANCE-0016,C0_DIRECT_SLM,True,124,32,3144.58
EXT-NUMERIC_PROVENANCE-0017,C0_DIRECT_SLM,True,152,128,3144.58
EXT-NUMERIC_PROVENANCE-0018,C0_DIRECT_SLM,True,132,96,3144.58
EXT-NUMERIC_PROVENANCE-0019,C0_DIRECT_SLM,True,155,107,3144.58
EXT-NUMERIC_PROVENANCE-0020,C0_DIRECT_SLM,True,128,30,3144.58
EXT-NUMERIC_PROVENANCE-0021,C0_DIRECT_SLM,True,138,128,3144.58
EXT-NUMERIC_PROVENANCE-0029,C0_DIRECT_SLM,True,152,128,3144.58
EXT-NUMERIC_PROVENANCE-0031,C0_DIRECT_SLM,True,136,110,3141.018
EXT-NUMERIC_PROVENANCE-0033,C0_DIRECT_SLM,True,141,128,3141.018
EXT-NUMERIC_PROVENANCE-0035,C0_DIRECT_SLM,True,163,107,3141.018
EXT-NUMERIC_PROVENANCE-0038,C0_DIRECT_SLM,True,127,93,3141.018
EXT-NUMERIC_PROVENANCE-0039,C0_DIRECT_SLM,True,141,128,3141.018
EXT-NUMERIC_PROVENANCE-0047,C0_DIRECT_SLM,True,155,128,3141.018
EXT-PAIR-0001-KO,C0_DIRECT_SLM,True,134,128,3141.018
EXT-PAIR-0004-EN,C0_DIRECT_SLM,True,133,65,3141.018
EXT-PAIR-0004-KO,C0_DIRECT_SLM,True,159,120,3125.64
EXT-PAIR-0007-EN,C0_DIRECT_SLM,True,130,35,3125.64
EXT-PAIR-0009-EN,C0_DIRECT_SLM,True,131,30,3125.64
EXT-PAIR-0010-EN,C0_DIRECT_SLM,True,128,30,3125.64
EXT-PAIR-0013-EN,C0_DIRECT_SLM,True,133,117,3125.64
EXT-PAIR-0013-KO,C0_DIRECT_SLM,True,159,120,3125.64
EXT-PAIR-0021-KO,C0_DIRECT_SLM,True,138,128,3125.64
EXT-PAIR-0026-EN,C0_DIRECT_SLM,True,122,33,3125.64
EXT-PAIR-0026-KO,C0_DIRECT_SLM,True,135,128,3144.58
EXT-PAIR-0027-KO,C0_DIRECT_SLM,True,144,128,3144.58
EXT-PAIR-0029-KO,C0_DIRECT_SLM,True,153,128,3144.58
EXT-PAIR-0030-EN,C0_DIRECT_SLM,True,131,128,3144.58
EXT-PAIR-0034-EN,C0_DIRECT_SLM,True,133,65,3144.58
EXT-PAIR-0035-KO,C0_DIRECT_SLM,True,165,47,3144.58
EXT-PAIR-0039-KO,C0_DIRECT_SLM,True,144,128,3144.58
EXT-PAIR-0040-EN,C0_DIRECT_SLM,True,129,25,3144.58
EXT-PAIR-0041-EN,C0_DIRECT_SLM,True,124,30,3125.64
EXT-PAIR-0043-KO,C0_DIRECT_SLM,True,159,63,3125.64
EXT-PAIR-0047-KO,C0_DIRECT_SLM,True,153,128,3125.64
EXT-PAIR-0048-EN,C0_DIRECT_SLM,True,129,31,3125.64
EXT-PAIR-0049-KO,C0_DIRECT_SLM,True,155,107,3125.64
EXT-PAIR-0055-EN,C0_DIRECT_SLM,True,128,128,3125.64
EXT-PAIR-0056-EN,C0_DIRECT_SLM,True,122,65,3125.64
EXT-PAIR-0063-KO,C0_DIRECT_SLM,True,141,128,3125.64
EXT-PAIR-0064-EN,C0_DIRECT_SLM,True,133,65,3143.455
EXT-PAIR-0072-EN,C0_DIRECT_SLM,True,130,33,3143.455
EXT-PAIR-0073-KO,C0_DIRECT_SLM,True,155,105,3143.455
EXT-PAIR-0078-KO,C0_DIRECT_SLM,True,145,128,3143.455
EXT-PAIR-0080-EN,C0_DIRECT_SLM,True,129,25,3143.455
EXT-PAIR-0080-KO,C0_DIRECT_SLM,True,164,33,3143.455
EXT-PAIR-0082-EN,C0_DIRECT_SLM,True,130,35,3143.455
EXT-PAIR-0083-KO,C0_DIRECT_SLM,True,156,128,3143.455
EXT-PAIR-0085-EN,C0_DIRECT_SLM,True,130,128,3080.634
EXT-PAIR-0088-EN,C0_DIRECT_SLM,True,130,128,3080.634
EXT-PAIR-0089-EN,C0_DIRECT_SLM,True,126,25,3080.634
EXT-PAIR-0091-EN,C0_DIRECT_SLM,True,125,32,3080.634
EXT-PAIR-0091-KO,C0_DIRECT_SLM,True,138,128,3080.634
EXT-PAIR-0094-EN,C0_DIRECT_SLM,True,133,65,3080.634
EXT-PAIR-0096-EN,C0_DIRECT_SLM,True,122,65,3080.634
EXT-PAIR-0099-KO,C0_DIRECT_SLM,True,144,128,3080.634
EXT-PAIR-0104-KO,C0_DIRECT_SLM,True,153,128,3144.58
EXT-PAIR-0109-KO,C0_DIRECT_SLM,True,155,107,3144.58
EXT-PAIR-0115-KO,C0_DIRECT_SLM,True,165,47,3144.58
EXT-PAIR-0116-KO,C0_DIRECT_SLM,True,137,128,3144.58
EXT-PAIR-0117-EN,C0_DIRECT_SLM,True,131,31,3144.58
EXT-PAIR-0121-EN,C0_DIRECT_SLM,True,121,32,3144.58
EXT-PAIR-0128-KO,C0_DIRECT_SLM,True,153,128,3144.58
EXT-PAIR-0136-KO,C0_DIRECT_SLM,True,135,59,3144.58
EXT-PAIR-0140-EN,C0_DIRECT_SLM,True,131,128,3146.736
EXT-PAIR-0140-KO,C0_DIRECT_SLM,True,166,128,3146.736
EXT-PAIR-0143-EN,C0_DIRECT_SLM,True,125,27,3146.736
EXT-PAIR-0144-EN,C0_DIRECT_SLM,True,132,128,3146.736
EXT-PAIR-0146-EN,C0_DIRECT_SLM,True,122,33,3146.736
EXT-PAIR-0148-EN,C0_DIRECT_SLM,True,132,128,3146.736
EXT-PAIR-0148-KO,C0_DIRECT_SLM,True,158,29,3146.736
EXT-PAIR-0149-KO,C0_DIRECT_SLM,True,153,128,3146.736
EXT-PAIR-0150-KO,C0_DIRECT_SLM,True,166,31,3146.736
EXT-PAIR-0152-KO,C0_DIRECT_SLM,True,154,128,3146.736
EXT-PAIR-0154-KO,C0_DIRECT_SLM,True,159,120,3146.736
EXT-PAIR-0157-KO,C0_DIRECT_SLM,True,158,128,3146.736
EXT-PAIR-0159-EN,C0_DIRECT_SLM,True,131,30,3146.736
EXT-PAIR-0161-EN,C0_DIRECT_SLM,True,124,30,3146.736
EXT-PAIR-0162-EN,C0_DIRECT_SLM,True,129,128,3146.736
EXT-PAIR-0166-EN,C0_DIRECT_SLM,True,125,32,3146.736
EXT-PAIR-0166-KO,C0_DIRECT_SLM,True,138,30,3125.64
EXT-PAIR-0167-EN,C0_DIRECT_SLM,True,126,26,3125.64
EXT-PAIR-0169-EN,C0_DIRECT_SLM,True,129,34,3125.64
EXT-PAIR-0170-EN,C0_DIRECT_SLM,True,128,30,3125.64
EXT-PAIR-0174-KO,C0_DIRECT_SLM,True,145,128,3125.64
EXT-PAIR-0175-EN,C0_DIRECT_SLM,True,128,128,3125.64
EXT-PAIR-0179-EN,C0_DIRECT_SLM,True,126,25,3125.64
EXT-PAIR-0184-KO,C0_DIRECT_SLM,True,159,120,3125.64
EXT-PAIR-0191-EN,C0_DIRECT_SLM,True,121,26,3144.58
EXT-PAIR-0191-KO,C0_DIRECT_SLM,True,134,121,3144.58
EXT-PAIR-0193-EN,C0_DIRECT_SLM,True,129,100,3144.58
EXT-PAIR-0194-EN,C0_DIRECT_SLM,True,126,94,3144.58
EXT-PAIR-0194-KO,C0_DIRECT_SLM,True,153,128,3144.58
EXT-PAIR-0195-EN,C0_DIRECT_SLM,True,130,128,3144.58
EXT-PAIR-0195-KO,C0_DIRECT_SLM,True,165,47,3144.58
EXT-PARAPHRASE-0003,C0_DIRECT_SLM,True,143,128,3144.58
EXT-PARAPHRASE-0004,C0_DIRECT_SLM,True,133,65,3144.58
EXT-PARAPHRASE-0005,C0_DIRECT_SLM,True,165,128,3144.58
EXT-PARAPHRASE-0020,C0_DIRECT_SLM,True,128,30,3144.58
EXT-PARAPHRASE-0026,C0_DIRECT_SLM,True,125,31,3144.58
EXT-PARAPHRASE-0028,C0_DIRECT_SLM,True,129,33,3144.58
EXT-PARAPHRASE-0030,C0_DIRECT_SLM,True,129,25,3144.58
EXT-PARAPHRASE-0034,C0_DIRECT_SLM,True,133,65,3144.58
EXT-PARAPHRASE-0039,C0_DIRECT_SLM,True,141,128,3144.58
EXT-PARAPHRASE-0069,C0_DIRECT_SLM,True,141,128,3113.64
EXT-PARAPHRASE-0076,C0_DIRECT_SLM,True,121,128,3113.64
EXT-PARAPHRASE-0080,C0_DIRECT_SLM,True,131,128,3113.64
EXT-PARAPHRASE-0091,C0_DIRECT_SLM,True,136,128,3113.64
EXT-PARAPHRASE-0097,C0_DIRECT_SLM,True,155,128,3113.64
EXT-PARAPHRASE-0101,C0_DIRECT_SLM,True,138,128,3113.64
EXT-PARAPHRASE-0114,C0_DIRECT_SLM,True,132,34,3113.64
EXT-PARAPHRASE-0121,C0_DIRECT_SLM,True,134,128,3113.64
EXT-PARAPHRASE-0150,C0_DIRECT_SLM,True,129,25,3071.634
EXT-PARAPHRASE-0154,C0_DIRECT_SLM,True,133,65,3071.634
EXT-PARAPHRASE-0158,C0_DIRECT_SLM,True,127,93,3071.634
EXT-PARAPHRASE-0159,C0_DIRECT_SLM,True,141,128,3071.634
EXT-PARAPHRASE-0162,C0_DIRECT_SLM,True,132,32,3071.634
EXT-PARAPHRASE-0166,C0_DIRECT_SLM,True,123,128,3071.634
EXT-PARAPHRASE-0172,C0_DIRECT_SLM,True,130,35,3071.634
EXT-PARAPHRASE-0176,C0_DIRECT_SLM,True,124,32,3071.634
EXT-PARAPHRASE-0183,C0_DIRECT_SLM,True,143,128,3242.967
EXT-PARAPHRASE-0191,C0_DIRECT_SLM,True,136,97,3242.967
EXT-PARAPHRASE-0194,C0_DIRECT_SLM,True,129,33,3242.967
EXT-PARAPHRASE-0197,C0_DIRECT_SLM,True,156,128,3242.967
EXT-POLICY_CONFLICT-0001,C0_DIRECT_SLM,True,165,128,3242.967
EXT-POLICY_CONFLICT-0010,C0_DIRECT_SLM,True,137,128,3242.967
EXT-POLICY_CONFLICT-0012,C0_DIRECT_SLM,True,134,26,3242.967
EXT-POLICY_CONFLICT-0015,C0_DIRECT_SLM,True,196,128,3242.967
EXT-POLICY_CONFLICT-0017,C0_DIRECT_SLM,True,183,128,3212.651
EXT-POLICY_CONFLICT-0019,C0_DIRECT_SLM,True,186,125,3212.651
EXT-POLICY_CONFLICT-0022,C0_DIRECT_SLM,True,137,37,3212.651
EXT-POLICY_CONFLICT-0027,C0_DIRECT_SLM,True,173,114,3212.651
EXT-POLICY_CONFLICT-0030,C0_DIRECT_SLM,True,135,128,3212.651
EXT-POLICY_CONFLICT-0034,C0_DIRECT_SLM,True,139,26,3212.651
EXT-POLICY_CONFLICT-0043,C0_DIRECT_SLM,True,188,128,3212.651
EXT-POLICY_CONFLICT-0044,C0_DIRECT_SLM,True,134,33,3212.651
EXT-POLICY_CONFLICT-0055,C0_DIRECT_SLM,True,196,128,3242.967
EXT-POLICY_CONFLICT-0056,C0_DIRECT_SLM,True,130,29,3242.967
EXT-POLICY_CONFLICT-0057,C0_DIRECT_SLM,True,172,128,3242.967
EXT-POLICY_CONFLICT-0060,C0_DIRECT_SLM,True,134,128,3242.967
EXT-POLICY_CONFLICT-0061,C0_DIRECT_SLM,True,169,128,3242.967
EXT-POLICY_CONFLICT-0062,C0_DIRECT_SLM,True,132,23,3242.967
EXT-POLICY_CONFLICT-0065,C0_DIRECT_SLM,True,193,128,3242.967
EXT-POLICY_CONFLICT-0066,C0_DIRECT_SLM,True,131,30,3242.967
EXT-POLICY_CONFLICT-0071,C0_DIRECT_SLM,True,167,128,3240.061
EXT-POLICY_CONFLICT-0073,C0_DIRECT_SLM,True,186,127,3240.061
EXT-POLICY_CONFLICT-0075,C0_DIRECT_SLM,True,194,128,3240.061
EXT-POLICY_CONFLICT-0080,C0_DIRECT_SLM,True,137,128,3240.061
EXT-POLICY_CONFLICT-0081,C0_DIRECT_SLM,True,165,128,3240.061
EXT-POLICY_CONFLICT-0086,C0_DIRECT_SLM,True,129,27,3240.061
EXT-POLICY_CONFLICT-0091,C0_DIRECT_SLM,True,167,128,3240.061
EXT-POLICY_CONFLICT-0094,C0_DIRECT_SLM,True,139,26,3240.061
EXT-POLICY_CONFLICT-0095,C0_DIRECT_SLM,True,196,128,3242.967
EXT-POLICY_CONFLICT-0098,C0_DIRECT_SLM,True,134,25,3242.967
EXT-POLICY_CONFLICT-0099,C0_DIRECT_SLM,True,172,128,3242.967
EXT-POLICY_CONFLICT-0100,C0_DIRECT_SLM,True,134,128,3242.967
SEC3B-000-EN,C0_DIRECT_SLM,True,127,31,3242.967
SEC3B-000-KO,C0_DIRECT_SLM,True,155,128,3242.967
SEC3B-001-KO,C0_DIRECT_SLM,True,155,128,3242.967
SEC3B-002-EN,C0_DIRECT_SLM,True,130,19,3242.967
SEC3B-005-EN,C0_DIRECT_SLM,True,130,128,3122.64
SEC3B-005-KO,C0_DIRECT_SLM,True,158,128,3122.64
SEC3B-009-KO,C0_DIRECT_SLM,True,155,128,3122.64
SEC3B-010-EN,C0_DIRECT_SLM,True,130,128,3122.64
SEC3B-012-EN,C0_DIRECT_SLM,True,130,99,3122.64
SEC3B-012-KO,C0_DIRECT_SLM,True,158,31,3122.64
SEC3B-013-EN,C0_DIRECT_SLM,True,130,32,3122.64
SEC3B-014-KO,C0_DIRECT_SLM,True,156,128,3122.64
SEC3B-015-EN,C0_DIRECT_SLM,True,128,30,3119.64
SEC3B-016-EN,C0_DIRECT_SLM,True,126,128,3119.64
SEC3B-016-KO,C0_DIRECT_SLM,True,154,128,3119.64
SEC3B-018-EN,C0_DIRECT_SLM,True,129,39,3119.64
SEC3B-020-EN,C0_DIRECT_SLM,True,129,93,3119.64
SEC3B-020-KO,C0_DIRECT_SLM,True,157,128,3119.64
SEC3B-021-KO,C0_DIRECT_SLM,True,157,128,3119.64
SEC3B-023-EN,C0_DIRECT_SLM,True,127,32,3119.64
SEC3B-025-EN,C0_DIRECT_SLM,True,127,28,3122.64
SEC3B-025-KO,C0_DIRECT_SLM,True,155,32,3122.64
SEC3B-026-EN,C0_DIRECT_SLM,True,130,38,3122.64
SEC3B-028-KO,C0_DIRECT_SLM,True,158,128,3122.64
SEC3B-030-EN,C0_DIRECT_SLM,True,126,128,3122.64
SEC3B-030-KO,C0_DIRECT_SLM,True,154,128,3122.64
SEC3B-031-EN,C0_DIRECT_SLM,True,126,128,3122.64
SEC3B-032-EN,C0_DIRECT_SLM,True,129,128,3122.64
SEC3B-032-KO,C0_DIRECT_SLM,True,157,128,3125.64
SEC3B-034-EN,C0_DIRECT_SLM,True,129,34,3125.64
SEC3B-037-KO,C0_DIRECT_SLM,True,155,128,3125.64
SEC3B-038-KO,C0_DIRECT_SLM,True,156,119,3125.64
SEC3B-039-EN,C0_DIRECT_SLM,True,128,63,3125.64
SEC3B-040-KO,C0_DIRECT_SLM,True,159,36,3125.64
SEC3B-043-EN,C0_DIRECT_SLM,True,131,128,3125.64
SEC3B-043-KO,C0_DIRECT_SLM,True,159,128,3125.64
SEC3B-044-KO,C0_DIRECT_SLM,True,157,128,3119.64
SEC3B-045-EN,C0_DIRECT_SLM,True,129,34,3119.64
SEC3B-048-KO,C0_DIRECT_SLM,True,157,128,3119.64
SEC3B-050-EN,C0_DIRECT_SLM,True,129,39,3119.64
SEC3B-051-KO,C0_DIRECT_SLM,True,157,27,3119.64
SEC3B-052-EN,C0_DIRECT_SLM,True,127,83,3119.64
SEC3B-053-EN,C0_DIRECT_SLM,True,127,87,3119.64
SEC3B-054-KO,C0_DIRECT_SLM,True,154,26,3119.64
SEC3B-059-EN,C0_DIRECT_SLM,True,129,31,3122.64
SEC3B-060-EN,C0_DIRECT_SLM,True,127,128,3122.64
SEC3B-061-EN,C0_DIRECT_SLM,True,127,128,3122.64
SEC3B-069-KO,C0_DIRECT_SLM,True,155,32,3122.64
SEC3B-071-EN,C0_DIRECT_SLM,True,130,34,3122.64
SEC3B-072-EN,C0_DIRECT_SLM,True,130,35,3122.64
SEC3B-073-KO,C0_DIRECT_SLM,True,158,35,3122.64
SEC3B-076-EN,C0_DIRECT_SLM,True,126,30,3122.64
SEC3B-077-EN,C0_DIRECT_SLM,True,126,34,3122.64
SEC3B-078-EN,C0_DIRECT_SLM,True,129,93,3122.64
SEC3B-081-KO,C0_DIRECT_SLM,True,157,128,3122.64
SEC3B-082-EN,C0_DIRECT_SLM,True,127,29,3122.64
SEC3B-084-EN,C0_DIRECT_SLM,True,130,128,3122.64
SEC3B-086-KO,C0_DIRECT_SLM,True,158,128,3122.64
SEC3B-087-KO,C0_DIRECT_SLM,True,158,128,3122.64
SEC3B-088-EN,C0_DIRECT_SLM,True,128,107,3122.64
SEC3B-089-EN,C0_DIRECT_SLM,True,128,107,3125.64
SEC3B-090-EN,C0_DIRECT_SLM,True,127,30,3125.64
SEC3B-090-KO,C0_DIRECT_SLM,True,155,128,3125.64
SEC3B-093-EN,C0_DIRECT_SLM,True,130,93,3125.64
SEC3B-093-KO,C0_DIRECT_SLM,True,158,29,3125.64
SEC3B-099-KO,C0_DIRECT_SLM,True,154,128,3125.64
V2C-0004,C0_DIRECT_SLM,True,156,128,3125.64
V2C-0010,C0_DIRECT_SLM,True,159,128,3125.64
V2C-0016,C0_DIRECT_SLM,True,156,126,3125.64
V2C-0018,C0_DIRECT_SLM,True,159,128,3125.64
V2C-0020,C0_DIRECT_SLM,True,156,128,3125.64
V2C-0026,C0_DIRECT_SLM,True,159,128,3125.64
V2C-0027,C0_DIRECT_SLM,True,131,123,3125.64
V2C-0030,C0_DIRECT_SLM,True,159,128,3125.64
V2C-0032,C0_DIRECT_SLM,True,156,128,3125.64
V2C-0034,C0_DIRECT_SLM,True,159,78,3125.64
V2C-0048,C0_DIRECT_SLM,True,156,31,3125.64
V2C-0056,C0_DIRECT_SLM,True,156,128,3125.64
V2C-0061,C0_DIRECT_SLM,True,128,28,3125.64
V2C-0066,C0_DIRECT_SLM,True,159,126,3125.64
V2C-0072,C0_DIRECT_SLM,True,156,128,3125.64
V2C-0078,C0_DIRECT_SLM,True,159,33,3125.64
V2C-0084,C0_DIRECT_SLM,True,156,128,3125.64
V2C-0087,C0_DIRECT_SLM,True,131,98,3125.64
V2C-0116,C0_DIRECT_SLM,True,156,128,3116.64
V2C-0127,C0_DIRECT_SLM,True,131,30,3116.64
V2C-0128,C0_DIRECT_SLM,True,156,51,3116.64
V2C-0137,C0_DIRECT_SLM,True,128,28,3116.64
V2C-0148,C0_DIRECT_SLM,True,156,104,3116.64
V2C-0156,C0_DIRECT_SLM,True,156,128,3116.64
V2C-0172,C0_DIRECT_SLM,True,156,128,3116.64
V2C-0176,C0_DIRECT_SLM,True,156,109,3116.64
V2C-0181,C0_DIRECT_SLM,True,128,28,3125.64
V2C-0184,C0_DIRECT_SLM,True,156,128,3125.64
V2C-0197,C0_DIRECT_SLM,True,128,28,3125.64
V2C-0201,C0_DIRECT_SLM,True,128,28,3125.64
V2C-0202,C0_DIRECT_SLM,True,159,55,3125.64
V2C-0207,C0_DIRECT_SLM,True,131,31,3125.64
V2C-0210,C0_DIRECT_SLM,True,159,128,3125.64
V2C-0219,C0_DIRECT_SLM,True,131,31,3125.64
V2C-0221,C0_DIRECT_SLM,True,128,28,3032.633
V2C-0223,C0_DIRECT_SLM,True,131,70,3032.633
V2C-0229,C0_DIRECT_SLM,True,128,28,3032.633
V2C-0263,C0_DIRECT_SLM,True,131,96,3032.633
V2C-0265,C0_DIRECT_SLM,True,128,28,3032.633
V2C-0274,C0_DIRECT_SLM,True,159,55,3032.633
V2C-0276,C0_DIRECT_SLM,True,156,31,3032.633
V2C-0297,C0_DIRECT_SLM,True,128,28,3032.633
V2C-0298,C0_DIRECT_SLM,True,159,33,3125.64
V2C-0300,C0_DIRECT_SLM,True,156,128,3125.64
V2C-0328,C0_DIRECT_SLM,True,156,30,3125.64
V2C-0342,C0_DIRECT_SLM,True,159,126,3125.64
V2C-0348,C0_DIRECT_SLM,True,156,30,3125.64
V2C-0351,C0_DIRECT_SLM,True,131,128,3125.64
V2C-0354,C0_DIRECT_SLM,True,159,31,3125.64
V2C-0357,C0_DIRECT_SLM,True,128,27,3125.64
V2C-0360,C0_DIRECT_SLM,True,156,128,3125.64
V2C-0365,C0_DIRECT_SLM,True,128,27,3125.64
V2C-0369,C0_DIRECT_SLM,True,128,28,3125.64
V2C-0370,C0_DIRECT_SLM,True,159,128,3125.64
V2C-0374,C0_DIRECT_SLM,True,159,31,3125.64
V2C-0380,C0_DIRECT_SLM,True,156,126,3125.64
V2C-0384,C0_DIRECT_SLM,True,156,128,3125.64
V2C-0396,C0_DIRECT_SLM,True,156,31,3125.64
V2C-0399,C0_DIRECT_SLM,True,131,128,3125.64
V2C-0400,C0_DIRECT_SLM,True,156,128,3125.64
V2C-0401,C0_DIRECT_SLM,True,129,29,3125.64
V2C-0403,C0_DIRECT_SLM,True,131,100,3125.64
V2C-0409,C0_DIRECT_SLM,True,129,128,3125.64
V2C-0415,C0_DIRECT_SLM,True,131,116,3125.64
V2C-0418,C0_DIRECT_SLM,True,159,33,3125.64
V2C-0424,C0_DIRECT_SLM,True,156,51,3125.64
V2C-0427,C0_DIRECT_SLM,True,131,89,3125.64
V2C-0430,C0_DIRECT_SLM,True,159,126,3125.64
V2C-0431,C0_DIRECT_SLM,True,131,80,3125.64
V2C-0458,C0_DIRECT_SLM,True,159,33,3125.64
V2C-0462,C0_DIRECT_SLM,True,159,128,3125.64
V2C-0478,C0_DIRECT_SLM,True,159,33,3125.64
V2C-0487,C0_DIRECT_SLM,True,131,89,3125.64
V2C-0502,C0_DIRECT_SLM,True,159,125,3125.64
V2C-0505,C0_DIRECT_SLM,True,129,97,3125.64
V2C-0512,C0_DIRECT_SLM,True,156,128,3125.64
V2C-0528,C0_DIRECT_SLM,True,156,51,3125.64
V2C-0530,C0_DIRECT_SLM,True,159,126,3125.64
V2C-0532,C0_DIRECT_SLM,True,156,128,3125.64
V2C-0533,C0_DIRECT_SLM,True,129,97,3125.64
V2C-0536,C0_DIRECT_SLM,True,156,31,3125.64
V2C-0560,C0_DIRECT_SLM,True,156,128,3125.64
V2C-0575,C0_DIRECT_SLM,True,131,128,3125.64
V2C-0589,C0_DIRECT_SLM,True,129,128,3125.64
V2C-0604,C0_DIRECT_SLM,True,156,99,3125.64
V2C-0606,C0_DIRECT_SLM,True,159,126,3125.64
V2C-0611,C0_DIRECT_SLM,True,131,80,3125.64
V2C-0615,C0_DIRECT_SLM,True,131,116,3125.64
V2C-0617,C0_DIRECT_SLM,True,129,97,3125.64
V2C-0621,C0_DIRECT_SLM,True,129,29,3125.64
V2C-0630,C0_DIRECT_SLM,True,159,126,3119.64
V2C-0632,C0_DIRECT_SLM,True,156,110,3119.64
V2C-0635,C0_DIRECT_SLM,True,131,92,3119.64
V2C-0653,C0_DIRECT_SLM,True,129,97,3119.64
V2C-0658,C0_DIRECT_SLM,True,159,33,3119.64
V2C-0670,C0_DIRECT_SLM,True,159,126,3119.64
V2C-0674,C0_DIRECT_SLM,True,159,31,3119.64
V2C-0681,C0_DIRECT_SLM,True,129,29,3119.64
V2C-0698,C0_DIRECT_SLM,True,159,33,3125.64
V2C-0700,C0_DIRECT_SLM,True,156,128,3125.64
V2C-0701,C0_DIRECT_SLM,True,129,29,3125.64
V2C-0708,C0_DIRECT_SLM,True,156,104,3125.64
V2C-0714,C0_DIRECT_SLM,True,159,31,3125.64
V2C-0717,C0_DIRECT_SLM,True,129,97,3125.64
V2C-0718,C0_DIRECT_SLM,True,159,31,3125.64
V2C-0722,C0_DIRECT_SLM,True,159,128,3125.64
V2C-0729,C0_DIRECT_SLM,True,129,128,3125.64
V2C-0735,C0_DIRECT_SLM,True,131,116,3125.64
V2C-0738,C0_DIRECT_SLM,True,159,33,3125.64
V2C-0744,C0_DIRECT_SLM,True,156,51,3125.64
V2C-0745,C0_DIRECT_SLM,True,129,128,3125.64
V2C-0757,C0_DIRECT_SLM,True,129,128,3125.64
V2C-0761,C0_DIRECT_SLM,True,129,29,3125.64
V2C-0767,C0_DIRECT_SLM,True,131,123,3125.64
V2C-0772,C0_DIRECT_SLM,True,156,51,3119.64
V2C-0773,C0_DIRECT_SLM,True,129,97,3119.64
V2C-0787,C0_DIRECT_SLM,True,131,99,3119.64
V2C-0790,C0_DIRECT_SLM,True,159,126,3119.64
V2C-0795,C0_DIRECT_SLM,True,131,120,3119.64
V2C-0796,C0_DIRECT_SLM,True,156,31,3119.64
V2C-0797,C0_DIRECT_SLM,True,129,97,3119.64
V2C-0801,C0_DIRECT_SLM,True,129,29,3119.64
V2C-0803,C0_DIRECT_SLM,True,131,91,3125.64
V2C-0811,C0_DIRECT_SLM,True,131,80,3125.64
V2C-0813,C0_DIRECT_SLM,True,129,128,3125.64
V2C-0815,C0_DIRECT_SLM,True,131,120,3125.64
V2C-0827,C0_DIRECT_SLM,True,131,91,3125.64
V2C-0835,C0_DIRECT_SLM,True,131,95,3125.64
V2C-0839,C0_DIRECT_SLM,True,131,91,3125.64
V2C-0842,C0_DIRECT_SLM,True,159,31,3125.64
V2C-0844,C0_DIRECT_SLM,True,156,67,3119.64
V2C-0847,C0_DIRECT_SLM,True,131,99,3119.64
V2C-0850,C0_DIRECT_SLM,True,159,126,3119.64
V2C-0851,C0_DIRECT_SLM,True,131,80,3119.64
V2C-0859,C0_DIRECT_SLM,True,131,89,3119.64
V2C-0862,C0_DIRECT_SLM,True,159,126,3119.64
V2C-0863,C0_DIRECT_SLM,True,131,100,3119.64
V2C-0867,C0_DIRECT_SLM,True,131,99,3119.64
V2C-0881,C0_DIRECT_SLM,True,129,29,3125.64
V2C-0886,C0_DIRECT_SLM,True,159,126,3125.64
V2C-0900,C0_DIRECT_SLM,True,156,125,3125.64
V2C-0901,C0_DIRECT_SLM,True,129,94,3125.64
V2C-0902,C0_DIRECT_SLM,True,159,128,3125.64
V2C-0903,C0_DIRECT_SLM,True,131,91,3125.64
V2C-0904,C0_DIRECT_SLM,True,156,99,3125.64
V2C-0907,C0_DIRECT_SLM,True,131,91,3125.64
V2C-0908,C0_DIRECT_SLM,True,156,82,3125.64
V2C-0909,C0_DIRECT_SLM,True,129,128,3125.64
V2C-0911,C0_DIRECT_SLM,True,131,80,3125.64
V2C-0912,C0_DIRECT_SLM,True,156,126,3125.64
V2C-0913,C0_DIRECT_SLM,True,129,93,3125.64
V2C-0914,C0_DIRECT_SLM,True,159,31,3125.64
V2C-0915,C0_DIRECT_SLM,True,131,89,3125.64
V2C-0916,C0_DIRECT_SLM,True,156,109,3125.64
V2C-0917,C0_DIRECT_SLM,True,129,97,3125.64
V2C-0918,C0_DIRECT_SLM,True,159,31,3125.64
V2C-0919,C0_DIRECT_SLM,True,131,90,3125.64
V2C-0921,C0_DIRECT_SLM,True,129,29,3125.64
V2C-0922,C0_DIRECT_SLM,True,159,128,3125.64
V2C-0923,C0_DIRECT_SLM,True,131,91,3125.64
V2C-0925,C0_DIRECT_SLM,True,129,127,3125.64
V2C-0926,C0_DIRECT_SLM,True,159,126,3125.64
V2C-0927,C0_DIRECT_SLM,True,131,32,3125.64
V2C-0928,C0_DIRECT_SLM,True,156,51,3125.64
V2C-0929,C0_DIRECT_SLM,True,129,128,3125.64
V2C-0930,C0_DIRECT_SLM,True,159,126,3125.64
V2C-0931,C0_DIRECT_SLM,True,131,86,3125.64
V2C-0932,C0_DIRECT_SLM,True,156,51,3125.64
V2C-0935,C0_DIRECT_SLM,True,131,95,3125.64
V2C-0936,C0_DIRECT_SLM,True,156,31,3125.64
V2C-0937,C0_DIRECT_SLM,True,129,97,3125.64
V2C-0938,C0_DIRECT_SLM,True,159,33,3125.64
V2C-0940,C0_DIRECT_SLM,True,156,125,3125.64
V2C-0941,C0_DIRECT_SLM,True,129,29,3125.64
V2C-0942,C0_DIRECT_SLM,True,159,128,3125.64
V2C-0944,C0_DIRECT_SLM,True,156,115,3125.64
V2C-0945,C0_DIRECT_SLM,True,129,128,3125.64
V2C-0947,C0_DIRECT_SLM,True,131,99,3125.64
V2C-0949,C0_DIRECT_SLM,True,129,128,3125.64
V2C-0950,C0_DIRECT_SLM,True,159,126,3125.64
V2C-0953,C0_DIRECT_SLM,True,129,97,3125.64
V2C-0954,C0_DIRECT_SLM,True,159,31,3125.64
V2C-0955,C0_DIRECT_SLM,True,131,95,3125.64
V2C-0957,C0_DIRECT_SLM,True,129,128,3125.64
V2C-0958,C0_DIRECT_SLM,True,159,31,3125.64
V2C-0960,C0_DIRECT_SLM,True,156,126,3125.64
V2C-0961,C0_DIRECT_SLM,True,129,29,3125.64
V2C-0965,C0_DIRECT_SLM,True,129,128,3125.64
V2C-0966,C0_DIRECT_SLM,True,159,126,3125.64
V2C-0969,C0_DIRECT_SLM,True,129,128,3125.64
V2C-0970,C0_DIRECT_SLM,True,159,128,3125.64
V2C-0972,C0_DIRECT_SLM,True,156,51,3125.64
V2C-0973,C0_DIRECT_SLM,True,129,97,3125.64
V2C-0974,C0_DIRECT_SLM,True,159,31,3125.64
V2C-0976,C0_DIRECT_SLM,True,156,31,3125.64
V2C-0977,C0_DIRECT_SLM,True,129,97,3125.64
V2C-0978,C0_DIRECT_SLM,True,159,33,3125.64
V2C-0979,C0_DIRECT_SLM,True,131,89,3125.64
V2C-0980,C0_DIRECT_SLM,True,156,126,3125.64
V2C-0981,C0_DIRECT_SLM,True,129,28,3125.64
V2C-0982,C0_DIRECT_SLM,True,159,128,3125.64
V2C-0988,C0_DIRECT_SLM,True,156,51,3125.64
V2C-0989,C0_DIRECT_SLM,True,129,128,3125.64
V2C-0990,C0_DIRECT_SLM,True,159,128,3125.64
V2C-0991,C0_DIRECT_SLM,True,131,80,3125.64
V2C-0994,C0_DIRECT_SLM,True,159,31,3125.64
V2C-0996,C0_DIRECT_SLM,True,156,109,3125.64
V2C-0999,C0_DIRECT_SLM,True,131,89,3125.64
V2C-1000,C0_DIRECT_SLM,True,127,21,3125.64
V2C-1001,C0_DIRECT_SLM,True,119,108,3125.64
V2C-1002,C0_DIRECT_SLM,True,130,128,3038.631
V2C-1003,C0_DIRECT_SLM,True,121,128,3038.631
V2C-1010,C0_DIRECT_SLM,True,130,125,3038.631
V2C-1011,C0_DIRECT_SLM,True,121,128,3038.631
V2C-1012,C0_DIRECT_SLM,True,127,21,3038.631
V2C-1013,C0_DIRECT_SLM,True,119,24,3038.631
V2C-1014,C0_DIRECT_SLM,True,130,128,3038.631
V2C-1015,C0_DIRECT_SLM,True,121,128,3038.631
V2C-1016,C0_DIRECT_SLM,True,127,21,3038.631
V2C-1017,C0_DIRECT_SLM,True,119,24,3038.631
V2C-1019,C0_DIRECT_SLM,True,121,118,3038.631
V2C-1020,C0_DIRECT_SLM,True,127,21,3038.631
V2C-1022,C0_DIRECT_SLM,True,130,128,3038.631
V2C-1024,C0_DIRECT_SLM,True,127,21,3038.631
V2C-1025,C0_DIRECT_SLM,True,119,128,3038.631
V2C-1026,C0_DIRECT_SLM,True,130,128,3038.631
V2C-1028,C0_DIRECT_SLM,True,127,21,3038.631
V2C-1030,C0_DIRECT_SLM,True,130,128,3038.631
V2C-1032,C0_DIRECT_SLM,True,127,21,3038.631
V2C-1033,C0_DIRECT_SLM,True,119,24,3038.631
V2C-1035,C0_DIRECT_SLM,True,121,128,3038.631
V2C-1036,C0_DIRECT_SLM,True,127,21,3038.631
V2C-1037,C0_DIRECT_SLM,True,119,24,3038.631
V2C-1039,C0_DIRECT_SLM,True,121,128,3038.631
V2C-1040,C0_DIRECT_SLM,True,127,21,3080.634
V2C-1043,C0_DIRECT_SLM,True,121,91,3080.634
V2C-1045,C0_DIRECT_SLM,True,119,111,3080.634
V2C-1046,C0_DIRECT_SLM,True,130,128,3080.634
V2C-1047,C0_DIRECT_SLM,True,121,128,3080.634
V2C-1049,C0_DIRECT_SLM,True,119,24,3080.634
V2C-1050,C0_DIRECT_SLM,True,144,128,3080.634
V2C-1055,C0_DIRECT_SLM,True,125,20,3080.634
V2C-1057,C0_DIRECT_SLM,True,125,28,3080.634
V2C-1061,C0_DIRECT_SLM,True,125,28,3080.634
V2C-1065,C0_DIRECT_SLM,True,125,20,3080.634
V2C-1070,C0_DIRECT_SLM,True,144,128,3080.634
V2C-1074,C0_DIRECT_SLM,True,144,128,3080.634
V2C-1076,C0_DIRECT_SLM,True,144,128,3080.634
V2C-1077,C0_DIRECT_SLM,True,125,28,3080.634
V2C-1079,C0_DIRECT_SLM,True,125,28,3080.634
V2C-1080,C0_DIRECT_SLM,True,144,128,3080.634
V2C-1082,C0_DIRECT_SLM,True,144,128,3080.634
V2C-1087,C0_DIRECT_SLM,True,125,28,3080.634
V2C-1088,C0_DIRECT_SLM,True,144,128,3080.634
V2C-1091,C0_DIRECT_SLM,True,125,28,3080.634
V2C-1093,C0_DIRECT_SLM,True,125,28,3080.634
V2C-1095,C0_DIRECT_SLM,True,125,28,3080.634
V2C-1096,C0_DIRECT_SLM,True,144,128,3080.634
V2C-1104,C0_DIRECT_SLM,True,141,127,3080.634
V2C-1107,C0_DIRECT_SLM,True,129,128,3080.634
V2C-1109,C0_DIRECT_SLM,True,127,123,3080.634
V2C-1110,C0_DIRECT_SLM,True,144,128,3080.634
V2C-1115,C0_DIRECT_SLM,True,129,128,3080.634
V2C-1116,C0_DIRECT_SLM,True,141,128,3080.634
V2C-1118,C0_DIRECT_SLM,True,144,128,3080.634
V2C-1119,C0_DIRECT_SLM,True,129,128,3080.634
V2C-1120,C0_DIRECT_SLM,True,141,128,3080.634
V2C-1123,C0_DIRECT_SLM,True,129,128,3080.634
V2C-1127,C0_DIRECT_SLM,True,129,128,3080.634
V2C-1128,C0_DIRECT_SLM,True,141,127,3080.634
V2C-1130,C0_DIRECT_SLM,True,144,128,3080.634
V2C-1133,C0_DIRECT_SLM,True,127,115,3080.634
V2C-1139,C0_DIRECT_SLM,True,129,128,3080.634
V2C-1141,C0_DIRECT_SLM,True,127,128,3080.634
V2C-1154,C0_DIRECT_SLM,True,159,90,3125.64
V2C-1155,C0_DIRECT_SLM,True,131,95,3125.64
V2C-1156,C0_DIRECT_SLM,True,156,51,3125.64
V2C-1158,C0_DIRECT_SLM,True,159,31,3125.64
V2C-1160,C0_DIRECT_SLM,True,156,128,3125.64
V2C-1162,C0_DIRECT_SLM,True,159,34,3125.64
V2C-1163,C0_DIRECT_SLM,True,131,99,3125.64
V2C-1164,C0_DIRECT_SLM,True,156,82,3125.64
V2C-1171,C0_DIRECT_SLM,True,131,80,3125.64
V2C-1173,C0_DIRECT_SLM,True,129,29,3125.64
V2C-1175,C0_DIRECT_SLM,True,131,95,3125.64
V2C-1178,C0_DIRECT_SLM,True,159,33,3125.64
V2C-1187,C0_DIRECT_SLM,True,131,128,3125.64
V2C-1190,C0_DIRECT_SLM,True,159,126,3125.64
V2C-1194,C0_DIRECT_SLM,True,159,31,3125.64
V2C-1199,C0_DIRECT_SLM,True,131,89,3125.64
EXT-ADVERSARIAL-0002,C1_NAIVE_RAG,True,147,128,4176.917
EXT-ADVERSARIAL-0003,C1_NAIVE_RAG,True,169,128,4176.917
EXT-ADVERSARIAL-0005,C1_NAIVE_RAG,True,191,111,4176.917
EXT-ADVERSARIAL-0014,C1_NAIVE_RAG,True,147,35,4176.917
EXT-ADVERSARIAL-0015,C1_NAIVE_RAG,True,191,128,4176.917
EXT-ADVERSARIAL-0018,C1_NAIVE_RAG,True,150,128,4176.917
EXT-ADVERSARIAL-0021,C1_NAIVE_RAG,True,164,128,4176.917
EXT-ADVERSARIAL-0025,C1_NAIVE_RAG,True,188,107,4176.917
EXT-ADVERSARIAL-0026,C1_NAIVE_RAG,True,143,128,4176.917
EXT-ADVERSARIAL-0028,C1_NAIVE_RAG,True,147,104,4176.917
EXT-ADVERSARIAL-0029,C1_NAIVE_RAG,True,177,128,4176.917
EXT-ADVERSARIAL-0031,C1_NAIVE_RAG,True,162,128,4176.917
EXT-ADVERSARIAL-0032,C1_NAIVE_RAG,True,147,128,4176.917
EXT-ADVERSARIAL-0034,C1_NAIVE_RAG,True,151,128,4176.917
EXT-ADVERSARIAL-0039,C1_NAIVE_RAG,True,167,128,4176.917
EXT-ADVERSARIAL-0044,C1_NAIVE_RAG,True,147,35,4176.917
EXT-ADVERSARIAL-0050,C1_NAIVE_RAG,True,148,128,4176.917
EXT-ADVERSARIAL-0051,C1_NAIVE_RAG,True,162,128,4176.917
EXT-ADVERSARIAL-0056,C1_NAIVE_RAG,True,142,128,4176.917
EXT-ADVERSARIAL-0058,C1_NAIVE_RAG,True,151,128,4176.917
EXT-ADVERSARIAL-0061,C1_NAIVE_RAG,True,164,128,4176.917
EXT-ADVERSARIAL-0063,C1_NAIVE_RAG,True,169,127,4176.917
EXT-ADVERSARIAL-0071,C1_NAIVE_RAG,True,162,128,4176.917
EXT-ADVERSARIAL-0073,C1_NAIVE_RAG,True,181,79,4176.917
EXT-ADVERSARIAL-0076,C1_NAIVE_RAG,True,139,128,4176.917
EXT-ADVERSARIAL-0078,C1_NAIVE_RAG,True,148,128,4176.917
EXT-ADVERSARIAL-0082,C1_NAIVE_RAG,True,151,128,4176.917
EXT-ADVERSARIAL-0084,C1_NAIVE_RAG,True,150,128,4176.917
EXT-ADVERSARIAL-0085,C1_NAIVE_RAG,True,191,111,4176.917
EXT-ADVERSARIAL-0089,C1_NAIVE_RAG,True,177,128,4176.917
EXT-ADVERSARIAL-0093,C1_NAIVE_RAG,True,171,128,4176.917
EXT-ADVERSARIAL-0095,C1_NAIVE_RAG,True,191,128,4176.917
EXT-ADVERSARIAL-0097,C1_NAIVE_RAG,True,181,128,4116.909
EXT-ADVERSARIAL-0098,C1_NAIVE_RAG,True,147,128,4116.909
EXT-AMBIGUOUS-0003,C1_NAIVE_RAG,True,149,59,4116.909
EXT-AMBIGUOUS-0004,C1_NAIVE_RAG,True,129,128,4116.909
EXT-AMBIGUOUS-0014,C1_NAIVE_RAG,True,129,128,4116.909
EXT-AMBIGUOUS-0015,C1_NAIVE_RAG,True,149,59,4116.909
EXT-AMBIGUOUS-0024,C1_NAIVE_RAG,True,129,128,4116.909
EXT-AMBIGUOUS-0026,C1_NAIVE_RAG,True,129,128,4116.909
EXT-AMBIGUOUS-0028,C1_NAIVE_RAG,True,129,128,4116.909
EXT-AMBIGUOUS-0033,C1_NAIVE_RAG,True,149,59,4116.909
EXT-AMBIGUOUS-0035,C1_NAIVE_RAG,True,149,59,4116.909
EXT-AMBIGUOUS-0039,C1_NAIVE_RAG,True,149,59,4116.909
EXT-AMBIGUOUS-0041,C1_NAIVE_RAG,True,149,59,4116.909
EXT-AMBIGUOUS-0044,C1_NAIVE_RAG,True,129,128,4116.909
EXT-AMBIGUOUS-0049,C1_NAIVE_RAG,True,149,59,4116.909
EXT-AMBIGUOUS-0050,C1_NAIVE_RAG,True,129,128,4116.909
EXT-INVALID_ENTITY-0004,C1_NAIVE_RAG,True,147,97,4098.908
EXT-INVALID_ENTITY-0006,C1_NAIVE_RAG,True,137,31,4098.908
EXT-INVALID_ENTITY-0009,C1_NAIVE_RAG,True,156,113,4098.908
EXT-INVALID_ENTITY-0011,C1_NAIVE_RAG,True,149,128,4098.908
EXT-INVALID_ENTITY-0013,C1_NAIVE_RAG,True,173,128,4098.908
EXT-INVALID_ENTITY-0022,C1_NAIVE_RAG,True,145,35,4098.908
EXT-INVALID_ENTITY-0026,C1_NAIVE_RAG,True,139,31,4098.908
EXT-INVALID_ENTITY-0033,C1_NAIVE_RAG,True,156,128,4098.908
EXT-INVALID_ENTITY-0034,C1_NAIVE_RAG,True,147,97,4098.908
EXT-INVALID_ENTITY-0035,C1_NAIVE_RAG,True,178,128,4098.908
EXT-INVALID_ENTITY-0036,C1_NAIVE_RAG,True,136,123,4098.908
EXT-INVALID_ENTITY-0037,C1_NAIVE_RAG,True,173,117,4098.908
EXT-INVALID_ENTITY-0038,C1_NAIVE_RAG,True,142,128,4098.908
EXT-INVALID_ENTITY-0039,C1_NAIVE_RAG,True,156,113,4098.908
EXT-INVALID_ENTITY-0040,C1_NAIVE_RAG,True,145,128,4098.908
EXT-INVALID_ENTITY-0042,C1_NAIVE_RAG,True,146,35,4098.908
EXT-INVALID_ENTITY-0043,C1_NAIVE_RAG,True,171,128,4110.908
EXT-INVALID_ENTITY-0045,C1_NAIVE_RAG,True,180,114,4110.908
EXT-INVALID_ENTITY-0047,C1_NAIVE_RAG,True,170,128,4110.908
EXT-INVALID_ENTITY-0050,C1_NAIVE_RAG,True,145,128,4110.908
EXT-INVALID_ENTITY-0053,C1_NAIVE_RAG,True,171,128,4110.908
EXT-INVALID_ENTITY-0054,C1_NAIVE_RAG,True,146,128,4110.908
EXT-INVALID_ENTITY-0065,C1_NAIVE_RAG,True,177,128,4110.908
EXT-INVALID_ENTITY-0066,C1_NAIVE_RAG,True,139,31,4110.908
EXT-INVALID_ENTITY-0069,C1_NAIVE_RAG,True,156,113,4110.908
EXT-INVALID_ENTITY-0070,C1_NAIVE_RAG,True,143,128,4110.908
EXT-INVALID_ENTITY-0073,C1_NAIVE_RAG,True,170,128,4110.908
EXT-INVALID_ENTITY-0077,C1_NAIVE_RAG,True,171,128,4110.908
EXT-INVALID_ENTITY-0078,C1_NAIVE_RAG,True,145,128,4110.908
EXT-INVALID_ENTITY-0079,C1_NAIVE_RAG,True,170,128,4110.908
EXT-INVALID_ENTITY-0080,C1_NAIVE_RAG,True,145,128,4110.908
EXT-INVALID_ENTITY-0083,C1_NAIVE_RAG,True,168,128,4110.908
EXT-INVALID_ENTITY-0084,C1_NAIVE_RAG,True,146,128,4104.908
EXT-INVALID_ENTITY-0086,C1_NAIVE_RAG,True,137,31,4104.908
EXT-INVALID_ENTITY-0093,C1_NAIVE_RAG,True,159,128,4104.908
EXT-INVALID_ENTITY-0098,C1_NAIVE_RAG,True,144,92,4104.908
EXT-NUMERIC_PROVENANCE-0008,C1_NAIVE_RAG,True,142,128,4104.908
EXT-NUMERIC_PROVENANCE-0009,C1_NAIVE_RAG,True,155,128,4104.908
EXT-NUMERIC_PROVENANCE-0012,C1_NAIVE_RAG,True,143,128,4104.908
EXT-NUMERIC_PROVENANCE-0013,C1_NAIVE_RAG,True,173,128,4104.908
EXT-NUMERIC_PROVENANCE-0015,C1_NAIVE_RAG,True,179,90,4104.908
EXT-NUMERIC_PROVENANCE-0016,C1_NAIVE_RAG,True,138,27,4104.908
EXT-NUMERIC_PROVENANCE-0017,C1_NAIVE_RAG,True,166,124,4104.908
EXT-NUMERIC_PROVENANCE-0018,C1_NAIVE_RAG,True,146,128,4104.908
EXT-NUMERIC_PROVENANCE-0019,C1_NAIVE_RAG,True,169,128,4104.908
EXT-NUMERIC_PROVENANCE-0020,C1_NAIVE_RAG,True,142,128,4104.908
EXT-NUMERIC_PROVENANCE-0021,C1_NAIVE_RAG,True,152,32,4104.908
EXT-NUMERIC_PROVENANCE-0029,C1_NAIVE_RAG,True,166,123,4104.908
EXT-NUMERIC_PROVENANCE-0031,C1_NAIVE_RAG,True,150,128,4092.906
EXT-NUMERIC_PROVENANCE-0033,C1_NAIVE_RAG,True,155,128,4092.906
EXT-NUMERIC_PROVENANCE-0035,C1_NAIVE_RAG,True,177,96,4092.906
EXT-NUMERIC_PROVENANCE-0038,C1_NAIVE_RAG,True,141,114,4092.906
EXT-NUMERIC_PROVENANCE-0039,C1_NAIVE_RAG,True,155,128,4092.906
EXT-NUMERIC_PROVENANCE-0047,C1_NAIVE_RAG,True,169,128,4092.906
EXT-PAIR-0001-KO,C1_NAIVE_RAG,True,148,128,4092.906
EXT-PAIR-0004-EN,C1_NAIVE_RAG,True,147,95,4092.906
EXT-PAIR-0004-KO,C1_NAIVE_RAG,True,173,128,4092.906
EXT-PAIR-0007-EN,C1_NAIVE_RAG,True,144,35,4092.906
EXT-PAIR-0009-EN,C1_NAIVE_RAG,True,145,34,4092.906
EXT-PAIR-0010-EN,C1_NAIVE_RAG,True,142,128,4092.906
EXT-PAIR-0013-EN,C1_NAIVE_RAG,True,147,95,4092.906
EXT-PAIR-0013-KO,C1_NAIVE_RAG,True,173,128,4092.906
EXT-PAIR-0021-KO,C1_NAIVE_RAG,True,152,32,4092.906
EXT-PAIR-0026-EN,C1_NAIVE_RAG,True,136,128,4092.906
EXT-PAIR-0026-KO,C1_NAIVE_RAG,True,149,128,4104.908
EXT-PAIR-0027-KO,C1_NAIVE_RAG,True,158,128,4104.908
EXT-PAIR-0029-KO,C1_NAIVE_RAG,True,167,118,4104.908
EXT-PAIR-0030-EN,C1_NAIVE_RAG,True,145,128,4104.908
EXT-PAIR-0034-EN,C1_NAIVE_RAG,True,147,128,4104.908
EXT-PAIR-0035-KO,C1_NAIVE_RAG,True,179,90,4104.908
EXT-PAIR-0039-KO,C1_NAIVE_RAG,True,158,128,4104.908
EXT-PAIR-0040-EN,C1_NAIVE_RAG,True,143,128,4104.908
EXT-PAIR-0041-EN,C1_NAIVE_RAG,True,138,29,4104.908
EXT-PAIR-0043-KO,C1_NAIVE_RAG,True,173,128,4104.908
EXT-PAIR-0047-KO,C1_NAIVE_RAG,True,167,128,4104.908
EXT-PAIR-0048-EN,C1_NAIVE_RAG,True,143,31,4104.908
EXT-PAIR-0049-KO,C1_NAIVE_RAG,True,169,128,4104.908
EXT-PAIR-0055-EN,C1_NAIVE_RAG,True,142,128,4104.908
EXT-PAIR-0056-EN,C1_NAIVE_RAG,True,136,31,4104.908
EXT-PAIR-0063-KO,C1_NAIVE_RAG,True,155,128,4104.908
EXT-PAIR-0064-EN,C1_NAIVE_RAG,True,147,95,4098.908
EXT-PAIR-0072-EN,C1_NAIVE_RAG,True,144,128,4098.908
EXT-PAIR-0073-KO,C1_NAIVE_RAG,True,169,99,4098.908
EXT-PAIR-0078-KO,C1_NAIVE_RAG,True,159,128,4098.908
EXT-PAIR-0080-EN,C1_NAIVE_RAG,True,143,128,4098.908
EXT-PAIR-0080-KO,C1_NAIVE_RAG,True,178,128,4098.908
EXT-PAIR-0082-EN,C1_NAIVE_RAG,True,144,35,4098.908
EXT-PAIR-0083-KO,C1_NAIVE_RAG,True,170,128,4098.908
EXT-PAIR-0085-EN,C1_NAIVE_RAG,True,144,128,4098.908
EXT-PAIR-0088-EN,C1_NAIVE_RAG,True,144,32,4098.908
EXT-PAIR-0089-EN,C1_NAIVE_RAG,True,140,128,4098.908
EXT-PAIR-0091-EN,C1_NAIVE_RAG,True,139,33,4098.908
EXT-PAIR-0091-KO,C1_NAIVE_RAG,True,152,128,4098.908
EXT-PAIR-0094-EN,C1_NAIVE_RAG,True,147,95,4098.908
EXT-PAIR-0096-EN,C1_NAIVE_RAG,True,136,31,4098.908
EXT-PAIR-0099-KO,C1_NAIVE_RAG,True,158,128,4098.908
EXT-PAIR-0104-KO,C1_NAIVE_RAG,True,167,128,4110.908
EXT-PAIR-0109-KO,C1_NAIVE_RAG,True,169,128,4110.908
EXT-PAIR-0115-KO,C1_NAIVE_RAG,True,179,90,4110.908
EXT-PAIR-0116-KO,C1_NAIVE_RAG,True,151,128,4110.908
EXT-PAIR-0117-EN,C1_NAIVE_RAG,True,145,128,4110.908
EXT-PAIR-0121-EN,C1_NAIVE_RAG,True,135,128,4110.908
EXT-PAIR-0128-KO,C1_NAIVE_RAG,True,167,128,4110.908
EXT-PAIR-0136-KO,C1_NAIVE_RAG,True,149,128,4110.908
EXT-PAIR-0140-EN,C1_NAIVE_RAG,True,145,128,4110.908
EXT-PAIR-0140-KO,C1_NAIVE_RAG,True,180,96,4110.908
EXT-PAIR-0143-EN,C1_NAIVE_RAG,True,139,128,4110.908
EXT-PAIR-0144-EN,C1_NAIVE_RAG,True,146,128,4110.908
EXT-PAIR-0146-EN,C1_NAIVE_RAG,True,136,128,4110.908
EXT-PAIR-0148-EN,C1_NAIVE_RAG,True,146,36,4110.908
EXT-PAIR-0148-KO,C1_NAIVE_RAG,True,172,128,4110.908
EXT-PAIR-0149-KO,C1_NAIVE_RAG,True,167,118,4110.908
EXT-PAIR-0150-KO,C1_NAIVE_RAG,True,180,115,4110.908
EXT-PAIR-0152-KO,C1_NAIVE_RAG,True,168,128,4110.908
EXT-PAIR-0154-KO,C1_NAIVE_RAG,True,173,128,4110.908
EXT-PAIR-0157-KO,C1_NAIVE_RAG,True,172,128,4110.908
EXT-PAIR-0159-EN,C1_NAIVE_RAG,True,145,34,4110.908
EXT-PAIR-0161-EN,C1_NAIVE_RAG,True,138,29,4110.908
EXT-PAIR-0162-EN,C1_NAIVE_RAG,True,143,128,4110.908
EXT-PAIR-0166-EN,C1_NAIVE_RAG,True,139,30,4110.908
EXT-PAIR-0166-KO,C1_NAIVE_RAG,True,152,128,4110.908
EXT-PAIR-0167-EN,C1_NAIVE_RAG,True,140,29,4110.908
EXT-PAIR-0169-EN,C1_NAIVE_RAG,True,143,33,4110.908
EXT-PAIR-0170-EN,C1_NAIVE_RAG,True,142,128,4110.908
EXT-PAIR-0174-KO,C1_NAIVE_RAG,True,159,128,4110.908
EXT-PAIR-0175-EN,C1_NAIVE_RAG,True,142,128,4110.908
EXT-PAIR-0179-EN,C1_NAIVE_RAG,True,140,128,4110.908
EXT-PAIR-0184-KO,C1_NAIVE_RAG,True,173,128,4110.908
EXT-PAIR-0191-EN,C1_NAIVE_RAG,True,135,128,4104.908
EXT-PAIR-0191-KO,C1_NAIVE_RAG,True,148,128,4104.908
EXT-PAIR-0193-EN,C1_NAIVE_RAG,True,143,128,4104.908
EXT-PAIR-0194-EN,C1_NAIVE_RAG,True,140,31,4104.908
EXT-PAIR-0194-KO,C1_NAIVE_RAG,True,167,128,4104.908
EXT-PAIR-0195-EN,C1_NAIVE_RAG,True,144,128,4104.908
EXT-PAIR-0195-KO,C1_NAIVE_RAG,True,179,90,4104.908
EXT-PARAPHRASE-0003,C1_NAIVE_RAG,True,157,117,4104.908
EXT-PARAPHRASE-0004,C1_NAIVE_RAG,True,147,128,4104.908
EXT-PARAPHRASE-0005,C1_NAIVE_RAG,True,179,115,4104.908
EXT-PARAPHRASE-0020,C1_NAIVE_RAG,True,142,128,4104.908
EXT-PARAPHRASE-0026,C1_NAIVE_RAG,True,139,128,4104.908
EXT-PARAPHRASE-0028,C1_NAIVE_RAG,True,143,32,4104.908
EXT-PARAPHRASE-0030,C1_NAIVE_RAG,True,143,128,4104.908
EXT-PARAPHRASE-0034,C1_NAIVE_RAG,True,147,128,4104.908
EXT-PARAPHRASE-0039,C1_NAIVE_RAG,True,155,128,4104.908
EXT-PARAPHRASE-0069,C1_NAIVE_RAG,True,155,128,4044.9
EXT-PARAPHRASE-0076,C1_NAIVE_RAG,True,135,128,4044.9
EXT-PARAPHRASE-0080,C1_NAIVE_RAG,True,145,128,4044.9
EXT-PARAPHRASE-0091,C1_NAIVE_RAG,True,150,128,4044.9
EXT-PARAPHRASE-0097,C1_NAIVE_RAG,True,169,128,4044.9
EXT-PARAPHRASE-0101,C1_NAIVE_RAG,True,152,32,4044.9
EXT-PARAPHRASE-0114,C1_NAIVE_RAG,True,146,128,4044.9
EXT-PARAPHRASE-0121,C1_NAIVE_RAG,True,148,128,4044.9
EXT-PARAPHRASE-0150,C1_NAIVE_RAG,True,143,128,4044.9
EXT-PARAPHRASE-0154,C1_NAIVE_RAG,True,147,128,4044.9
EXT-PARAPHRASE-0158,C1_NAIVE_RAG,True,141,114,4044.9
EXT-PARAPHRASE-0159,C1_NAIVE_RAG,True,155,128,4044.9
EXT-PARAPHRASE-0162,C1_NAIVE_RAG,True,146,128,4044.9
EXT-PARAPHRASE-0166,C1_NAIVE_RAG,True,137,128,4044.9
EXT-PARAPHRASE-0172,C1_NAIVE_RAG,True,144,35,4044.9
EXT-PARAPHRASE-0176,C1_NAIVE_RAG,True,138,27,4044.9
EXT-PARAPHRASE-0183,C1_NAIVE_RAG,True,157,128,4290.932
EXT-PARAPHRASE-0191,C1_NAIVE_RAG,True,150,128,4290.932
EXT-PARAPHRASE-0194,C1_NAIVE_RAG,True,143,34,4290.932
EXT-PARAPHRASE-0197,C1_NAIVE_RAG,True,170,128,4290.932
EXT-POLICY_CONFLICT-0001,C1_NAIVE_RAG,True,179,128,4290.932
EXT-POLICY_CONFLICT-0010,C1_NAIVE_RAG,True,151,128,4290.932
EXT-POLICY_CONFLICT-0012,C1_NAIVE_RAG,True,148,128,4290.932
EXT-POLICY_CONFLICT-0015,C1_NAIVE_RAG,True,210,93,4290.932
EXT-POLICY_CONFLICT-0017,C1_NAIVE_RAG,True,197,128,4290.932
EXT-POLICY_CONFLICT-0019,C1_NAIVE_RAG,True,200,128,4290.932
EXT-POLICY_CONFLICT-0022,C1_NAIVE_RAG,True,151,33,4290.932
EXT-POLICY_CONFLICT-0027,C1_NAIVE_RAG,True,187,122,4290.932
EXT-POLICY_CONFLICT-0030,C1_NAIVE_RAG,True,149,128,4290.932
EXT-POLICY_CONFLICT-0034,C1_NAIVE_RAG,True,153,109,4290.932
EXT-POLICY_CONFLICT-0043,C1_NAIVE_RAG,True,202,128,4290.932
EXT-POLICY_CONFLICT-0044,C1_NAIVE_RAG,True,148,34,4290.932
EXT-POLICY_CONFLICT-0055,C1_NAIVE_RAG,True,210,93,4290.932
EXT-POLICY_CONFLICT-0056,C1_NAIVE_RAG,True,144,35,4290.932
EXT-POLICY_CONFLICT-0057,C1_NAIVE_RAG,True,186,128,4290.932
EXT-POLICY_CONFLICT-0060,C1_NAIVE_RAG,True,148,128,4290.932
EXT-POLICY_CONFLICT-0061,C1_NAIVE_RAG,True,183,128,4290.932
EXT-POLICY_CONFLICT-0062,C1_NAIVE_RAG,True,146,128,4290.932
EXT-POLICY_CONFLICT-0065,C1_NAIVE_RAG,True,207,128,4290.932
EXT-POLICY_CONFLICT-0066,C1_NAIVE_RAG,True,145,128,4290.932
EXT-POLICY_CONFLICT-0071,C1_NAIVE_RAG,True,181,128,4290.932
EXT-POLICY_CONFLICT-0073,C1_NAIVE_RAG,True,200,128,4290.932
EXT-POLICY_CONFLICT-0075,C1_NAIVE_RAG,True,208,128,4290.932
EXT-POLICY_CONFLICT-0080,C1_NAIVE_RAG,True,151,128,4290.932
EXT-POLICY_CONFLICT-0081,C1_NAIVE_RAG,True,179,128,4290.932
EXT-POLICY_CONFLICT-0086,C1_NAIVE_RAG,True,143,30,4290.932
EXT-POLICY_CONFLICT-0091,C1_NAIVE_RAG,True,181,128,4290.932
EXT-POLICY_CONFLICT-0094,C1_NAIVE_RAG,True,153,109,4290.932
EXT-POLICY_CONFLICT-0095,C1_NAIVE_RAG,True,210,93,4550.819
EXT-POLICY_CONFLICT-0098,C1_NAIVE_RAG,True,148,90,4550.819
EXT-POLICY_CONFLICT-0099,C1_NAIVE_RAG,True,186,128,4550.819
EXT-POLICY_CONFLICT-0100,C1_NAIVE_RAG,True,148,128,4550.819
SEC3B-000-EN,C1_NAIVE_RAG,True,606,128,4550.819
SEC3B-000-KO,C1_NAIVE_RAG,True,634,128,4550.819
SEC3B-001-KO,C1_NAIVE_RAG,True,634,128,4550.819
SEC3B-002-EN,C1_NAIVE_RAG,True,623,128,4550.819
SEC3B-005-EN,C1_NAIVE_RAG,True,628,128,4637.828
SEC3B-005-KO,C1_NAIVE_RAG,True,656,128,4637.828
SEC3B-009-KO,C1_NAIVE_RAG,True,642,128,4637.828
SEC3B-010-EN,C1_NAIVE_RAG,True,629,128,4637.828
SEC3B-012-EN,C1_NAIVE_RAG,True,635,128,4637.828
SEC3B-012-KO,C1_NAIVE_RAG,True,663,128,4637.828
SEC3B-013-EN,C1_NAIVE_RAG,True,635,128,4637.828
SEC3B-014-KO,C1_NAIVE_RAG,True,647,128,4637.828
SEC3B-015-EN,C1_NAIVE_RAG,True,619,128,4679.834
SEC3B-016-EN,C1_NAIVE_RAG,True,627,128,4679.834
SEC3B-016-KO,C1_NAIVE_RAG,True,655,128,4679.834
SEC3B-018-EN,C1_NAIVE_RAG,True,644,128,4679.834
SEC3B-020-EN,C1_NAIVE_RAG,True,649,128,4679.834
SEC3B-020-KO,C1_NAIVE_RAG,True,677,128,4679.834
SEC3B-021-KO,C1_NAIVE_RAG,True,677,128,4679.834
SEC3B-023-EN,C1_NAIVE_RAG,True,632,128,4679.834
SEC3B-025-EN,C1_NAIVE_RAG,True,622,128,4661.831
SEC3B-025-KO,C1_NAIVE_RAG,True,650,128,4661.831
SEC3B-026-EN,C1_NAIVE_RAG,True,638,128,4661.831
SEC3B-028-KO,C1_NAIVE_RAG,True,671,128,4661.831
SEC3B-030-EN,C1_NAIVE_RAG,True,603,128,4661.831
SEC3B-030-KO,C1_NAIVE_RAG,True,631,128,4661.831
SEC3B-031-EN,C1_NAIVE_RAG,True,603,128,4661.831
SEC3B-032-EN,C1_NAIVE_RAG,True,620,128,4661.831
SEC3B-032-KO,C1_NAIVE_RAG,True,648,128,4723.088
SEC3B-034-EN,C1_NAIVE_RAG,True,624,128,4723.088
SEC3B-037-KO,C1_NAIVE_RAG,True,635,128,4723.088
SEC3B-038-KO,C1_NAIVE_RAG,True,671,128,4723.088
SEC3B-039-EN,C1_NAIVE_RAG,True,643,128,4723.088
SEC3B-040-KO,C1_NAIVE_RAG,True,686,128,4723.088
SEC3B-043-EN,C1_NAIVE_RAG,True,663,128,4723.088
SEC3B-043-KO,C1_NAIVE_RAG,True,691,128,4723.088
SEC3B-044-KO,C1_NAIVE_RAG,True,675,128,4673.834
SEC3B-045-EN,C1_NAIVE_RAG,True,647,128,4673.834
SEC3B-048-KO,C1_NAIVE_RAG,True,670,128,4673.834
SEC3B-050-EN,C1_NAIVE_RAG,True,647,128,4673.834
SEC3B-051-KO,C1_NAIVE_RAG,True,675,128,4673.834
SEC3B-052-EN,C1_NAIVE_RAG,True,631,128,4673.834
SEC3B-053-EN,C1_NAIVE_RAG,True,631,128,4673.834
SEC3B-054-KO,C1_NAIVE_RAG,True,646,128,4673.834
SEC3B-059-EN,C1_NAIVE_RAG,True,639,128,4670.834
SEC3B-060-EN,C1_NAIVE_RAG,True,623,128,4670.834
SEC3B-061-EN,C1_NAIVE_RAG,True,623,128,4670.834
SEC3B-069-KO,C1_NAIVE_RAG,True,652,128,4670.834
SEC3B-071-EN,C1_NAIVE_RAG,True,642,128,4670.834
SEC3B-072-EN,C1_NAIVE_RAG,True,646,128,4670.834
SEC3B-073-KO,C1_NAIVE_RAG,True,674,128,4670.834
SEC3B-076-EN,C1_NAIVE_RAG,True,607,128,4670.834
SEC3B-077-EN,C1_NAIVE_RAG,True,607,128,4667.833
SEC3B-078-EN,C1_NAIVE_RAG,True,623,128,4667.833
SEC3B-081-KO,C1_NAIVE_RAG,True,656,128,4667.833
SEC3B-082-EN,C1_NAIVE_RAG,True,624,128,4667.833
SEC3B-084-EN,C1_NAIVE_RAG,True,640,128,4667.833
SEC3B-086-KO,C1_NAIVE_RAG,True,673,128,4667.833
SEC3B-087-KO,C1_NAIVE_RAG,True,673,128,4667.833
SEC3B-088-EN,C1_NAIVE_RAG,True,629,128,4667.833
SEC3B-089-EN,C1_NAIVE_RAG,True,629,128,4598.825
SEC3B-090-EN,C1_NAIVE_RAG,True,605,128,4598.825
SEC3B-090-KO,C1_NAIVE_RAG,True,633,128,4598.825
SEC3B-093-EN,C1_NAIVE_RAG,True,622,128,4598.825
SEC3B-093-KO,C1_NAIVE_RAG,True,650,128,4598.825
SEC3B-099-KO,C1_NAIVE_RAG,True,636,128,4598.825
V2C-0004,C1_NAIVE_RAG,True,254,128,4598.825
V2C-0010,C1_NAIVE_RAG,True,260,128,4598.825
V2C-0016,C1_NAIVE_RAG,True,254,128,3428.679
V2C-0018,C1_NAIVE_RAG,True,260,128,3428.679
V2C-0020,C1_NAIVE_RAG,True,254,128,3428.679
V2C-0026,C1_NAIVE_RAG,True,260,128,3428.679
V2C-0027,C1_NAIVE_RAG,True,232,95,3428.679
V2C-0030,C1_NAIVE_RAG,True,260,128,3428.679
V2C-0032,C1_NAIVE_RAG,True,254,128,3428.679
V2C-0034,C1_NAIVE_RAG,True,260,128,3428.679
V2C-0048,C1_NAIVE_RAG,True,254,128,4590.968
V2C-0056,C1_NAIVE_RAG,True,254,128,4590.968
V2C-0061,C1_NAIVE_RAG,True,226,128,4590.968
V2C-0066,C1_NAIVE_RAG,True,260,128,4590.968
V2C-0072,C1_NAIVE_RAG,True,254,128,4590.968
V2C-0078,C1_NAIVE_RAG,True,260,128,4590.968
V2C-0084,C1_NAIVE_RAG,True,254,128,4590.968
V2C-0087,C1_NAIVE_RAG,True,232,95,4590.968
V2C-0116,C1_NAIVE_RAG,True,254,128,4590.968
V2C-0127,C1_NAIVE_RAG,True,232,95,4590.968
V2C-0128,C1_NAIVE_RAG,True,254,128,4590.968
V2C-0137,C1_NAIVE_RAG,True,226,128,4590.968
V2C-0148,C1_NAIVE_RAG,True,254,128,4590.968
V2C-0156,C1_NAIVE_RAG,True,254,128,4590.968
V2C-0172,C1_NAIVE_RAG,True,254,128,4590.968
V2C-0176,C1_NAIVE_RAG,True,254,128,4590.968
V2C-0181,C1_NAIVE_RAG,True,226,128,4590.968
V2C-0184,C1_NAIVE_RAG,True,254,128,4590.968
V2C-0197,C1_NAIVE_RAG,True,226,92,4590.968
V2C-0201,C1_NAIVE_RAG,True,226,128,4590.968
V2C-0202,C1_NAIVE_RAG,True,260,128,4590.968
V2C-0207,C1_NAIVE_RAG,True,232,95,4590.968
V2C-0210,C1_NAIVE_RAG,True,260,128,4590.968
V2C-0219,C1_NAIVE_RAG,True,232,95,4590.968
V2C-0221,C1_NAIVE_RAG,True,226,128,4590.968
V2C-0223,C1_NAIVE_RAG,True,232,95,4590.968
V2C-0229,C1_NAIVE_RAG,True,226,92,4590.968
V2C-0263,C1_NAIVE_RAG,True,232,95,4590.968
V2C-0265,C1_NAIVE_RAG,True,226,92,4590.968
V2C-0274,C1_NAIVE_RAG,True,260,128,4590.968
V2C-0276,C1_NAIVE_RAG,True,254,128,4590.968
V2C-0297,C1_NAIVE_RAG,True,226,92,4590.968
V2C-0298,C1_NAIVE_RAG,True,260,95,4590.968
V2C-0300,C1_NAIVE_RAG,True,254,128,4590.968
V2C-0328,C1_NAIVE_RAG,True,254,128,4590.968
V2C-0342,C1_NAIVE_RAG,True,260,128,4590.968
V2C-0348,C1_NAIVE_RAG,True,254,128,4590.968
V2C-0351,C1_NAIVE_RAG,True,232,95,4590.968
V2C-0354,C1_NAIVE_RAG,True,260,128,4590.968
V2C-0357,C1_NAIVE_RAG,True,226,128,4590.968
V2C-0360,C1_NAIVE_RAG,True,254,128,4590.968
V2C-0365,C1_NAIVE_RAG,True,226,92,4590.968
V2C-0369,C1_NAIVE_RAG,True,226,92,4590.968
V2C-0370,C1_NAIVE_RAG,True,260,128,4590.968
V2C-0374,C1_NAIVE_RAG,True,260,128,4590.968
V2C-0380,C1_NAIVE_RAG,True,254,128,4590.968
V2C-0384,C1_NAIVE_RAG,True,254,128,4590.968
V2C-0396,C1_NAIVE_RAG,True,254,128,4590.968
V2C-0399,C1_NAIVE_RAG,True,232,95,4590.968
V2C-0400,C1_NAIVE_RAG,True,254,128,4590.968
V2C-0401,C1_NAIVE_RAG,True,228,93,4590.968
V2C-0403,C1_NAIVE_RAG,True,233,96,4590.968
V2C-0409,C1_NAIVE_RAG,True,228,93,4590.968
V2C-0415,C1_NAIVE_RAG,True,233,96,4590.968
V2C-0418,C1_NAIVE_RAG,True,260,128,4590.968
V2C-0424,C1_NAIVE_RAG,True,254,128,4590.968
V2C-0427,C1_NAIVE_RAG,True,233,96,4590.968
V2C-0430,C1_NAIVE_RAG,True,260,128,4590.968
V2C-0431,C1_NAIVE_RAG,True,233,96,4590.968
V2C-0458,C1_NAIVE_RAG,True,260,128,4590.968
V2C-0462,C1_NAIVE_RAG,True,260,128,4590.968
V2C-0478,C1_NAIVE_RAG,True,260,128,4590.968
V2C-0487,C1_NAIVE_RAG,True,233,96,4590.968
V2C-0502,C1_NAIVE_RAG,True,260,128,4590.968
V2C-0505,C1_NAIVE_RAG,True,228,93,4590.968
V2C-0512,C1_NAIVE_RAG,True,254,128,4590.968
V2C-0528,C1_NAIVE_RAG,True,254,128,4590.968
V2C-0530,C1_NAIVE_RAG,True,260,128,4590.968
V2C-0532,C1_NAIVE_RAG,True,254,128,4590.968
V2C-0533,C1_NAIVE_RAG,True,228,93,4590.968
V2C-0536,C1_NAIVE_RAG,True,254,128,4590.968
V2C-0560,C1_NAIVE_RAG,True,254,128,4590.968
V2C-0575,C1_NAIVE_RAG,True,233,96,4590.968
V2C-0589,C1_NAIVE_RAG,True,228,93,4590.968
V2C-0604,C1_NAIVE_RAG,True,254,128,4590.968
V2C-0606,C1_NAIVE_RAG,True,260,128,4590.968
V2C-0611,C1_NAIVE_RAG,True,233,96,4590.968
V2C-0615,C1_NAIVE_RAG,True,233,96,4590.968
V2C-0617,C1_NAIVE_RAG,True,228,93,4590.968
V2C-0621,C1_NAIVE_RAG,True,228,93,4590.968
V2C-0630,C1_NAIVE_RAG,True,260,128,4590.968
V2C-0632,C1_NAIVE_RAG,True,254,128,4590.968
V2C-0635,C1_NAIVE_RAG,True,233,96,4590.968
V2C-0653,C1_NAIVE_RAG,True,228,93,4590.968
V2C-0658,C1_NAIVE_RAG,True,260,128,4590.968
V2C-0670,C1_NAIVE_RAG,True,260,128,4590.968
V2C-0674,C1_NAIVE_RAG,True,260,128,4590.968
V2C-0681,C1_NAIVE_RAG,True,228,93,4590.968
V2C-0698,C1_NAIVE_RAG,True,260,128,4590.968
V2C-0700,C1_NAIVE_RAG,True,254,128,4590.968
V2C-0701,C1_NAIVE_RAG,True,228,93,4590.968
V2C-0708,C1_NAIVE_RAG,True,254,128,4590.968
V2C-0714,C1_NAIVE_RAG,True,260,128,4590.968
V2C-0717,C1_NAIVE_RAG,True,228,93,4590.968
V2C-0718,C1_NAIVE_RAG,True,260,95,4590.968
V2C-0722,C1_NAIVE_RAG,True,260,95,4590.968
V2C-0729,C1_NAIVE_RAG,True,228,93,4590.968
V2C-0735,C1_NAIVE_RAG,True,233,96,4590.968
V2C-0738,C1_NAIVE_RAG,True,260,95,4590.968
V2C-0744,C1_NAIVE_RAG,True,254,128,4590.968
V2C-0745,C1_NAIVE_RAG,True,228,93,4590.968
V2C-0757,C1_NAIVE_RAG,True,228,93,4590.968
V2C-0761,C1_NAIVE_RAG,True,228,93,4590.968
V2C-0767,C1_NAIVE_RAG,True,233,96,4590.968
V2C-0772,C1_NAIVE_RAG,True,254,128,4590.968
V2C-0773,C1_NAIVE_RAG,True,228,93,4590.968
V2C-0787,C1_NAIVE_RAG,True,233,96,4590.968
V2C-0790,C1_NAIVE_RAG,True,260,128,4590.968
V2C-0795,C1_NAIVE_RAG,True,233,96,4590.968
V2C-0796,C1_NAIVE_RAG,True,254,128,4590.968
V2C-0797,C1_NAIVE_RAG,True,228,93,4590.968
V2C-0801,C1_NAIVE_RAG,True,228,93,4590.968
V2C-0803,C1_NAIVE_RAG,True,233,96,4590.968
V2C-0811,C1_NAIVE_RAG,True,233,96,4590.968
V2C-0813,C1_NAIVE_RAG,True,228,93,4590.968
V2C-0815,C1_NAIVE_RAG,True,233,96,4590.968
V2C-0827,C1_NAIVE_RAG,True,233,96,4590.968
V2C-0835,C1_NAIVE_RAG,True,233,96,4590.968
V2C-0839,C1_NAIVE_RAG,True,233,96,4590.968
V2C-0842,C1_NAIVE_RAG,True,260,128,4590.968
V2C-0844,C1_NAIVE_RAG,True,254,128,4590.968
V2C-0847,C1_NAIVE_RAG,True,233,96,4590.968
V2C-0850,C1_NAIVE_RAG,True,260,128,4590.968
V2C-0851,C1_NAIVE_RAG,True,233,96,4590.968
V2C-0859,C1_NAIVE_RAG,True,233,96,4590.968
V2C-0862,C1_NAIVE_RAG,True,260,128,4590.968
V2C-0863,C1_NAIVE_RAG,True,233,96,4590.968
V2C-0867,C1_NAIVE_RAG,True,233,96,4590.968
V2C-0881,C1_NAIVE_RAG,True,228,93,4590.968
V2C-0886,C1_NAIVE_RAG,True,260,128,4590.968
V2C-0900,C1_NAIVE_RAG,True,254,128,4590.968
V2C-0901,C1_NAIVE_RAG,True,228,93,4590.968
V2C-0902,C1_NAIVE_RAG,True,260,128,4590.968
V2C-0903,C1_NAIVE_RAG,True,233,96,4590.968
V2C-0904,C1_NAIVE_RAG,True,254,128,4590.968
V2C-0907,C1_NAIVE_RAG,True,233,96,4590.968
V2C-0908,C1_NAIVE_RAG,True,254,128,4590.968
V2C-0909,C1_NAIVE_RAG,True,228,93,4590.968
V2C-0911,C1_NAIVE_RAG,True,233,96,4590.968
V2C-0912,C1_NAIVE_RAG,True,254,128,4590.968
V2C-0913,C1_NAIVE_RAG,True,228,93,4590.968
V2C-0914,C1_NAIVE_RAG,True,260,128,4590.968
V2C-0915,C1_NAIVE_RAG,True,233,96,4590.968
V2C-0916,C1_NAIVE_RAG,True,254,128,4590.968
V2C-0917,C1_NAIVE_RAG,True,228,93,4590.968
V2C-0918,C1_NAIVE_RAG,True,260,128,4590.968
V2C-0919,C1_NAIVE_RAG,True,233,96,4590.968
V2C-0921,C1_NAIVE_RAG,True,228,93,4590.968
V2C-0922,C1_NAIVE_RAG,True,260,128,4590.968
V2C-0923,C1_NAIVE_RAG,True,233,96,4590.968
V2C-0925,C1_NAIVE_RAG,True,228,93,4590.968
V2C-0926,C1_NAIVE_RAG,True,260,128,4590.968
V2C-0927,C1_NAIVE_RAG,True,233,96,4590.968
V2C-0928,C1_NAIVE_RAG,True,254,128,4590.968
V2C-0929,C1_NAIVE_RAG,True,228,93,4590.968
V2C-0930,C1_NAIVE_RAG,True,260,128,4590.968
V2C-0931,C1_NAIVE_RAG,True,233,96,4590.968
V2C-0932,C1_NAIVE_RAG,True,254,128,4590.968
V2C-0935,C1_NAIVE_RAG,True,233,96,4590.968
V2C-0936,C1_NAIVE_RAG,True,254,128,4590.968
V2C-0937,C1_NAIVE_RAG,True,228,93,4590.968
V2C-0938,C1_NAIVE_RAG,True,260,95,4590.968
V2C-0940,C1_NAIVE_RAG,True,254,128,4590.968
V2C-0941,C1_NAIVE_RAG,True,228,93,4590.968
V2C-0942,C1_NAIVE_RAG,True,260,95,4590.968
V2C-0944,C1_NAIVE_RAG,True,254,128,4590.968
V2C-0945,C1_NAIVE_RAG,True,228,93,4590.968
V2C-0947,C1_NAIVE_RAG,True,233,96,4590.968
V2C-0949,C1_NAIVE_RAG,True,228,93,4590.968
V2C-0950,C1_NAIVE_RAG,True,260,128,4590.968
V2C-0953,C1_NAIVE_RAG,True,228,93,4590.968
V2C-0954,C1_NAIVE_RAG,True,260,128,4590.968
V2C-0955,C1_NAIVE_RAG,True,233,96,4590.968
V2C-0957,C1_NAIVE_RAG,True,228,93,4590.968
V2C-0958,C1_NAIVE_RAG,True,260,128,4590.968
V2C-0960,C1_NAIVE_RAG,True,254,128,4590.968
V2C-0961,C1_NAIVE_RAG,True,228,93,4590.968
V2C-0965,C1_NAIVE_RAG,True,228,93,4590.968
V2C-0966,C1_NAIVE_RAG,True,260,95,4590.968
V2C-0969,C1_NAIVE_RAG,True,228,93,4590.968
V2C-0970,C1_NAIVE_RAG,True,260,128,4590.968
V2C-0972,C1_NAIVE_RAG,True,254,128,4590.968
V2C-0973,C1_NAIVE_RAG,True,228,93,4590.968
V2C-0974,C1_NAIVE_RAG,True,260,128,4590.968
V2C-0976,C1_NAIVE_RAG,True,254,128,4590.968
V2C-0977,C1_NAIVE_RAG,True,228,93,4590.968
V2C-0978,C1_NAIVE_RAG,True,260,128,4590.968
V2C-0979,C1_NAIVE_RAG,True,233,96,4590.968
V2C-0980,C1_NAIVE_RAG,True,254,128,4590.968
V2C-0981,C1_NAIVE_RAG,True,228,93,4590.968
V2C-0982,C1_NAIVE_RAG,True,260,128,4590.968
V2C-0988,C1_NAIVE_RAG,True,254,128,4590.968
V2C-0989,C1_NAIVE_RAG,True,228,93,4590.968
V2C-0990,C1_NAIVE_RAG,True,260,128,4590.968
V2C-0991,C1_NAIVE_RAG,True,233,96,4590.968
V2C-0994,C1_NAIVE_RAG,True,260,128,4590.968
V2C-0996,C1_NAIVE_RAG,True,254,128,4590.968
V2C-0999,C1_NAIVE_RAG,True,233,96,4590.968
V2C-1000,C1_NAIVE_RAG,True,141,128,4590.968
V2C-1001,C1_NAIVE_RAG,True,133,23,4590.968
V2C-1002,C1_NAIVE_RAG,True,144,128,4590.968
V2C-1003,C1_NAIVE_RAG,True,135,128,4590.968
V2C-1010,C1_NAIVE_RAG,True,144,128,4590.968
V2C-1011,C1_NAIVE_RAG,True,135,128,4590.968
V2C-1012,C1_NAIVE_RAG,True,141,128,4590.968
V2C-1013,C1_NAIVE_RAG,True,133,23,4590.968
V2C-1014,C1_NAIVE_RAG,True,144,120,4590.968
V2C-1015,C1_NAIVE_RAG,True,135,128,4590.968
V2C-1016,C1_NAIVE_RAG,True,141,23,3894.881
V2C-1017,C1_NAIVE_RAG,True,133,23,3894.881
V2C-1019,C1_NAIVE_RAG,True,135,128,3894.881
V2C-1020,C1_NAIVE_RAG,True,141,128,3894.881
V2C-1022,C1_NAIVE_RAG,True,144,128,3894.881
V2C-1024,C1_NAIVE_RAG,True,141,128,3894.881
V2C-1025,C1_NAIVE_RAG,True,133,23,3894.881
V2C-1026,C1_NAIVE_RAG,True,144,128,3894.881
V2C-1028,C1_NAIVE_RAG,True,141,128,3894.881
V2C-1030,C1_NAIVE_RAG,True,144,128,3894.881
V2C-1032,C1_NAIVE_RAG,True,141,128,3894.881
V2C-1033,C1_NAIVE_RAG,True,133,23,3894.881
V2C-1035,C1_NAIVE_RAG,True,135,128,3894.881
V2C-1036,C1_NAIVE_RAG,True,141,23,3894.881
V2C-1037,C1_NAIVE_RAG,True,133,23,3894.881
V2C-1039,C1_NAIVE_RAG,True,135,128,3894.881
V2C-1040,C1_NAIVE_RAG,True,141,125,3979.061
V2C-1043,C1_NAIVE_RAG,True,135,128,3979.061
V2C-1045,C1_NAIVE_RAG,True,133,23,3979.061
V2C-1046,C1_NAIVE_RAG,True,144,122,3979.061
V2C-1047,C1_NAIVE_RAG,True,135,128,3979.061
V2C-1049,C1_NAIVE_RAG,True,133,23,3979.061
V2C-1050,C1_NAIVE_RAG,True,158,77,3979.061
V2C-1055,C1_NAIVE_RAG,True,139,31,3979.061
V2C-1057,C1_NAIVE_RAG,True,139,31,3979.061
V2C-1061,C1_NAIVE_RAG,True,139,31,3979.061
V2C-1065,C1_NAIVE_RAG,True,139,31,3979.061
V2C-1070,C1_NAIVE_RAG,True,158,77,3979.061
V2C-1074,C1_NAIVE_RAG,True,158,128,3979.061
V2C-1076,C1_NAIVE_RAG,True,158,77,3979.061
V2C-1077,C1_NAIVE_RAG,True,139,31,3979.061
V2C-1079,C1_NAIVE_RAG,True,139,31,3979.061
V2C-1080,C1_NAIVE_RAG,True,158,91,3979.061
V2C-1082,C1_NAIVE_RAG,True,158,92,3979.061
V2C-1087,C1_NAIVE_RAG,True,139,31,3979.061
V2C-1088,C1_NAIVE_RAG,True,158,80,3979.061
V2C-1091,C1_NAIVE_RAG,True,139,31,3979.061
V2C-1093,C1_NAIVE_RAG,True,139,31,3979.061
V2C-1095,C1_NAIVE_RAG,True,139,31,3979.061
V2C-1096,C1_NAIVE_RAG,True,158,77,3979.061
V2C-1104,C1_NAIVE_RAG,True,155,77,3979.061
V2C-1107,C1_NAIVE_RAG,True,143,128,3979.061
V2C-1109,C1_NAIVE_RAG,True,141,128,3979.061
V2C-1110,C1_NAIVE_RAG,True,158,128,3979.061
V2C-1115,C1_NAIVE_RAG,True,143,128,3979.061
V2C-1116,C1_NAIVE_RAG,True,155,77,3979.061
V2C-1118,C1_NAIVE_RAG,True,158,128,3979.061
V2C-1119,C1_NAIVE_RAG,True,143,128,3979.061
V2C-1120,C1_NAIVE_RAG,True,155,77,4590.968
V2C-1123,C1_NAIVE_RAG,True,143,128,4590.968
V2C-1127,C1_NAIVE_RAG,True,143,128,4590.968
V2C-1128,C1_NAIVE_RAG,True,155,77,4590.968
V2C-1130,C1_NAIVE_RAG,True,158,128,4590.968
V2C-1133,C1_NAIVE_RAG,True,141,125,4590.968
V2C-1139,C1_NAIVE_RAG,True,143,128,4590.968
V2C-1141,C1_NAIVE_RAG,True,141,128,4590.968
V2C-1154,C1_NAIVE_RAG,True,260,128,4590.968
V2C-1155,C1_NAIVE_RAG,True,233,96,4590.968
V2C-1156,C1_NAIVE_RAG,True,254,128,4590.968
V2C-1158,C1_NAIVE_RAG,True,260,128,4590.968
V2C-1160,C1_NAIVE_RAG,True,254,128,4590.968
V2C-1162,C1_NAIVE_RAG,True,260,128,4590.968
V2C-1163,C1_NAIVE_RAG,True,233,128,4590.968
V2C-1164,C1_NAIVE_RAG,True,254,128,4590.968
V2C-1171,C1_NAIVE_RAG,True,233,96,3428.679
V2C-1173,C1_NAIVE_RAG,True,228,97,3428.679
V2C-1175,C1_NAIVE_RAG,True,233,96,3428.679
V2C-1178,C1_NAIVE_RAG,True,260,128,3428.679
V2C-1187,C1_NAIVE_RAG,True,233,96,3428.679
V2C-1190,C1_NAIVE_RAG,True,260,128,3428.679
V2C-1194,C1_NAIVE_RAG,True,260,128,3428.679
V2C-1199,C1_NAIVE_RAG,True,233,96,3428.679
EXT-ADVERSARIAL-0002,C2_RAG_EXISTENCE_CHECK,True,153,128,3239.655
EXT-ADVERSARIAL-0003,C2_RAG_EXISTENCE_CHECK,True,175,76,3239.655
EXT-ADVERSARIAL-0005,C2_RAG_EXISTENCE_CHECK,True,197,128,3239.655
EXT-ADVERSARIAL-0014,C2_RAG_EXISTENCE_CHECK,True,153,34,3239.655
EXT-ADVERSARIAL-0015,C2_RAG_EXISTENCE_CHECK,True,197,82,3239.655
EXT-ADVERSARIAL-0018,C2_RAG_EXISTENCE_CHECK,True,156,128,3239.655
EXT-ADVERSARIAL-0021,C2_RAG_EXISTENCE_CHECK,True,170,90,3239.655
EXT-ADVERSARIAL-0025,C2_RAG_EXISTENCE_CHECK,True,194,74,3239.655
EXT-ADVERSARIAL-0026,C2_RAG_EXISTENCE_CHECK,True,149,128,3197.648
EXT-ADVERSARIAL-0028,C2_RAG_EXISTENCE_CHECK,True,153,36,3197.648
EXT-ADVERSARIAL-0029,C2_RAG_EXISTENCE_CHECK,True,183,128,3197.648
EXT-ADVERSARIAL-0031,C2_RAG_EXISTENCE_CHECK,True,168,79,3197.648
EXT-ADVERSARIAL-0032,C2_RAG_EXISTENCE_CHECK,True,153,123,3197.648
EXT-ADVERSARIAL-0034,C2_RAG_EXISTENCE_CHECK,True,157,109,3197.648
EXT-ADVERSARIAL-0039,C2_RAG_EXISTENCE_CHECK,True,173,83,3197.648
EXT-ADVERSARIAL-0044,C2_RAG_EXISTENCE_CHECK,True,153,34,3197.648
EXT-ADVERSARIAL-0050,C2_RAG_EXISTENCE_CHECK,True,154,89,3209.651
EXT-ADVERSARIAL-0051,C2_RAG_EXISTENCE_CHECK,True,168,128,3209.651
EXT-ADVERSARIAL-0056,C2_RAG_EXISTENCE_CHECK,True,148,128,3209.651
EXT-ADVERSARIAL-0058,C2_RAG_EXISTENCE_CHECK,True,157,128,3209.651
EXT-ADVERSARIAL-0061,C2_RAG_EXISTENCE_CHECK,True,170,90,3209.651
EXT-ADVERSARIAL-0063,C2_RAG_EXISTENCE_CHECK,True,175,74,3209.651
EXT-ADVERSARIAL-0071,C2_RAG_EXISTENCE_CHECK,True,168,79,3209.651
EXT-ADVERSARIAL-0073,C2_RAG_EXISTENCE_CHECK,True,187,128,3209.651
EXT-ADVERSARIAL-0076,C2_RAG_EXISTENCE_CHECK,True,145,91,3239.655
EXT-ADVERSARIAL-0078,C2_RAG_EXISTENCE_CHECK,True,154,128,3239.655
EXT-ADVERSARIAL-0082,C2_RAG_EXISTENCE_CHECK,True,157,112,3239.655
EXT-ADVERSARIAL-0084,C2_RAG_EXISTENCE_CHECK,True,156,128,3239.655
EXT-ADVERSARIAL-0085,C2_RAG_EXISTENCE_CHECK,True,197,128,3239.655
EXT-ADVERSARIAL-0089,C2_RAG_EXISTENCE_CHECK,True,183,128,3239.655
EXT-ADVERSARIAL-0093,C2_RAG_EXISTENCE_CHECK,True,177,81,3239.655
EXT-ADVERSARIAL-0095,C2_RAG_EXISTENCE_CHECK,True,197,82,3239.655
EXT-ADVERSARIAL-0097,C2_RAG_EXISTENCE_CHECK,True,187,85,3209.651
EXT-ADVERSARIAL-0098,C2_RAG_EXISTENCE_CHECK,True,153,128,3209.651
EXT-AMBIGUOUS-0003,C2_RAG_EXISTENCE_CHECK,False,0,0,0.0
EXT-AMBIGUOUS-0004,C2_RAG_EXISTENCE_CHECK,False,0,0,0.0
EXT-AMBIGUOUS-0014,C2_RAG_EXISTENCE_CHECK,False,0,0,0.0
EXT-AMBIGUOUS-0015,C2_RAG_EXISTENCE_CHECK,False,0,0,0.0
EXT-AMBIGUOUS-0024,C2_RAG_EXISTENCE_CHECK,False,0,0,0.0
EXT-AMBIGUOUS-0026,C2_RAG_EXISTENCE_CHECK,False,0,0,0.0
EXT-AMBIGUOUS-0028,C2_RAG_EXISTENCE_CHECK,False,0,0,0.0
EXT-AMBIGUOUS-0033,C2_RAG_EXISTENCE_CHECK,False,0,0,0.0
EXT-AMBIGUOUS-0035,C2_RAG_EXISTENCE_CHECK,False,0,0,0.0
EXT-AMBIGUOUS-0039,C2_RAG_EXISTENCE_CHECK,False,0,0,0.0
EXT-AMBIGUOUS-0041,C2_RAG_EXISTENCE_CHECK,False,0,0,0.0
EXT-AMBIGUOUS-0044,C2_RAG_EXISTENCE_CHECK,False,0,0,0.0
EXT-AMBIGUOUS-0049,C2_RAG_EXISTENCE_CHECK,False,0,0,0.0
EXT-AMBIGUOUS-0050,C2_RAG_EXISTENCE_CHECK,False,0,0,0.0
EXT-INVALID_ENTITY-0004,C2_RAG_EXISTENCE_CHECK,False,0,0,0.0
EXT-INVALID_ENTITY-0006,C2_RAG_EXISTENCE_CHECK,False,0,0,0.0
EXT-INVALID_ENTITY-0009,C2_RAG_EXISTENCE_CHECK,False,0,0,0.0
EXT-INVALID_ENTITY-0011,C2_RAG_EXISTENCE_CHECK,False,0,0,0.0
EXT-INVALID_ENTITY-0013,C2_RAG_EXISTENCE_CHECK,False,0,0,0.0
EXT-INVALID_ENTITY-0022,C2_RAG_EXISTENCE_CHECK,False,0,0,0.0
EXT-INVALID_ENTITY-0026,C2_RAG_EXISTENCE_CHECK,False,0,0,0.0
EXT-INVALID_ENTITY-0033,C2_RAG_EXISTENCE_CHECK,False,0,0,0.0
EXT-INVALID_ENTITY-0034,C2_RAG_EXISTENCE_CHECK,False,0,0,0.0
EXT-INVALID_ENTITY-0035,C2_RAG_EXISTENCE_CHECK,False,0,0,0.0
EXT-INVALID_ENTITY-0036,C2_RAG_EXISTENCE_CHECK,False,0,0,0.0
EXT-INVALID_ENTITY-0037,C2_RAG_EXISTENCE_CHECK,False,0,0,0.0
EXT-INVALID_ENTITY-0038,C2_RAG_EXISTENCE_CHECK,False,0,0,0.0
EXT-INVALID_ENTITY-0039,C2_RAG_EXISTENCE_CHECK,False,0,0,0.0
EXT-INVALID_ENTITY-0040,C2_RAG_EXISTENCE_CHECK,False,0,0,0.0
EXT-INVALID_ENTITY-0042,C2_RAG_EXISTENCE_CHECK,False,0,0,0.0
EXT-INVALID_ENTITY-0043,C2_RAG_EXISTENCE_CHECK,False,0,0,0.0
EXT-INVALID_ENTITY-0045,C2_RAG_EXISTENCE_CHECK,False,0,0,0.0
EXT-INVALID_ENTITY-0047,C2_RAG_EXISTENCE_CHECK,False,0,0,0.0
EXT-INVALID_ENTITY-0050,C2_RAG_EXISTENCE_CHECK,False,0,0,0.0
EXT-INVALID_ENTITY-0053,C2_RAG_EXISTENCE_CHECK,False,0,0,0.0
EXT-INVALID_ENTITY-0054,C2_RAG_EXISTENCE_CHECK,False,0,0,0.0
EXT-INVALID_ENTITY-0065,C2_RAG_EXISTENCE_CHECK,False,0,0,0.0
EXT-INVALID_ENTITY-0066,C2_RAG_EXISTENCE_CHECK,False,0,0,0.0
EXT-INVALID_ENTITY-0069,C2_RAG_EXISTENCE_CHECK,False,0,0,0.0
EXT-INVALID_ENTITY-0070,C2_RAG_EXISTENCE_CHECK,False,0,0,0.0
EXT-INVALID_ENTITY-0073,C2_RAG_EXISTENCE_CHECK,False,0,0,0.0
EXT-INVALID_ENTITY-0077,C2_RAG_EXISTENCE_CHECK,False,0,0,0.0
EXT-INVALID_ENTITY-0078,C2_RAG_EXISTENCE_CHECK,False,0,0,0.0
EXT-INVALID_ENTITY-0079,C2_RAG_EXISTENCE_CHECK,False,0,0,0.0
EXT-INVALID_ENTITY-0080,C2_RAG_EXISTENCE_CHECK,False,0,0,0.0
EXT-INVALID_ENTITY-0083,C2_RAG_EXISTENCE_CHECK,False,0,0,0.0
EXT-INVALID_ENTITY-0084,C2_RAG_EXISTENCE_CHECK,False,0,0,0.0
EXT-INVALID_ENTITY-0086,C2_RAG_EXISTENCE_CHECK,False,0,0,0.0
EXT-INVALID_ENTITY-0093,C2_RAG_EXISTENCE_CHECK,False,0,0,0.0
EXT-INVALID_ENTITY-0098,C2_RAG_EXISTENCE_CHECK,False,0,0,0.0
EXT-NUMERIC_PROVENANCE-0008,C2_RAG_EXISTENCE_CHECK,True,148,128,3209.651
EXT-NUMERIC_PROVENANCE-0009,C2_RAG_EXISTENCE_CHECK,True,161,71,3209.651
EXT-NUMERIC_PROVENANCE-0012,C2_RAG_EXISTENCE_CHECK,True,149,33,3209.651
EXT-NUMERIC_PROVENANCE-0013,C2_RAG_EXISTENCE_CHECK,True,179,29,3209.651
EXT-NUMERIC_PROVENANCE-0015,C2_RAG_EXISTENCE_CHECK,True,185,17,3209.651
EXT-NUMERIC_PROVENANCE-0016,C2_RAG_EXISTENCE_CHECK,True,144,31,3209.651
EXT-NUMERIC_PROVENANCE-0017,C2_RAG_EXISTENCE_CHECK,True,172,128,3173.646
EXT-NUMERIC_PROVENANCE-0018,C2_RAG_EXISTENCE_CHECK,True,152,128,3173.646
EXT-NUMERIC_PROVENANCE-0019,C2_RAG_EXISTENCE_CHECK,True,175,28,3173.646
EXT-NUMERIC_PROVENANCE-0020,C2_RAG_EXISTENCE_CHECK,True,148,80,3173.646
EXT-NUMERIC_PROVENANCE-0021,C2_RAG_EXISTENCE_CHECK,True,158,82,3173.646
EXT-NUMERIC_PROVENANCE-0029,C2_RAG_EXISTENCE_CHECK,True,172,128,3173.646
EXT-NUMERIC_PROVENANCE-0031,C2_RAG_EXISTENCE_CHECK,True,156,128,3173.646
EXT-NUMERIC_PROVENANCE-0033,C2_RAG_EXISTENCE_CHECK,True,161,128,3173.646
EXT-NUMERIC_PROVENANCE-0035,C2_RAG_EXISTENCE_CHECK,True,183,89,3197.648
EXT-NUMERIC_PROVENANCE-0038,C2_RAG_EXISTENCE_CHECK,True,147,128,3197.648
EXT-NUMERIC_PROVENANCE-0039,C2_RAG_EXISTENCE_CHECK,True,161,78,3197.648
EXT-NUMERIC_PROVENANCE-0047,C2_RAG_EXISTENCE_CHECK,True,175,128,3197.648
EXT-PAIR-0001-KO,C2_RAG_EXISTENCE_CHECK,True,154,128,3197.648
EXT-PAIR-0004-EN,C2_RAG_EXISTENCE_CHECK,True,153,114,3197.648
EXT-PAIR-0004-KO,C2_RAG_EXISTENCE_CHECK,True,179,34,3197.648
EXT-PAIR-0007-EN,C2_RAG_EXISTENCE_CHECK,True,150,35,3197.648
EXT-PAIR-0009-EN,C2_RAG_EXISTENCE_CHECK,True,151,128,3185.648
EXT-PAIR-0010-EN,C2_RAG_EXISTENCE_CHECK,True,148,80,3185.648
EXT-PAIR-0013-EN,C2_RAG_EXISTENCE_CHECK,True,153,71,3185.648
EXT-PAIR-0013-KO,C2_RAG_EXISTENCE_CHECK,True,179,29,3185.648
EXT-PAIR-0021-KO,C2_RAG_EXISTENCE_CHECK,True,158,82,3185.648
EXT-PAIR-0026-EN,C2_RAG_EXISTENCE_CHECK,True,142,24,3185.648
EXT-PAIR-0026-KO,C2_RAG_EXISTENCE_CHECK,True,155,84,3185.648
EXT-PAIR-0027-KO,C2_RAG_EXISTENCE_CHECK,True,164,128,3185.648
EXT-PAIR-0029-KO,C2_RAG_EXISTENCE_CHECK,True,173,128,3203.65
EXT-PAIR-0030-EN,C2_RAG_EXISTENCE_CHECK,True,151,83,3203.65
EXT-PAIR-0034-EN,C2_RAG_EXISTENCE_CHECK,True,153,114,3203.65
EXT-PAIR-0035-KO,C2_RAG_EXISTENCE_CHECK,True,185,17,3203.65
EXT-PAIR-0039-KO,C2_RAG_EXISTENCE_CHECK,True,164,91,3203.65
EXT-PAIR-0040-EN,C2_RAG_EXISTENCE_CHECK,True,149,86,3203.65
EXT-PAIR-0041-EN,C2_RAG_EXISTENCE_CHECK,True,144,30,3203.65
EXT-PAIR-0043-KO,C2_RAG_EXISTENCE_CHECK,True,179,40,3203.65
EXT-PAIR-0047-KO,C2_RAG_EXISTENCE_CHECK,True,173,128,3173.646
EXT-PAIR-0048-EN,C2_RAG_EXISTENCE_CHECK,True,149,31,3173.646
EXT-PAIR-0049-KO,C2_RAG_EXISTENCE_CHECK,True,175,28,3173.646
EXT-PAIR-0055-EN,C2_RAG_EXISTENCE_CHECK,True,148,128,3173.646
EXT-PAIR-0056-EN,C2_RAG_EXISTENCE_CHECK,True,142,30,3173.646
EXT-PAIR-0063-KO,C2_RAG_EXISTENCE_CHECK,True,161,81,3173.646
EXT-PAIR-0064-EN,C2_RAG_EXISTENCE_CHECK,True,153,114,3173.646
EXT-PAIR-0072-EN,C2_RAG_EXISTENCE_CHECK,True,150,32,3173.646
EXT-PAIR-0073-KO,C2_RAG_EXISTENCE_CHECK,True,175,28,3200.648
EXT-PAIR-0078-KO,C2_RAG_EXISTENCE_CHECK,True,165,128,3200.648
EXT-PAIR-0080-EN,C2_RAG_EXISTENCE_CHECK,True,149,86,3200.648
EXT-PAIR-0080-KO,C2_RAG_EXISTENCE_CHECK,True,184,101,3200.648
EXT-PAIR-0082-EN,C2_RAG_EXISTENCE_CHECK,True,150,34,3200.648
EXT-PAIR-0083-KO,C2_RAG_EXISTENCE_CHECK,True,176,128,3200.648
EXT-PAIR-0085-EN,C2_RAG_EXISTENCE_CHECK,True,150,29,3200.648
EXT-PAIR-0088-EN,C2_RAG_EXISTENCE_CHECK,True,150,26,3200.648
EXT-PAIR-0089-EN,C2_RAG_EXISTENCE_CHECK,True,146,128,3173.646
EXT-PAIR-0091-EN,C2_RAG_EXISTENCE_CHECK,True,145,128,3173.646
EXT-PAIR-0091-KO,C2_RAG_EXISTENCE_CHECK,True,158,128,3173.646
EXT-PAIR-0094-EN,C2_RAG_EXISTENCE_CHECK,True,153,114,3173.646
EXT-PAIR-0096-EN,C2_RAG_EXISTENCE_CHECK,True,142,30,3173.646
EXT-PAIR-0099-KO,C2_RAG_EXISTENCE_CHECK,True,164,91,3173.646
EXT-PAIR-0104-KO,C2_RAG_EXISTENCE_CHECK,True,173,82,3173.646
EXT-PAIR-0109-KO,C2_RAG_EXISTENCE_CHECK,True,175,28,3173.646
EXT-PAIR-0115-KO,C2_RAG_EXISTENCE_CHECK,True,185,17,3206.651
EXT-PAIR-0116-KO,C2_RAG_EXISTENCE_CHECK,True,157,83,3206.651
EXT-PAIR-0117-EN,C2_RAG_EXISTENCE_CHECK,True,151,31,3206.651
EXT-PAIR-0121-EN,C2_RAG_EXISTENCE_CHECK,True,141,32,3206.651
EXT-PAIR-0128-KO,C2_RAG_EXISTENCE_CHECK,True,173,128,3206.651
EXT-PAIR-0136-KO,C2_RAG_EXISTENCE_CHECK,True,155,128,3206.651
EXT-PAIR-0140-EN,C2_RAG_EXISTENCE_CHECK,True,151,22,3206.651
EXT-PAIR-0140-KO,C2_RAG_EXISTENCE_CHECK,True,186,128,3206.651
EXT-PAIR-0143-EN,C2_RAG_EXISTENCE_CHECK,True,145,128,3206.651
EXT-PAIR-0144-EN,C2_RAG_EXISTENCE_CHECK,True,152,128,3206.651
EXT-PAIR-0146-EN,C2_RAG_EXISTENCE_CHECK,True,142,24,3206.651
EXT-PAIR-0148-EN,C2_RAG_EXISTENCE_CHECK,True,152,38,3206.651
EXT-PAIR-0148-KO,C2_RAG_EXISTENCE_CHECK,True,178,28,3206.651
EXT-PAIR-0149-KO,C2_RAG_EXISTENCE_CHECK,True,173,128,3206.651
EXT-PAIR-0150-KO,C2_RAG_EXISTENCE_CHECK,True,186,90,3206.651
EXT-PAIR-0152-KO,C2_RAG_EXISTENCE_CHECK,True,174,128,3206.651
EXT-PAIR-0154-KO,C2_RAG_EXISTENCE_CHECK,True,179,32,3185.648
EXT-PAIR-0157-KO,C2_RAG_EXISTENCE_CHECK,True,178,36,3185.648
EXT-PAIR-0159-EN,C2_RAG_EXISTENCE_CHECK,True,151,128,3185.648
EXT-PAIR-0161-EN,C2_RAG_EXISTENCE_CHECK,True,144,30,3185.648
EXT-PAIR-0162-EN,C2_RAG_EXISTENCE_CHECK,True,149,33,3185.648
EXT-PAIR-0166-EN,C2_RAG_EXISTENCE_CHECK,True,145,26,3185.648
EXT-PAIR-0166-KO,C2_RAG_EXISTENCE_CHECK,True,158,29,3185.648
EXT-PAIR-0167-EN,C2_RAG_EXISTENCE_CHECK,True,146,29,3185.648
EXT-PAIR-0169-EN,C2_RAG_EXISTENCE_CHECK,True,149,33,3185.648
EXT-PAIR-0170-EN,C2_RAG_EXISTENCE_CHECK,True,148,80,3185.648
EXT-PAIR-0174-KO,C2_RAG_EXISTENCE_CHECK,True,165,75,3185.648
EXT-PAIR-0175-EN,C2_RAG_EXISTENCE_CHECK,True,148,128,3185.648
EXT-PAIR-0179-EN,C2_RAG_EXISTENCE_CHECK,True,146,128,3185.648
EXT-PAIR-0184-KO,C2_RAG_EXISTENCE_CHECK,True,179,32,3185.648
EXT-PAIR-0191-EN,C2_RAG_EXISTENCE_CHECK,True,141,120,3185.648
EXT-PAIR-0191-KO,C2_RAG_EXISTENCE_CHECK,True,154,128,3185.648
EXT-PAIR-0193-EN,C2_RAG_EXISTENCE_CHECK,True,149,128,3203.65
EXT-PAIR-0194-EN,C2_RAG_EXISTENCE_CHECK,True,146,128,3203.65
EXT-PAIR-0194-KO,C2_RAG_EXISTENCE_CHECK,True,173,82,3203.65
EXT-PAIR-0195-EN,C2_RAG_EXISTENCE_CHECK,True,150,128,3203.65
EXT-PAIR-0195-KO,C2_RAG_EXISTENCE_CHECK,True,185,17,3203.65
EXT-PARAPHRASE-0003,C2_RAG_EXISTENCE_CHECK,True,163,128,3203.65
EXT-PARAPHRASE-0004,C2_RAG_EXISTENCE_CHECK,True,153,114,3203.65
EXT-PARAPHRASE-0005,C2_RAG_EXISTENCE_CHECK,True,185,77,3203.65
EXT-PARAPHRASE-0020,C2_RAG_EXISTENCE_CHECK,True,148,80,3089.64
EXT-PARAPHRASE-0026,C2_RAG_EXISTENCE_CHECK,True,145,34,3089.64
EXT-PARAPHRASE-0028,C2_RAG_EXISTENCE_CHECK,True,149,37,3089.64
EXT-PARAPHRASE-0030,C2_RAG_EXISTENCE_CHECK,True,149,86,3089.64
EXT-PARAPHRASE-0034,C2_RAG_EXISTENCE_CHECK,True,153,114,3089.64
EXT-PARAPHRASE-0039,C2_RAG_EXISTENCE_CHECK,True,161,78,3089.64
EXT-PARAPHRASE-0069,C2_RAG_EXISTENCE_CHECK,True,161,78,3089.64
EXT-PARAPHRASE-0076,C2_RAG_EXISTENCE_CHECK,True,141,88,3089.64
EXT-PARAPHRASE-0080,C2_RAG_EXISTENCE_CHECK,True,151,83,3173.646
EXT-PARAPHRASE-0091,C2_RAG_EXISTENCE_CHECK,True,156,128,3173.646
EXT-PARAPHRASE-0097,C2_RAG_EXISTENCE_CHECK,True,175,36,3173.646
EXT-PARAPHRASE-0101,C2_RAG_EXISTENCE_CHECK,True,158,82,3173.646
EXT-PARAPHRASE-0114,C2_RAG_EXISTENCE_CHECK,True,152,36,3173.646
EXT-PARAPHRASE-0121,C2_RAG_EXISTENCE_CHECK,True,154,128,3173.646
EXT-PARAPHRASE-0150,C2_RAG_EXISTENCE_CHECK,True,149,86,3173.646
EXT-PARAPHRASE-0154,C2_RAG_EXISTENCE_CHECK,True,153,114,3173.646
EXT-PARAPHRASE-0158,C2_RAG_EXISTENCE_CHECK,True,147,128,3141.861
EXT-PARAPHRASE-0159,C2_RAG_EXISTENCE_CHECK,True,161,71,3141.861
EXT-PARAPHRASE-0162,C2_RAG_EXISTENCE_CHECK,True,152,128,3141.861
EXT-PARAPHRASE-0166,C2_RAG_EXISTENCE_CHECK,True,143,104,3141.861
EXT-PARAPHRASE-0172,C2_RAG_EXISTENCE_CHECK,True,150,34,3141.861
EXT-PARAPHRASE-0176,C2_RAG_EXISTENCE_CHECK,True,144,31,3141.861
EXT-PARAPHRASE-0183,C2_RAG_EXISTENCE_CHECK,True,163,128,3141.861
EXT-PARAPHRASE-0191,C2_RAG_EXISTENCE_CHECK,True,156,128,3141.861
EXT-PARAPHRASE-0194,C2_RAG_EXISTENCE_CHECK,True,149,34,3297.083
EXT-PARAPHRASE-0197,C2_RAG_EXISTENCE_CHECK,True,176,128,3297.083
EXT-POLICY_CONFLICT-0001,C2_RAG_EXISTENCE_CHECK,True,185,128,3297.083
EXT-POLICY_CONFLICT-0010,C2_RAG_EXISTENCE_CHECK,True,157,29,3297.083
EXT-POLICY_CONFLICT-0012,C2_RAG_EXISTENCE_CHECK,True,154,128,3297.083
EXT-POLICY_CONFLICT-0015,C2_RAG_EXISTENCE_CHECK,True,216,38,3297.083
EXT-POLICY_CONFLICT-0017,C2_RAG_EXISTENCE_CHECK,True,203,94,3297.083
EXT-POLICY_CONFLICT-0019,C2_RAG_EXISTENCE_CHECK,True,206,27,3297.083
EXT-POLICY_CONFLICT-0022,C2_RAG_EXISTENCE_CHECK,True,157,33,3297.083
EXT-POLICY_CONFLICT-0027,C2_RAG_EXISTENCE_CHECK,True,193,128,3297.083
EXT-POLICY_CONFLICT-0030,C2_RAG_EXISTENCE_CHECK,True,155,32,3297.083
EXT-POLICY_CONFLICT-0034,C2_RAG_EXISTENCE_CHECK,True,159,109,3297.083
EXT-POLICY_CONFLICT-0043,C2_RAG_EXISTENCE_CHECK,True,208,128,3297.083
EXT-POLICY_CONFLICT-0044,C2_RAG_EXISTENCE_CHECK,True,154,34,3297.083
EXT-POLICY_CONFLICT-0055,C2_RAG_EXISTENCE_CHECK,True,216,38,3297.083
EXT-POLICY_CONFLICT-0056,C2_RAG_EXISTENCE_CHECK,True,150,33,3297.083
EXT-POLICY_CONFLICT-0057,C2_RAG_EXISTENCE_CHECK,True,192,93,3182.654
EXT-POLICY_CONFLICT-0060,C2_RAG_EXISTENCE_CHECK,True,154,82,3182.654
EXT-POLICY_CONFLICT-0061,C2_RAG_EXISTENCE_CHECK,True,189,84,3182.654
EXT-POLICY_CONFLICT-0062,C2_RAG_EXISTENCE_CHECK,True,152,32,3182.654
EXT-POLICY_CONFLICT-0065,C2_RAG_EXISTENCE_CHECK,True,213,31,3182.654
EXT-POLICY_CONFLICT-0066,C2_RAG_EXISTENCE_CHECK,True,151,26,3182.654
EXT-POLICY_CONFLICT-0071,C2_RAG_EXISTENCE_CHECK,True,187,84,3182.654
EXT-POLICY_CONFLICT-0073,C2_RAG_EXISTENCE_CHECK,True,206,31,3182.654
EXT-POLICY_CONFLICT-0075,C2_RAG_EXISTENCE_CHECK,True,214,96,3297.083
EXT-POLICY_CONFLICT-0080,C2_RAG_EXISTENCE_CHECK,True,157,83,3297.083
EXT-POLICY_CONFLICT-0081,C2_RAG_EXISTENCE_CHECK,True,185,128,3297.083
EXT-POLICY_CONFLICT-0086,C2_RAG_EXISTENCE_CHECK,True,149,29,3297.083
EXT-POLICY_CONFLICT-0091,C2_RAG_EXISTENCE_CHECK,True,187,78,3297.083
EXT-POLICY_CONFLICT-0094,C2_RAG_EXISTENCE_CHECK,True,159,109,3297.083
EXT-POLICY_CONFLICT-0095,C2_RAG_EXISTENCE_CHECK,True,216,38,3297.083
EXT-POLICY_CONFLICT-0098,C2_RAG_EXISTENCE_CHECK,True,154,119,3297.083
EXT-POLICY_CONFLICT-0099,C2_RAG_EXISTENCE_CHECK,True,192,128,4634.828
EXT-POLICY_CONFLICT-0100,C2_RAG_EXISTENCE_CHECK,True,154,82,4634.828
SEC3B-000-EN,C2_RAG_EXISTENCE_CHECK,True,612,128,4634.828
SEC3B-000-KO,C2_RAG_EXISTENCE_CHECK,True,640,128,4634.828
SEC3B-001-KO,C2_RAG_EXISTENCE_CHECK,True,640,128,4634.828
SEC3B-002-EN,C2_RAG_EXISTENCE_CHECK,True,629,128,4634.828
SEC3B-005-EN,C2_RAG_EXISTENCE_CHECK,True,634,128,4634.828
SEC3B-005-KO,C2_RAG_EXISTENCE_CHECK,True,662,128,4634.828
SEC3B-009-KO,C2_RAG_EXISTENCE_CHECK,True,648,128,4655.831
SEC3B-010-EN,C2_RAG_EXISTENCE_CHECK,True,635,128,4655.831
SEC3B-012-EN,C2_RAG_EXISTENCE_CHECK,True,641,128,4655.831
SEC3B-012-KO,C2_RAG_EXISTENCE_CHECK,True,669,128,4655.831
SEC3B-013-EN,C2_RAG_EXISTENCE_CHECK,True,641,128,4655.831
SEC3B-014-KO,C2_RAG_EXISTENCE_CHECK,True,653,128,4655.831
SEC3B-015-EN,C2_RAG_EXISTENCE_CHECK,True,625,128,4655.831
SEC3B-016-EN,C2_RAG_EXISTENCE_CHECK,True,633,128,4655.831
SEC3B-016-KO,C2_RAG_EXISTENCE_CHECK,True,661,128,4697.837
SEC3B-018-EN,C2_RAG_EXISTENCE_CHECK,True,650,128,4697.837
SEC3B-020-EN,C2_RAG_EXISTENCE_CHECK,True,655,128,4697.837
SEC3B-020-KO,C2_RAG_EXISTENCE_CHECK,True,683,128,4697.837
SEC3B-021-KO,C2_RAG_EXISTENCE_CHECK,True,683,128,4697.837
SEC3B-023-EN,C2_RAG_EXISTENCE_CHECK,True,638,128,4697.837
SEC3B-025-EN,C2_RAG_EXISTENCE_CHECK,True,628,128,4697.837
SEC3B-025-KO,C2_RAG_EXISTENCE_CHECK,True,656,128,4697.837
SEC3B-026-EN,C2_RAG_EXISTENCE_CHECK,True,644,128,4679.834
SEC3B-028-KO,C2_RAG_EXISTENCE_CHECK,True,677,128,4679.834
SEC3B-030-EN,C2_RAG_EXISTENCE_CHECK,True,609,128,4679.834
SEC3B-030-KO,C2_RAG_EXISTENCE_CHECK,True,637,128,4679.834
SEC3B-031-EN,C2_RAG_EXISTENCE_CHECK,True,609,128,4679.834
SEC3B-032-EN,C2_RAG_EXISTENCE_CHECK,True,626,128,4679.834
SEC3B-032-KO,C2_RAG_EXISTENCE_CHECK,True,654,128,4679.834
SEC3B-034-EN,C2_RAG_EXISTENCE_CHECK,True,630,128,4679.834
SEC3B-037-KO,C2_RAG_EXISTENCE_CHECK,True,641,128,4744.45
SEC3B-038-KO,C2_RAG_EXISTENCE_CHECK,True,677,128,4744.45
SEC3B-039-EN,C2_RAG_EXISTENCE_CHECK,True,649,128,4744.45
SEC3B-040-KO,C2_RAG_EXISTENCE_CHECK,True,692,128,4744.45
SEC3B-043-EN,C2_RAG_EXISTENCE_CHECK,True,669,128,4744.45
SEC3B-043-KO,C2_RAG_EXISTENCE_CHECK,True,697,128,4744.45
SEC3B-044-KO,C2_RAG_EXISTENCE_CHECK,True,681,128,4744.45
SEC3B-045-EN,C2_RAG_EXISTENCE_CHECK,True,653,128,4744.45
SEC3B-048-KO,C2_RAG_EXISTENCE_CHECK,True,676,128,4691.835
SEC3B-050-EN,C2_RAG_EXISTENCE_CHECK,True,653,128,4691.835
SEC3B-051-KO,C2_RAG_EXISTENCE_CHECK,True,681,128,4691.835
SEC3B-052-EN,C2_RAG_EXISTENCE_CHECK,True,637,128,4691.835
SEC3B-053-EN,C2_RAG_EXISTENCE_CHECK,True,637,128,4691.835
SEC3B-054-KO,C2_RAG_EXISTENCE_CHECK,True,652,128,4691.835
SEC3B-059-EN,C2_RAG_EXISTENCE_CHECK,True,645,128,4691.835
SEC3B-060-EN,C2_RAG_EXISTENCE_CHECK,True,629,128,4691.835
SEC3B-061-EN,C2_RAG_EXISTENCE_CHECK,True,629,128,4688.834
SEC3B-069-KO,C2_RAG_EXISTENCE_CHECK,True,658,128,4688.834
SEC3B-071-EN,C2_RAG_EXISTENCE_CHECK,True,648,128,4688.834
SEC3B-072-EN,C2_RAG_EXISTENCE_CHECK,True,652,128,4688.834
SEC3B-073-KO,C2_RAG_EXISTENCE_CHECK,True,680,128,4688.834
SEC3B-076-EN,C2_RAG_EXISTENCE_CHECK,True,613,128,4688.834
SEC3B-077-EN,C2_RAG_EXISTENCE_CHECK,True,613,128,4688.834
SEC3B-078-EN,C2_RAG_EXISTENCE_CHECK,True,629,128,4688.834
SEC3B-081-KO,C2_RAG_EXISTENCE_CHECK,True,662,128,4685.834
SEC3B-082-EN,C2_RAG_EXISTENCE_CHECK,True,630,128,4685.834
SEC3B-084-EN,C2_RAG_EXISTENCE_CHECK,True,646,128,4685.834
SEC3B-086-KO,C2_RAG_EXISTENCE_CHECK,True,679,128,4685.834
SEC3B-087-KO,C2_RAG_EXISTENCE_CHECK,True,679,128,4685.834
SEC3B-088-EN,C2_RAG_EXISTENCE_CHECK,True,635,128,4685.834
SEC3B-089-EN,C2_RAG_EXISTENCE_CHECK,True,635,128,4685.834
SEC3B-090-EN,C2_RAG_EXISTENCE_CHECK,True,611,128,4685.834
SEC3B-090-KO,C2_RAG_EXISTENCE_CHECK,True,639,128,4616.825
SEC3B-093-EN,C2_RAG_EXISTENCE_CHECK,True,628,128,4616.825
SEC3B-093-KO,C2_RAG_EXISTENCE_CHECK,True,656,128,4616.825
SEC3B-099-KO,C2_RAG_EXISTENCE_CHECK,True,642,128,4616.825
V2C-0004,C2_RAG_EXISTENCE_CHECK,True,260,92,4616.825
V2C-0010,C2_RAG_EXISTENCE_CHECK,True,266,95,4616.825
V2C-0016,C2_RAG_EXISTENCE_CHECK,True,260,92,4616.825
V2C-0018,C2_RAG_EXISTENCE_CHECK,True,266,95,4616.825
V2C-0020,C2_RAG_EXISTENCE_CHECK,True,260,92,3347.674
V2C-0026,C2_RAG_EXISTENCE_CHECK,True,266,95,3347.674
V2C-0027,C2_RAG_EXISTENCE_CHECK,True,238,95,3347.674
V2C-0030,C2_RAG_EXISTENCE_CHECK,True,266,95,3347.674
V2C-0032,C2_RAG_EXISTENCE_CHECK,True,260,92,3347.674
V2C-0034,C2_RAG_EXISTENCE_CHECK,True,266,95,3347.674
V2C-0048,C2_RAG_EXISTENCE_CHECK,True,260,92,3347.674
V2C-0056,C2_RAG_EXISTENCE_CHECK,True,260,92,3347.674
V2C-0061,C2_RAG_EXISTENCE_CHECK,True,232,92,3347.674
V2C-0066,C2_RAG_EXISTENCE_CHECK,True,266,95,3347.674
V2C-0072,C2_RAG_EXISTENCE_CHECK,True,260,92,3347.674
V2C-0078,C2_RAG_EXISTENCE_CHECK,True,266,95,3347.674
V2C-0084,C2_RAG_EXISTENCE_CHECK,True,260,92,3347.674
V2C-0087,C2_RAG_EXISTENCE_CHECK,True,238,95,3347.674
V2C-0116,C2_RAG_EXISTENCE_CHECK,True,260,92,3347.674
V2C-0127,C2_RAG_EXISTENCE_CHECK,True,238,95,3347.674
V2C-0128,C2_RAG_EXISTENCE_CHECK,True,260,92,3326.483
V2C-0137,C2_RAG_EXISTENCE_CHECK,True,232,92,3326.483
V2C-0148,C2_RAG_EXISTENCE_CHECK,True,260,92,3326.483
V2C-0156,C2_RAG_EXISTENCE_CHECK,True,260,92,3326.483
V2C-0172,C2_RAG_EXISTENCE_CHECK,True,260,92,3326.483
V2C-0176,C2_RAG_EXISTENCE_CHECK,True,260,92,3326.483
V2C-0181,C2_RAG_EXISTENCE_CHECK,True,232,92,3326.483
V2C-0184,C2_RAG_EXISTENCE_CHECK,True,260,92,3326.483
V2C-0197,C2_RAG_EXISTENCE_CHECK,True,232,92,3347.674
V2C-0201,C2_RAG_EXISTENCE_CHECK,True,232,92,3347.674
V2C-0202,C2_RAG_EXISTENCE_CHECK,True,266,95,3347.674
V2C-0207,C2_RAG_EXISTENCE_CHECK,True,238,95,3347.674
V2C-0210,C2_RAG_EXISTENCE_CHECK,True,266,95,3347.674
V2C-0219,C2_RAG_EXISTENCE_CHECK,True,238,95,3347.674
V2C-0221,C2_RAG_EXISTENCE_CHECK,True,232,92,3347.674
V2C-0223,C2_RAG_EXISTENCE_CHECK,True,238,95,3347.674
V2C-0229,C2_RAG_EXISTENCE_CHECK,True,232,92,3347.674
V2C-0263,C2_RAG_EXISTENCE_CHECK,True,238,95,3347.674
V2C-0265,C2_RAG_EXISTENCE_CHECK,True,232,92,3347.674
V2C-0274,C2_RAG_EXISTENCE_CHECK,True,266,95,3347.674
V2C-0276,C2_RAG_EXISTENCE_CHECK,True,260,92,3347.674
V2C-0297,C2_RAG_EXISTENCE_CHECK,True,232,92,3347.674
V2C-0298,C2_RAG_EXISTENCE_CHECK,True,266,95,3347.674
V2C-0300,C2_RAG_EXISTENCE_CHECK,True,260,92,3347.674
V2C-0328,C2_RAG_EXISTENCE_CHECK,True,260,92,3347.674
V2C-0342,C2_RAG_EXISTENCE_CHECK,True,266,95,3347.674
V2C-0348,C2_RAG_EXISTENCE_CHECK,True,260,92,3347.674
V2C-0351,C2_RAG_EXISTENCE_CHECK,True,238,95,3347.674
V2C-0354,C2_RAG_EXISTENCE_CHECK,True,266,95,3347.674
V2C-0357,C2_RAG_EXISTENCE_CHECK,True,232,92,3347.674
V2C-0360,C2_RAG_EXISTENCE_CHECK,True,260,92,3347.674
V2C-0365,C2_RAG_EXISTENCE_CHECK,True,232,92,3347.674
V2C-0369,C2_RAG_EXISTENCE_CHECK,True,232,92,3347.674
V2C-0370,C2_RAG_EXISTENCE_CHECK,True,266,95,3347.674
V2C-0374,C2_RAG_EXISTENCE_CHECK,True,266,95,3347.674
V2C-0380,C2_RAG_EXISTENCE_CHECK,True,260,92,3347.674
V2C-0384,C2_RAG_EXISTENCE_CHECK,True,260,92,3347.674
V2C-0396,C2_RAG_EXISTENCE_CHECK,True,260,92,3347.674
V2C-0399,C2_RAG_EXISTENCE_CHECK,True,238,95,3347.674
V2C-0400,C2_RAG_EXISTENCE_CHECK,True,260,92,3347.674
V2C-0401,C2_RAG_EXISTENCE_CHECK,True,234,93,3350.675
V2C-0403,C2_RAG_EXISTENCE_CHECK,True,239,96,3350.675
V2C-0409,C2_RAG_EXISTENCE_CHECK,True,234,93,3350.675
V2C-0415,C2_RAG_EXISTENCE_CHECK,True,239,96,3350.675
V2C-0418,C2_RAG_EXISTENCE_CHECK,True,266,95,3350.675
V2C-0424,C2_RAG_EXISTENCE_CHECK,True,260,92,3350.675
V2C-0427,C2_RAG_EXISTENCE_CHECK,True,239,96,3350.675
V2C-0430,C2_RAG_EXISTENCE_CHECK,True,266,95,3350.675
V2C-0431,C2_RAG_EXISTENCE_CHECK,True,239,96,3350.675
V2C-0458,C2_RAG_EXISTENCE_CHECK,True,266,95,3350.675
V2C-0462,C2_RAG_EXISTENCE_CHECK,True,266,95,3350.675
V2C-0478,C2_RAG_EXISTENCE_CHECK,True,266,95,3350.675
V2C-0487,C2_RAG_EXISTENCE_CHECK,True,239,96,3350.675
V2C-0502,C2_RAG_EXISTENCE_CHECK,True,266,95,3350.675
V2C-0505,C2_RAG_EXISTENCE_CHECK,True,234,93,3350.675
V2C-0512,C2_RAG_EXISTENCE_CHECK,True,260,92,3350.675
V2C-0528,C2_RAG_EXISTENCE_CHECK,True,260,92,3350.675
V2C-0530,C2_RAG_EXISTENCE_CHECK,True,266,95,3350.675
V2C-0532,C2_RAG_EXISTENCE_CHECK,True,260,92,3350.675
V2C-0533,C2_RAG_EXISTENCE_CHECK,True,234,93,3350.675
V2C-0536,C2_RAG_EXISTENCE_CHECK,True,260,92,3350.675
V2C-0560,C2_RAG_EXISTENCE_CHECK,True,260,92,3350.675
V2C-0575,C2_RAG_EXISTENCE_CHECK,True,239,96,3350.675
V2C-0589,C2_RAG_EXISTENCE_CHECK,True,234,93,3350.675
V2C-0604,C2_RAG_EXISTENCE_CHECK,True,260,92,3350.675
V2C-0606,C2_RAG_EXISTENCE_CHECK,True,266,95,3350.675
V2C-0611,C2_RAG_EXISTENCE_CHECK,True,239,96,3350.675
V2C-0615,C2_RAG_EXISTENCE_CHECK,True,239,96,3350.675
V2C-0617,C2_RAG_EXISTENCE_CHECK,True,234,93,3350.675
V2C-0621,C2_RAG_EXISTENCE_CHECK,True,234,93,3350.675
V2C-0630,C2_RAG_EXISTENCE_CHECK,True,266,95,3350.675
V2C-0632,C2_RAG_EXISTENCE_CHECK,True,260,92,3350.675
V2C-0635,C2_RAG_EXISTENCE_CHECK,True,239,96,3350.675
V2C-0653,C2_RAG_EXISTENCE_CHECK,True,234,93,3350.675
V2C-0658,C2_RAG_EXISTENCE_CHECK,True,266,95,3350.675
V2C-0670,C2_RAG_EXISTENCE_CHECK,True,266,95,3350.675
V2C-0674,C2_RAG_EXISTENCE_CHECK,True,266,95,3350.675
V2C-0681,C2_RAG_EXISTENCE_CHECK,True,234,93,3350.675
V2C-0698,C2_RAG_EXISTENCE_CHECK,True,266,95,3350.675
V2C-0700,C2_RAG_EXISTENCE_CHECK,True,260,92,3350.675
V2C-0701,C2_RAG_EXISTENCE_CHECK,True,234,93,3350.675
V2C-0708,C2_RAG_EXISTENCE_CHECK,True,260,92,3350.675
V2C-0714,C2_RAG_EXISTENCE_CHECK,True,266,95,3350.675
V2C-0717,C2_RAG_EXISTENCE_CHECK,True,234,93,3350.675
V2C-0718,C2_RAG_EXISTENCE_CHECK,True,266,95,3350.675
V2C-0722,C2_RAG_EXISTENCE_CHECK,True,266,95,3350.675
V2C-0729,C2_RAG_EXISTENCE_CHECK,True,234,93,3350.675
V2C-0735,C2_RAG_EXISTENCE_CHECK,True,239,96,3350.675
V2C-0738,C2_RAG_EXISTENCE_CHECK,True,266,95,3350.675
V2C-0744,C2_RAG_EXISTENCE_CHECK,True,260,92,3350.675
V2C-0745,C2_RAG_EXISTENCE_CHECK,True,234,93,3350.675
V2C-0757,C2_RAG_EXISTENCE_CHECK,True,234,93,3350.675
V2C-0761,C2_RAG_EXISTENCE_CHECK,True,234,93,3350.675
V2C-0767,C2_RAG_EXISTENCE_CHECK,True,239,96,3350.675
V2C-0772,C2_RAG_EXISTENCE_CHECK,True,260,92,3350.675
V2C-0773,C2_RAG_EXISTENCE_CHECK,True,234,93,3350.675
V2C-0787,C2_RAG_EXISTENCE_CHECK,True,239,96,3350.675
V2C-0790,C2_RAG_EXISTENCE_CHECK,True,266,95,3350.675
V2C-0795,C2_RAG_EXISTENCE_CHECK,True,239,96,3350.675
V2C-0796,C2_RAG_EXISTENCE_CHECK,True,260,92,3350.675
V2C-0797,C2_RAG_EXISTENCE_CHECK,True,234,93,3350.675
V2C-0801,C2_RAG_EXISTENCE_CHECK,True,234,93,3350.675
V2C-0803,C2_RAG_EXISTENCE_CHECK,True,239,96,3350.675
V2C-0811,C2_RAG_EXISTENCE_CHECK,True,239,96,3350.675
V2C-0813,C2_RAG_EXISTENCE_CHECK,True,234,93,3350.675
V2C-0815,C2_RAG_EXISTENCE_CHECK,True,239,96,3350.675
V2C-0827,C2_RAG_EXISTENCE_CHECK,True,239,96,3350.675
V2C-0835,C2_RAG_EXISTENCE_CHECK,True,239,96,3350.675
V2C-0839,C2_RAG_EXISTENCE_CHECK,True,239,96,3350.675
V2C-0842,C2_RAG_EXISTENCE_CHECK,True,266,95,3350.675
V2C-0844,C2_RAG_EXISTENCE_CHECK,True,260,92,3350.675
V2C-0847,C2_RAG_EXISTENCE_CHECK,True,239,96,3350.675
V2C-0850,C2_RAG_EXISTENCE_CHECK,True,266,95,3350.675
V2C-0851,C2_RAG_EXISTENCE_CHECK,True,239,96,3350.675
V2C-0859,C2_RAG_EXISTENCE_CHECK,True,239,96,3350.675
V2C-0862,C2_RAG_EXISTENCE_CHECK,True,266,95,3350.675
V2C-0863,C2_RAG_EXISTENCE_CHECK,True,239,96,3350.675
V2C-0867,C2_RAG_EXISTENCE_CHECK,True,239,96,3350.675
V2C-0881,C2_RAG_EXISTENCE_CHECK,True,234,93,3350.675
V2C-0886,C2_RAG_EXISTENCE_CHECK,True,266,95,3350.675
V2C-0900,C2_RAG_EXISTENCE_CHECK,True,260,92,3350.675
V2C-0901,C2_RAG_EXISTENCE_CHECK,True,234,93,3350.675
V2C-0902,C2_RAG_EXISTENCE_CHECK,True,266,95,3350.675
V2C-0903,C2_RAG_EXISTENCE_CHECK,True,239,96,3350.675
V2C-0904,C2_RAG_EXISTENCE_CHECK,True,260,92,3350.675
V2C-0907,C2_RAG_EXISTENCE_CHECK,True,239,96,3350.675
V2C-0908,C2_RAG_EXISTENCE_CHECK,True,260,92,3350.675
V2C-0909,C2_RAG_EXISTENCE_CHECK,True,234,93,3350.675
V2C-0911,C2_RAG_EXISTENCE_CHECK,True,239,96,3350.675
V2C-0912,C2_RAG_EXISTENCE_CHECK,True,260,92,3350.675
V2C-0913,C2_RAG_EXISTENCE_CHECK,True,234,93,3350.675
V2C-0914,C2_RAG_EXISTENCE_CHECK,True,266,95,3350.675
V2C-0915,C2_RAG_EXISTENCE_CHECK,True,239,96,3350.675
V2C-0916,C2_RAG_EXISTENCE_CHECK,True,260,92,3350.675
V2C-0917,C2_RAG_EXISTENCE_CHECK,True,234,93,3350.675
V2C-0918,C2_RAG_EXISTENCE_CHECK,True,266,95,3350.675
V2C-0919,C2_RAG_EXISTENCE_CHECK,True,239,96,3350.675
V2C-0921,C2_RAG_EXISTENCE_CHECK,True,234,93,3350.675
V2C-0922,C2_RAG_EXISTENCE_CHECK,True,266,95,3350.675
V2C-0923,C2_RAG_EXISTENCE_CHECK,True,239,96,3350.675
V2C-0925,C2_RAG_EXISTENCE_CHECK,True,234,93,3350.675
V2C-0926,C2_RAG_EXISTENCE_CHECK,True,266,95,3350.675
V2C-0927,C2_RAG_EXISTENCE_CHECK,True,239,96,3350.675
V2C-0928,C2_RAG_EXISTENCE_CHECK,True,260,92,3350.675
V2C-0929,C2_RAG_EXISTENCE_CHECK,True,234,93,3350.675
V2C-0930,C2_RAG_EXISTENCE_CHECK,True,266,95,3350.675
V2C-0931,C2_RAG_EXISTENCE_CHECK,True,239,96,3350.675
V2C-0932,C2_RAG_EXISTENCE_CHECK,True,260,92,3350.675
V2C-0935,C2_RAG_EXISTENCE_CHECK,True,239,96,3350.675
V2C-0936,C2_RAG_EXISTENCE_CHECK,True,260,92,3350.675
V2C-0937,C2_RAG_EXISTENCE_CHECK,True,234,93,3350.675
V2C-0938,C2_RAG_EXISTENCE_CHECK,True,266,95,3350.675
V2C-0940,C2_RAG_EXISTENCE_CHECK,True,260,92,3350.675
V2C-0941,C2_RAG_EXISTENCE_CHECK,True,234,93,3350.675
V2C-0942,C2_RAG_EXISTENCE_CHECK,True,266,95,3350.675
V2C-0944,C2_RAG_EXISTENCE_CHECK,True,260,92,3350.675
V2C-0945,C2_RAG_EXISTENCE_CHECK,True,234,93,3350.675
V2C-0947,C2_RAG_EXISTENCE_CHECK,True,239,96,3350.675
V2C-0949,C2_RAG_EXISTENCE_CHECK,True,234,93,3350.675
V2C-0950,C2_RAG_EXISTENCE_CHECK,True,266,95,3350.675
V2C-0953,C2_RAG_EXISTENCE_CHECK,True,234,93,3350.675
V2C-0954,C2_RAG_EXISTENCE_CHECK,True,266,95,3350.675
V2C-0955,C2_RAG_EXISTENCE_CHECK,True,239,96,3350.675
V2C-0957,C2_RAG_EXISTENCE_CHECK,True,234,93,3350.675
V2C-0958,C2_RAG_EXISTENCE_CHECK,True,266,95,3350.675
V2C-0960,C2_RAG_EXISTENCE_CHECK,True,260,92,3350.675
V2C-0961,C2_RAG_EXISTENCE_CHECK,True,234,93,3350.675
V2C-0965,C2_RAG_EXISTENCE_CHECK,True,234,93,3350.675
V2C-0966,C2_RAG_EXISTENCE_CHECK,True,266,95,3347.674
V2C-0969,C2_RAG_EXISTENCE_CHECK,True,234,93,3347.674
V2C-0970,C2_RAG_EXISTENCE_CHECK,True,266,95,3347.674
V2C-0972,C2_RAG_EXISTENCE_CHECK,True,260,92,3347.674
V2C-0973,C2_RAG_EXISTENCE_CHECK,True,234,93,3347.674
V2C-0974,C2_RAG_EXISTENCE_CHECK,True,266,95,3347.674
V2C-0976,C2_RAG_EXISTENCE_CHECK,True,260,92,3347.674
V2C-0977,C2_RAG_EXISTENCE_CHECK,True,234,93,3347.674
V2C-0978,C2_RAG_EXISTENCE_CHECK,True,266,95,3350.675
V2C-0979,C2_RAG_EXISTENCE_CHECK,True,239,96,3350.675
V2C-0980,C2_RAG_EXISTENCE_CHECK,True,260,92,3350.675
V2C-0981,C2_RAG_EXISTENCE_CHECK,True,234,93,3350.675
V2C-0982,C2_RAG_EXISTENCE_CHECK,True,266,95,3350.675
V2C-0988,C2_RAG_EXISTENCE_CHECK,True,260,92,3350.675
V2C-0989,C2_RAG_EXISTENCE_CHECK,True,234,93,3350.675
V2C-0990,C2_RAG_EXISTENCE_CHECK,True,266,95,3350.675
V2C-0991,C2_RAG_EXISTENCE_CHECK,True,239,96,3350.675
V2C-0994,C2_RAG_EXISTENCE_CHECK,True,266,95,3350.675
V2C-0996,C2_RAG_EXISTENCE_CHECK,True,260,92,3350.675
V2C-0999,C2_RAG_EXISTENCE_CHECK,True,239,96,3350.675
V2C-1000,C2_RAG_EXISTENCE_CHECK,True,147,22,3350.675
V2C-1001,C2_RAG_EXISTENCE_CHECK,True,139,23,3350.675
V2C-1002,C2_RAG_EXISTENCE_CHECK,True,150,25,3350.675
V2C-1003,C2_RAG_EXISTENCE_CHECK,True,141,84,3350.675
V2C-1010,C2_RAG_EXISTENCE_CHECK,True,150,25,2966.629
V2C-1011,C2_RAG_EXISTENCE_CHECK,True,141,84,2966.629
V2C-1012,C2_RAG_EXISTENCE_CHECK,True,147,22,2966.629
V2C-1013,C2_RAG_EXISTENCE_CHECK,True,139,23,2966.629
V2C-1014,C2_RAG_EXISTENCE_CHECK,True,150,25,2966.629
V2C-1015,C2_RAG_EXISTENCE_CHECK,True,141,84,2966.629
V2C-1016,C2_RAG_EXISTENCE_CHECK,True,147,22,2966.629
V2C-1017,C2_RAG_EXISTENCE_CHECK,True,139,23,2966.629
V2C-1019,C2_RAG_EXISTENCE_CHECK,True,141,84,2966.629
V2C-1020,C2_RAG_EXISTENCE_CHECK,True,147,22,2966.629
V2C-1022,C2_RAG_EXISTENCE_CHECK,True,150,25,2966.629
V2C-1024,C2_RAG_EXISTENCE_CHECK,True,147,22,2966.629
V2C-1025,C2_RAG_EXISTENCE_CHECK,True,139,23,2966.629
V2C-1026,C2_RAG_EXISTENCE_CHECK,True,150,25,2966.629
V2C-1028,C2_RAG_EXISTENCE_CHECK,True,147,22,2966.629
V2C-1030,C2_RAG_EXISTENCE_CHECK,True,150,25,2966.629
V2C-1032,C2_RAG_EXISTENCE_CHECK,True,147,22,3089.637
V2C-1033,C2_RAG_EXISTENCE_CHECK,True,139,128,3089.637
V2C-1035,C2_RAG_EXISTENCE_CHECK,True,141,84,3089.637
V2C-1036,C2_RAG_EXISTENCE_CHECK,True,147,22,3089.637
V2C-1037,C2_RAG_EXISTENCE_CHECK,True,139,23,3089.637
V2C-1039,C2_RAG_EXISTENCE_CHECK,True,141,84,3089.637
V2C-1040,C2_RAG_EXISTENCE_CHECK,True,147,22,3089.637
V2C-1043,C2_RAG_EXISTENCE_CHECK,True,141,84,3089.637
V2C-1045,C2_RAG_EXISTENCE_CHECK,True,139,23,2999.633
V2C-1046,C2_RAG_EXISTENCE_CHECK,True,150,25,2999.633
V2C-1047,C2_RAG_EXISTENCE_CHECK,True,141,28,2999.633
V2C-1049,C2_RAG_EXISTENCE_CHECK,True,139,23,2999.633
V2C-1050,C2_RAG_EXISTENCE_CHECK,True,164,81,2999.633
V2C-1055,C2_RAG_EXISTENCE_CHECK,True,145,28,2999.633
V2C-1057,C2_RAG_EXISTENCE_CHECK,True,145,29,2999.633
V2C-1061,C2_RAG_EXISTENCE_CHECK,True,145,26,2999.633
V2C-1065,C2_RAG_EXISTENCE_CHECK,True,145,28,3011.633
V2C-1070,C2_RAG_EXISTENCE_CHECK,True,164,81,3011.633
V2C-1074,C2_RAG_EXISTENCE_CHECK,True,164,82,3011.633
V2C-1076,C2_RAG_EXISTENCE_CHECK,True,164,82,3011.633
V2C-1077,C2_RAG_EXISTENCE_CHECK,True,145,28,3011.633
V2C-1079,C2_RAG_EXISTENCE_CHECK,True,145,29,3011.633
V2C-1080,C2_RAG_EXISTENCE_CHECK,True,164,85,3011.633
V2C-1082,C2_RAG_EXISTENCE_CHECK,True,164,81,3011.633
V2C-1087,C2_RAG_EXISTENCE_CHECK,True,145,128,3140.643
V2C-1088,C2_RAG_EXISTENCE_CHECK,True,164,81,3140.643
V2C-1091,C2_RAG_EXISTENCE_CHECK,True,145,84,3140.643
V2C-1093,C2_RAG_EXISTENCE_CHECK,True,145,29,3140.643
V2C-1095,C2_RAG_EXISTENCE_CHECK,True,145,87,3140.643
V2C-1096,C2_RAG_EXISTENCE_CHECK,True,164,78,3140.643
V2C-1104,C2_RAG_EXISTENCE_CHECK,True,161,128,3140.643
V2C-1107,C2_RAG_EXISTENCE_CHECK,True,149,128,3140.643
V2C-1109,C2_RAG_EXISTENCE_CHECK,True,147,84,3140.643
V2C-1110,C2_RAG_EXISTENCE_CHECK,True,164,128,3140.643
V2C-1115,C2_RAG_EXISTENCE_CHECK,True,149,128,3140.643
V2C-1116,C2_RAG_EXISTENCE_CHECK,True,161,80,3140.643
V2C-1118,C2_RAG_EXISTENCE_CHECK,True,164,87,3140.643
V2C-1119,C2_RAG_EXISTENCE_CHECK,True,149,35,3140.643
V2C-1120,C2_RAG_EXISTENCE_CHECK,True,161,128,3140.643
V2C-1123,C2_RAG_EXISTENCE_CHECK,True,149,95,3140.643
V2C-1127,C2_RAG_EXISTENCE_CHECK,True,149,128,3446.682
V2C-1128,C2_RAG_EXISTENCE_CHECK,True,161,128,3446.682
V2C-1130,C2_RAG_EXISTENCE_CHECK,True,164,128,3446.682
V2C-1133,C2_RAG_EXISTENCE_CHECK,True,147,128,3446.682
V2C-1139,C2_RAG_EXISTENCE_CHECK,True,149,35,3446.682
V2C-1141,C2_RAG_EXISTENCE_CHECK,True,147,84,3446.682
V2C-1154,C2_RAG_EXISTENCE_CHECK,True,266,95,3446.682
V2C-1155,C2_RAG_EXISTENCE_CHECK,True,239,96,3446.682
V2C-1156,C2_RAG_EXISTENCE_CHECK,True,260,92,3350.675
V2C-1158,C2_RAG_EXISTENCE_CHECK,True,266,95,3350.675
V2C-1160,C2_RAG_EXISTENCE_CHECK,True,260,92,3350.675
V2C-1162,C2_RAG_EXISTENCE_CHECK,True,266,95,3350.675
V2C-1163,C2_RAG_EXISTENCE_CHECK,True,239,96,3350.675
V2C-1164,C2_RAG_EXISTENCE_CHECK,True,260,92,3350.675
V2C-1171,C2_RAG_EXISTENCE_CHECK,True,239,96,3350.675
V2C-1173,C2_RAG_EXISTENCE_CHECK,True,234,93,3350.675
V2C-1175,C2_RAG_EXISTENCE_CHECK,True,239,96,3079.603
V2C-1178,C2_RAG_EXISTENCE_CHECK,True,266,95,3079.603
V2C-1187,C2_RAG_EXISTENCE_CHECK,True,239,96,3079.603
V2C-1190,C2_RAG_EXISTENCE_CHECK,True,266,95,3079.603
V2C-1194,C2_RAG_EXISTENCE_CHECK,True,266,95,3079.603
V2C-1199,C2_RAG_EXISTENCE_CHECK,True,239,96,3079.603
EXT-ADVERSARIAL-0002,C3_JSON_SCHEMA_STRUCTURED,True,158,128,3254.658
EXT-ADVERSARIAL-0003,C3_JSON_SCHEMA_STRUCTURED,True,180,128,3254.658
EXT-ADVERSARIAL-0005,C3_JSON_SCHEMA_STRUCTURED,True,202,128,3254.658
EXT-ADVERSARIAL-0014,C3_JSON_SCHEMA_STRUCTURED,True,158,128,3254.658
EXT-ADVERSARIAL-0015,C3_JSON_SCHEMA_STRUCTURED,True,202,128,3254.658
EXT-ADVERSARIAL-0018,C3_JSON_SCHEMA_STRUCTURED,True,161,128,3254.658
EXT-ADVERSARIAL-0021,C3_JSON_SCHEMA_STRUCTURED,True,175,115,3254.658
EXT-ADVERSARIAL-0025,C3_JSON_SCHEMA_STRUCTURED,True,199,128,3254.658
EXT-ADVERSARIAL-0026,C3_JSON_SCHEMA_STRUCTURED,True,154,128,3212.651
EXT-ADVERSARIAL-0028,C3_JSON_SCHEMA_STRUCTURED,True,158,44,3212.651
EXT-ADVERSARIAL-0029,C3_JSON_SCHEMA_STRUCTURED,True,188,116,3212.651
EXT-ADVERSARIAL-0031,C3_JSON_SCHEMA_STRUCTURED,True,173,128,3212.651
EXT-ADVERSARIAL-0032,C3_JSON_SCHEMA_STRUCTURED,True,158,128,3212.651
EXT-ADVERSARIAL-0034,C3_JSON_SCHEMA_STRUCTURED,True,162,128,3212.651
EXT-ADVERSARIAL-0039,C3_JSON_SCHEMA_STRUCTURED,True,178,128,3212.651
EXT-ADVERSARIAL-0044,C3_JSON_SCHEMA_STRUCTURED,True,158,128,3212.651
EXT-ADVERSARIAL-0050,C3_JSON_SCHEMA_STRUCTURED,True,159,113,3224.651
EXT-ADVERSARIAL-0051,C3_JSON_SCHEMA_STRUCTURED,True,173,128,3224.651
EXT-ADVERSARIAL-0056,C3_JSON_SCHEMA_STRUCTURED,True,153,128,3224.651
EXT-ADVERSARIAL-0058,C3_JSON_SCHEMA_STRUCTURED,True,162,45,3224.651
EXT-ADVERSARIAL-0061,C3_JSON_SCHEMA_STRUCTURED,True,175,115,3224.651
EXT-ADVERSARIAL-0063,C3_JSON_SCHEMA_STRUCTURED,True,180,128,3224.651
EXT-ADVERSARIAL-0071,C3_JSON_SCHEMA_STRUCTURED,True,173,128,3224.651
EXT-ADVERSARIAL-0073,C3_JSON_SCHEMA_STRUCTURED,True,192,128,3224.651
EXT-ADVERSARIAL-0076,C3_JSON_SCHEMA_STRUCTURED,True,150,128,3254.658
EXT-ADVERSARIAL-0078,C3_JSON_SCHEMA_STRUCTURED,True,159,128,3254.658
EXT-ADVERSARIAL-0082,C3_JSON_SCHEMA_STRUCTURED,True,162,128,3254.658
EXT-ADVERSARIAL-0084,C3_JSON_SCHEMA_STRUCTURED,True,161,128,3254.658
EXT-ADVERSARIAL-0085,C3_JSON_SCHEMA_STRUCTURED,True,202,128,3254.658
EXT-ADVERSARIAL-0089,C3_JSON_SCHEMA_STRUCTURED,True,188,116,3254.658
EXT-ADVERSARIAL-0093,C3_JSON_SCHEMA_STRUCTURED,True,182,128,3254.658
EXT-ADVERSARIAL-0095,C3_JSON_SCHEMA_STRUCTURED,True,202,128,3254.658
EXT-ADVERSARIAL-0097,C3_JSON_SCHEMA_STRUCTURED,True,192,128,3224.651
EXT-ADVERSARIAL-0098,C3_JSON_SCHEMA_STRUCTURED,True,158,128,3224.651
EXT-AMBIGUOUS-0003,C3_JSON_SCHEMA_STRUCTURED,True,160,98,3224.651
EXT-AMBIGUOUS-0004,C3_JSON_SCHEMA_STRUCTURED,True,140,123,3224.651
EXT-AMBIGUOUS-0014,C3_JSON_SCHEMA_STRUCTURED,True,140,123,3224.651
EXT-AMBIGUOUS-0015,C3_JSON_SCHEMA_STRUCTURED,True,160,98,3224.651
EXT-AMBIGUOUS-0024,C3_JSON_SCHEMA_STRUCTURED,True,140,123,3224.651
EXT-AMBIGUOUS-0026,C3_JSON_SCHEMA_STRUCTURED,True,140,123,3224.651
EXT-AMBIGUOUS-0028,C3_JSON_SCHEMA_STRUCTURED,True,140,123,3113.64
EXT-AMBIGUOUS-0033,C3_JSON_SCHEMA_STRUCTURED,True,160,98,3113.64
EXT-AMBIGUOUS-0035,C3_JSON_SCHEMA_STRUCTURED,True,160,98,3113.64
EXT-AMBIGUOUS-0039,C3_JSON_SCHEMA_STRUCTURED,True,160,98,3113.64
EXT-AMBIGUOUS-0041,C3_JSON_SCHEMA_STRUCTURED,True,160,98,3113.64
EXT-AMBIGUOUS-0044,C3_JSON_SCHEMA_STRUCTURED,True,140,123,3113.64
EXT-AMBIGUOUS-0049,C3_JSON_SCHEMA_STRUCTURED,True,160,98,3113.64
EXT-AMBIGUOUS-0050,C3_JSON_SCHEMA_STRUCTURED,True,140,123,3113.64
EXT-INVALID_ENTITY-0004,C3_JSON_SCHEMA_STRUCTURED,True,158,44,3200.648
EXT-INVALID_ENTITY-0006,C3_JSON_SCHEMA_STRUCTURED,True,148,128,3200.648
EXT-INVALID_ENTITY-0009,C3_JSON_SCHEMA_STRUCTURED,True,167,126,3200.648
EXT-INVALID_ENTITY-0011,C3_JSON_SCHEMA_STRUCTURED,True,160,128,3200.648
EXT-INVALID_ENTITY-0013,C3_JSON_SCHEMA_STRUCTURED,True,184,128,3200.648
EXT-INVALID_ENTITY-0022,C3_JSON_SCHEMA_STRUCTURED,True,156,41,3200.648
EXT-INVALID_ENTITY-0026,C3_JSON_SCHEMA_STRUCTURED,True,150,128,3200.648
EXT-INVALID_ENTITY-0033,C3_JSON_SCHEMA_STRUCTURED,True,167,119,3200.648
EXT-INVALID_ENTITY-0034,C3_JSON_SCHEMA_STRUCTURED,True,158,44,3215.651
EXT-INVALID_ENTITY-0035,C3_JSON_SCHEMA_STRUCTURED,True,189,128,3215.651
EXT-INVALID_ENTITY-0036,C3_JSON_SCHEMA_STRUCTURED,True,147,128,3215.651
EXT-INVALID_ENTITY-0037,C3_JSON_SCHEMA_STRUCTURED,True,184,128,3215.651
EXT-INVALID_ENTITY-0038,C3_JSON_SCHEMA_STRUCTURED,True,153,126,3215.651
EXT-INVALID_ENTITY-0039,C3_JSON_SCHEMA_STRUCTURED,True,167,126,3215.651
EXT-INVALID_ENTITY-0040,C3_JSON_SCHEMA_STRUCTURED,True,156,126,3215.651
EXT-INVALID_ENTITY-0042,C3_JSON_SCHEMA_STRUCTURED,True,157,128,3215.651
EXT-INVALID_ENTITY-0043,C3_JSON_SCHEMA_STRUCTURED,True,182,126,3221.651
EXT-INVALID_ENTITY-0045,C3_JSON_SCHEMA_STRUCTURED,True,191,128,3221.651
EXT-INVALID_ENTITY-0047,C3_JSON_SCHEMA_STRUCTURED,True,181,128,3221.651
EXT-INVALID_ENTITY-0050,C3_JSON_SCHEMA_STRUCTURED,True,156,126,3221.651
EXT-INVALID_ENTITY-0053,C3_JSON_SCHEMA_STRUCTURED,True,182,128,3221.651
EXT-INVALID_ENTITY-0054,C3_JSON_SCHEMA_STRUCTURED,True,157,128,3221.651
EXT-INVALID_ENTITY-0065,C3_JSON_SCHEMA_STRUCTURED,True,188,121,3221.651
EXT-INVALID_ENTITY-0066,C3_JSON_SCHEMA_STRUCTURED,True,150,128,3221.651
EXT-INVALID_ENTITY-0069,C3_JSON_SCHEMA_STRUCTURED,True,167,126,3194.648
EXT-INVALID_ENTITY-0070,C3_JSON_SCHEMA_STRUCTURED,True,154,118,3194.648
EXT-INVALID_ENTITY-0073,C3_JSON_SCHEMA_STRUCTURED,True,181,128,3194.648
EXT-INVALID_ENTITY-0077,C3_JSON_SCHEMA_STRUCTURED,True,182,128,3194.648
EXT-INVALID_ENTITY-0078,C3_JSON_SCHEMA_STRUCTURED,True,156,128,3194.648
EXT-INVALID_ENTITY-0079,C3_JSON_SCHEMA_STRUCTURED,True,181,128,3194.648
EXT-INVALID_ENTITY-0080,C3_JSON_SCHEMA_STRUCTURED,True,156,126,3194.648
EXT-INVALID_ENTITY-0083,C3_JSON_SCHEMA_STRUCTURED,True,179,128,3194.648
EXT-INVALID_ENTITY-0084,C3_JSON_SCHEMA_STRUCTURED,True,157,128,3200.648
EXT-INVALID_ENTITY-0086,C3_JSON_SCHEMA_STRUCTURED,True,148,128,3200.648
EXT-INVALID_ENTITY-0093,C3_JSON_SCHEMA_STRUCTURED,True,170,123,3200.648
EXT-INVALID_ENTITY-0098,C3_JSON_SCHEMA_STRUCTURED,True,155,128,3200.648
EXT-NUMERIC_PROVENANCE-0008,C3_JSON_SCHEMA_STRUCTURED,True,153,128,3200.648
EXT-NUMERIC_PROVENANCE-0009,C3_JSON_SCHEMA_STRUCTURED,True,166,128,3200.648
EXT-NUMERIC_PROVENANCE-0012,C3_JSON_SCHEMA_STRUCTURED,True,154,128,3200.648
EXT-NUMERIC_PROVENANCE-0013,C3_JSON_SCHEMA_STRUCTURED,True,184,128,3200.648
EXT-NUMERIC_PROVENANCE-0015,C3_JSON_SCHEMA_STRUCTURED,True,190,128,3218.651
EXT-NUMERIC_PROVENANCE-0016,C3_JSON_SCHEMA_STRUCTURED,True,149,128,3218.651
EXT-NUMERIC_PROVENANCE-0017,C3_JSON_SCHEMA_STRUCTURED,True,177,128,3218.651
EXT-NUMERIC_PROVENANCE-0018,C3_JSON_SCHEMA_STRUCTURED,True,157,128,3218.651
EXT-NUMERIC_PROVENANCE-0019,C3_JSON_SCHEMA_STRUCTURED,True,180,128,3218.651
EXT-NUMERIC_PROVENANCE-0020,C3_JSON_SCHEMA_STRUCTURED,True,153,123,3218.651
EXT-NUMERIC_PROVENANCE-0021,C3_JSON_SCHEMA_STRUCTURED,True,163,128,3218.651
EXT-NUMERIC_PROVENANCE-0029,C3_JSON_SCHEMA_STRUCTURED,True,177,128,3218.651
EXT-NUMERIC_PROVENANCE-0031,C3_JSON_SCHEMA_STRUCTURED,True,161,128,3212.651
EXT-NUMERIC_PROVENANCE-0033,C3_JSON_SCHEMA_STRUCTURED,True,166,112,3212.651
EXT-NUMERIC_PROVENANCE-0035,C3_JSON_SCHEMA_STRUCTURED,True,188,128,3212.651
EXT-NUMERIC_PROVENANCE-0038,C3_JSON_SCHEMA_STRUCTURED,True,152,128,3212.651
EXT-NUMERIC_PROVENANCE-0039,C3_JSON_SCHEMA_STRUCTURED,True,166,128,3212.651
EXT-NUMERIC_PROVENANCE-0047,C3_JSON_SCHEMA_STRUCTURED,True,180,128,3212.651
EXT-PAIR-0001-KO,C3_JSON_SCHEMA_STRUCTURED,True,159,125,3212.651
EXT-PAIR-0004-EN,C3_JSON_SCHEMA_STRUCTURED,True,158,128,3212.651
EXT-PAIR-0004-KO,C3_JSON_SCHEMA_STRUCTURED,True,184,128,3200.648
EXT-PAIR-0007-EN,C3_JSON_SCHEMA_STRUCTURED,True,155,42,3200.648
EXT-PAIR-0009-EN,C3_JSON_SCHEMA_STRUCTURED,True,156,128,3200.648
EXT-PAIR-0010-EN,C3_JSON_SCHEMA_STRUCTURED,True,153,123,3200.648
EXT-PAIR-0013-EN,C3_JSON_SCHEMA_STRUCTURED,True,158,110,3200.648
EXT-PAIR-0013-KO,C3_JSON_SCHEMA_STRUCTURED,True,184,128,3200.648
EXT-PAIR-0021-KO,C3_JSON_SCHEMA_STRUCTURED,True,163,128,3200.648
EXT-PAIR-0026-EN,C3_JSON_SCHEMA_STRUCTURED,True,147,128,3200.648
EXT-PAIR-0026-KO,C3_JSON_SCHEMA_STRUCTURED,True,160,127,3218.651
EXT-PAIR-0027-KO,C3_JSON_SCHEMA_STRUCTURED,True,169,112,3218.651
EXT-PAIR-0029-KO,C3_JSON_SCHEMA_STRUCTURED,True,178,122,3218.651
EXT-PAIR-0030-EN,C3_JSON_SCHEMA_STRUCTURED,True,156,128,3218.651
EXT-PAIR-0034-EN,C3_JSON_SCHEMA_STRUCTURED,True,158,128,3218.651
EXT-PAIR-0035-KO,C3_JSON_SCHEMA_STRUCTURED,True,190,128,3218.651
EXT-PAIR-0039-KO,C3_JSON_SCHEMA_STRUCTURED,True,169,128,3218.651
EXT-PAIR-0040-EN,C3_JSON_SCHEMA_STRUCTURED,True,154,128,3218.651
EXT-PAIR-0041-EN,C3_JSON_SCHEMA_STRUCTURED,True,149,128,3200.648
EXT-PAIR-0043-KO,C3_JSON_SCHEMA_STRUCTURED,True,184,128,3200.648
EXT-PAIR-0047-KO,C3_JSON_SCHEMA_STRUCTURED,True,178,128,3200.648
EXT-PAIR-0048-EN,C3_JSON_SCHEMA_STRUCTURED,True,154,128,3200.648
EXT-PAIR-0049-KO,C3_JSON_SCHEMA_STRUCTURED,True,180,128,3200.648
EXT-PAIR-0055-EN,C3_JSON_SCHEMA_STRUCTURED,True,153,128,3200.648
EXT-PAIR-0056-EN,C3_JSON_SCHEMA_STRUCTURED,True,147,128,3200.648
EXT-PAIR-0063-KO,C3_JSON_SCHEMA_STRUCTURED,True,166,128,3200.648
EXT-PAIR-0064-EN,C3_JSON_SCHEMA_STRUCTURED,True,158,128,3215.651
EXT-PAIR-0072-EN,C3_JSON_SCHEMA_STRUCTURED,True,155,128,3215.651
EXT-PAIR-0073-KO,C3_JSON_SCHEMA_STRUCTURED,True,180,128,3215.651
EXT-PAIR-0078-KO,C3_JSON_SCHEMA_STRUCTURED,True,170,119,3215.651
EXT-PAIR-0080-EN,C3_JSON_SCHEMA_STRUCTURED,True,154,128,3215.651
EXT-PAIR-0080-KO,C3_JSON_SCHEMA_STRUCTURED,True,189,125,3215.651
EXT-PAIR-0082-EN,C3_JSON_SCHEMA_STRUCTURED,True,155,42,3215.651
EXT-PAIR-0083-KO,C3_JSON_SCHEMA_STRUCTURED,True,181,128,3215.651
EXT-PAIR-0085-EN,C3_JSON_SCHEMA_STRUCTURED,True,155,128,3160.144
EXT-PAIR-0088-EN,C3_JSON_SCHEMA_STRUCTURED,True,155,128,3160.144
EXT-PAIR-0089-EN,C3_JSON_SCHEMA_STRUCTURED,True,151,128,3160.144
EXT-PAIR-0091-EN,C3_JSON_SCHEMA_STRUCTURED,True,150,128,3160.144
EXT-PAIR-0091-KO,C3_JSON_SCHEMA_STRUCTURED,True,163,128,3160.144
EXT-PAIR-0094-EN,C3_JSON_SCHEMA_STRUCTURED,True,158,128,3160.144
EXT-PAIR-0096-EN,C3_JSON_SCHEMA_STRUCTURED,True,147,128,3160.144
EXT-PAIR-0099-KO,C3_JSON_SCHEMA_STRUCTURED,True,169,128,3160.144
EXT-PAIR-0104-KO,C3_JSON_SCHEMA_STRUCTURED,True,178,128,3218.651
EXT-PAIR-0109-KO,C3_JSON_SCHEMA_STRUCTURED,True,180,128,3218.651
EXT-PAIR-0115-KO,C3_JSON_SCHEMA_STRUCTURED,True,190,128,3218.651
EXT-PAIR-0116-KO,C3_JSON_SCHEMA_STRUCTURED,True,162,128,3218.651
EXT-PAIR-0117-EN,C3_JSON_SCHEMA_STRUCTURED,True,156,128,3218.651
EXT-PAIR-0121-EN,C3_JSON_SCHEMA_STRUCTURED,True,146,128,3218.651
EXT-PAIR-0128-KO,C3_JSON_SCHEMA_STRUCTURED,True,178,128,3218.651
EXT-PAIR-0136-KO,C3_JSON_SCHEMA_STRUCTURED,True,160,128,3218.651
EXT-PAIR-0140-EN,C3_JSON_SCHEMA_STRUCTURED,True,156,128,3221.651
EXT-PAIR-0140-KO,C3_JSON_SCHEMA_STRUCTURED,True,191,128,3221.651
EXT-PAIR-0143-EN,C3_JSON_SCHEMA_STRUCTURED,True,150,43,3221.651
EXT-PAIR-0144-EN,C3_JSON_SCHEMA_STRUCTURED,True,157,128,3221.651
EXT-PAIR-0146-EN,C3_JSON_SCHEMA_STRUCTURED,True,147,128,3221.651
EXT-PAIR-0148-EN,C3_JSON_SCHEMA_STRUCTURED,True,157,43,3221.651
EXT-PAIR-0148-KO,C3_JSON_SCHEMA_STRUCTURED,True,183,128,3221.651
EXT-PAIR-0149-KO,C3_JSON_SCHEMA_STRUCTURED,True,178,122,3221.651
EXT-PAIR-0150-KO,C3_JSON_SCHEMA_STRUCTURED,True,191,128,3221.651
EXT-PAIR-0152-KO,C3_JSON_SCHEMA_STRUCTURED,True,179,128,3221.651
EXT-PAIR-0154-KO,C3_JSON_SCHEMA_STRUCTURED,True,184,128,3221.651
EXT-PAIR-0157-KO,C3_JSON_SCHEMA_STRUCTURED,True,183,128,3221.651
EXT-PAIR-0159-EN,C3_JSON_SCHEMA_STRUCTURED,True,156,128,3221.651
EXT-PAIR-0161-EN,C3_JSON_SCHEMA_STRUCTURED,True,149,128,3221.651
EXT-PAIR-0162-EN,C3_JSON_SCHEMA_STRUCTURED,True,154,128,3221.651
EXT-PAIR-0166-EN,C3_JSON_SCHEMA_STRUCTURED,True,150,128,3221.651
EXT-PAIR-0166-KO,C3_JSON_SCHEMA_STRUCTURED,True,163,128,3200.648
EXT-PAIR-0167-EN,C3_JSON_SCHEMA_STRUCTURED,True,151,128,3200.648
EXT-PAIR-0169-EN,C3_JSON_SCHEMA_STRUCTURED,True,154,41,3200.648
EXT-PAIR-0170-EN,C3_JSON_SCHEMA_STRUCTURED,True,153,123,3200.648
EXT-PAIR-0174-KO,C3_JSON_SCHEMA_STRUCTURED,True,170,121,3200.648
EXT-PAIR-0175-EN,C3_JSON_SCHEMA_STRUCTURED,True,153,128,3200.648
EXT-PAIR-0179-EN,C3_JSON_SCHEMA_STRUCTURED,True,151,128,3200.648
EXT-PAIR-0184-KO,C3_JSON_SCHEMA_STRUCTURED,True,184,128,3200.648
EXT-PAIR-0191-EN,C3_JSON_SCHEMA_STRUCTURED,True,146,128,3218.651
EXT-PAIR-0191-KO,C3_JSON_SCHEMA_STRUCTURED,True,159,128,3218.651
EXT-PAIR-0193-EN,C3_JSON_SCHEMA_STRUCTURED,True,154,128,3218.651
EXT-PAIR-0194-EN,C3_JSON_SCHEMA_STRUCTURED,True,151,128,3218.651
EXT-PAIR-0194-KO,C3_JSON_SCHEMA_STRUCTURED,True,178,128,3218.651
EXT-PAIR-0195-EN,C3_JSON_SCHEMA_STRUCTURED,True,155,128,3218.651
EXT-PAIR-0195-KO,C3_JSON_SCHEMA_STRUCTURED,True,190,128,3218.651
EXT-PARAPHRASE-0003,C3_JSON_SCHEMA_STRUCTURED,True,168,124,3218.651
EXT-PARAPHRASE-0004,C3_JSON_SCHEMA_STRUCTURED,True,158,128,3218.651
EXT-PARAPHRASE-0005,C3_JSON_SCHEMA_STRUCTURED,True,190,128,3218.651
EXT-PARAPHRASE-0020,C3_JSON_SCHEMA_STRUCTURED,True,153,123,3218.651
EXT-PARAPHRASE-0026,C3_JSON_SCHEMA_STRUCTURED,True,150,128,3218.651
EXT-PARAPHRASE-0028,C3_JSON_SCHEMA_STRUCTURED,True,154,41,3218.651
EXT-PARAPHRASE-0030,C3_JSON_SCHEMA_STRUCTURED,True,154,128,3218.651
EXT-PARAPHRASE-0034,C3_JSON_SCHEMA_STRUCTURED,True,158,128,3218.651
EXT-PARAPHRASE-0039,C3_JSON_SCHEMA_STRUCTURED,True,166,128,3218.651
EXT-PARAPHRASE-0069,C3_JSON_SCHEMA_STRUCTURED,True,166,128,3188.648
EXT-PARAPHRASE-0076,C3_JSON_SCHEMA_STRUCTURED,True,146,128,3188.648
EXT-PARAPHRASE-0080,C3_JSON_SCHEMA_STRUCTURED,True,156,128,3188.648
EXT-PARAPHRASE-0091,C3_JSON_SCHEMA_STRUCTURED,True,161,128,3188.648
EXT-PARAPHRASE-0097,C3_JSON_SCHEMA_STRUCTURED,True,180,128,3188.648
EXT-PARAPHRASE-0101,C3_JSON_SCHEMA_STRUCTURED,True,163,128,3188.648
EXT-PARAPHRASE-0114,C3_JSON_SCHEMA_STRUCTURED,True,157,128,3188.648
EXT-PARAPHRASE-0121,C3_JSON_SCHEMA_STRUCTURED,True,159,125,3188.648
EXT-PARAPHRASE-0150,C3_JSON_SCHEMA_STRUCTURED,True,154,128,3146.643
EXT-PARAPHRASE-0154,C3_JSON_SCHEMA_STRUCTURED,True,158,128,3146.643
EXT-PARAPHRASE-0158,C3_JSON_SCHEMA_STRUCTURED,True,152,128,3146.643
EXT-PARAPHRASE-0159,C3_JSON_SCHEMA_STRUCTURED,True,166,128,3146.643
EXT-PARAPHRASE-0162,C3_JSON_SCHEMA_STRUCTURED,True,157,128,3146.643
EXT-PARAPHRASE-0166,C3_JSON_SCHEMA_STRUCTURED,True,148,128,3146.643
EXT-PARAPHRASE-0172,C3_JSON_SCHEMA_STRUCTURED,True,155,42,3146.643
EXT-PARAPHRASE-0176,C3_JSON_SCHEMA_STRUCTURED,True,149,128,3146.643
EXT-PARAPHRASE-0183,C3_JSON_SCHEMA_STRUCTURED,True,168,128,3311.851
EXT-PARAPHRASE-0191,C3_JSON_SCHEMA_STRUCTURED,True,161,128,3311.851
EXT-PARAPHRASE-0194,C3_JSON_SCHEMA_STRUCTURED,True,154,128,3311.851
EXT-PARAPHRASE-0197,C3_JSON_SCHEMA_STRUCTURED,True,181,128,3311.851
EXT-POLICY_CONFLICT-0001,C3_JSON_SCHEMA_STRUCTURED,True,190,125,3311.851
EXT-POLICY_CONFLICT-0010,C3_JSON_SCHEMA_STRUCTURED,True,162,128,3311.851
EXT-POLICY_CONFLICT-0012,C3_JSON_SCHEMA_STRUCTURED,True,159,128,3311.851
EXT-POLICY_CONFLICT-0015,C3_JSON_SCHEMA_STRUCTURED,True,221,128,3311.851
EXT-POLICY_CONFLICT-0017,C3_JSON_SCHEMA_STRUCTURED,True,208,128,3288.598
EXT-POLICY_CONFLICT-0019,C3_JSON_SCHEMA_STRUCTURED,True,211,128,3288.598
EXT-POLICY_CONFLICT-0022,C3_JSON_SCHEMA_STRUCTURED,True,162,32,3288.598
EXT-POLICY_CONFLICT-0027,C3_JSON_SCHEMA_STRUCTURED,True,198,127,3288.598
EXT-POLICY_CONFLICT-0030,C3_JSON_SCHEMA_STRUCTURED,True,160,128,3288.598
EXT-POLICY_CONFLICT-0034,C3_JSON_SCHEMA_STRUCTURED,True,164,128,3288.598
EXT-POLICY_CONFLICT-0043,C3_JSON_SCHEMA_STRUCTURED,True,213,128,3288.598
EXT-POLICY_CONFLICT-0044,C3_JSON_SCHEMA_STRUCTURED,True,159,128,3288.598
EXT-POLICY_CONFLICT-0055,C3_JSON_SCHEMA_STRUCTURED,True,221,128,3311.851
EXT-POLICY_CONFLICT-0056,C3_JSON_SCHEMA_STRUCTURED,True,155,125,3311.851
EXT-POLICY_CONFLICT-0057,C3_JSON_SCHEMA_STRUCTURED,True,197,121,3311.851
EXT-POLICY_CONFLICT-0060,C3_JSON_SCHEMA_STRUCTURED,True,159,122,3311.851
EXT-POLICY_CONFLICT-0061,C3_JSON_SCHEMA_STRUCTURED,True,194,118,3311.851
EXT-POLICY_CONFLICT-0062,C3_JSON_SCHEMA_STRUCTURED,True,157,128,3311.851
EXT-POLICY_CONFLICT-0065,C3_JSON_SCHEMA_STRUCTURED,True,218,128,3311.851
EXT-POLICY_CONFLICT-0066,C3_JSON_SCHEMA_STRUCTURED,True,156,122,3311.851
EXT-POLICY_CONFLICT-0071,C3_JSON_SCHEMA_STRUCTURED,True,192,128,3305.945
EXT-POLICY_CONFLICT-0073,C3_JSON_SCHEMA_STRUCTURED,True,211,123,3305.945
EXT-POLICY_CONFLICT-0075,C3_JSON_SCHEMA_STRUCTURED,True,219,71,3305.945
EXT-POLICY_CONFLICT-0080,C3_JSON_SCHEMA_STRUCTURED,True,162,128,3305.945
EXT-POLICY_CONFLICT-0081,C3_JSON_SCHEMA_STRUCTURED,True,190,125,3305.945
EXT-POLICY_CONFLICT-0086,C3_JSON_SCHEMA_STRUCTURED,True,154,110,3305.945
EXT-POLICY_CONFLICT-0091,C3_JSON_SCHEMA_STRUCTURED,True,192,128,3305.945
EXT-POLICY_CONFLICT-0094,C3_JSON_SCHEMA_STRUCTURED,True,164,128,3305.945
EXT-POLICY_CONFLICT-0095,C3_JSON_SCHEMA_STRUCTURED,True,221,128,4583.822
EXT-POLICY_CONFLICT-0098,C3_JSON_SCHEMA_STRUCTURED,True,159,128,4583.822
EXT-POLICY_CONFLICT-0099,C3_JSON_SCHEMA_STRUCTURED,True,197,128,4583.822
EXT-POLICY_CONFLICT-0100,C3_JSON_SCHEMA_STRUCTURED,True,159,122,4583.822
SEC3B-000-EN,C3_JSON_SCHEMA_STRUCTURED,True,617,128,4583.822
SEC3B-000-KO,C3_JSON_SCHEMA_STRUCTURED,True,645,128,4583.822
SEC3B-001-KO,C3_JSON_SCHEMA_STRUCTURED,True,645,128,4583.822
SEC3B-002-EN,C3_JSON_SCHEMA_STRUCTURED,True,634,128,4583.822
SEC3B-005-EN,C3_JSON_SCHEMA_STRUCTURED,True,639,128,4670.834
SEC3B-005-KO,C3_JSON_SCHEMA_STRUCTURED,True,667,128,4670.834
SEC3B-009-KO,C3_JSON_SCHEMA_STRUCTURED,True,653,128,4670.834
SEC3B-010-EN,C3_JSON_SCHEMA_STRUCTURED,True,640,128,4670.834
SEC3B-012-EN,C3_JSON_SCHEMA_STRUCTURED,True,646,128,4670.834
SEC3B-012-KO,C3_JSON_SCHEMA_STRUCTURED,True,674,128,4670.834
SEC3B-013-EN,C3_JSON_SCHEMA_STRUCTURED,True,646,128,4670.834
SEC3B-014-KO,C3_JSON_SCHEMA_STRUCTURED,True,658,128,4670.834
SEC3B-015-EN,C3_JSON_SCHEMA_STRUCTURED,True,630,128,4712.837
SEC3B-016-EN,C3_JSON_SCHEMA_STRUCTURED,True,638,128,4712.837
SEC3B-016-KO,C3_JSON_SCHEMA_STRUCTURED,True,666,128,4712.837
SEC3B-018-EN,C3_JSON_SCHEMA_STRUCTURED,True,655,128,4712.837
SEC3B-020-EN,C3_JSON_SCHEMA_STRUCTURED,True,660,128,4712.837
SEC3B-020-KO,C3_JSON_SCHEMA_STRUCTURED,True,688,128,4712.837
SEC3B-021-KO,C3_JSON_SCHEMA_STRUCTURED,True,688,128,4712.837
SEC3B-023-EN,C3_JSON_SCHEMA_STRUCTURED,True,643,128,4712.837
SEC3B-025-EN,C3_JSON_SCHEMA_STRUCTURED,True,633,128,4694.837
SEC3B-025-KO,C3_JSON_SCHEMA_STRUCTURED,True,661,128,4694.837
SEC3B-026-EN,C3_JSON_SCHEMA_STRUCTURED,True,649,128,4694.837
SEC3B-028-KO,C3_JSON_SCHEMA_STRUCTURED,True,682,128,4694.837
SEC3B-030-EN,C3_JSON_SCHEMA_STRUCTURED,True,614,128,4694.837
SEC3B-030-KO,C3_JSON_SCHEMA_STRUCTURED,True,642,128,4694.837
SEC3B-031-EN,C3_JSON_SCHEMA_STRUCTURED,True,614,128,4694.837
SEC3B-032-EN,C3_JSON_SCHEMA_STRUCTURED,True,631,128,4694.837
SEC3B-032-KO,C3_JSON_SCHEMA_STRUCTURED,True,659,128,4763.441
SEC3B-034-EN,C3_JSON_SCHEMA_STRUCTURED,True,635,128,4763.441
SEC3B-037-KO,C3_JSON_SCHEMA_STRUCTURED,True,646,128,4763.441
SEC3B-038-KO,C3_JSON_SCHEMA_STRUCTURED,True,682,128,4763.441
SEC3B-039-EN,C3_JSON_SCHEMA_STRUCTURED,True,654,128,4763.441
SEC3B-040-KO,C3_JSON_SCHEMA_STRUCTURED,True,697,128,4763.441
SEC3B-043-EN,C3_JSON_SCHEMA_STRUCTURED,True,674,128,4763.441
SEC3B-043-KO,C3_JSON_SCHEMA_STRUCTURED,True,702,128,4763.441
SEC3B-044-KO,C3_JSON_SCHEMA_STRUCTURED,True,686,128,4706.837
SEC3B-045-EN,C3_JSON_SCHEMA_STRUCTURED,True,658,128,4706.837
SEC3B-048-KO,C3_JSON_SCHEMA_STRUCTURED,True,681,128,4706.837
SEC3B-050-EN,C3_JSON_SCHEMA_STRUCTURED,True,658,128,4706.837
SEC3B-051-KO,C3_JSON_SCHEMA_STRUCTURED,True,686,128,4706.837
SEC3B-052-EN,C3_JSON_SCHEMA_STRUCTURED,True,642,128,4706.837
SEC3B-053-EN,C3_JSON_SCHEMA_STRUCTURED,True,642,128,4706.837
SEC3B-054-KO,C3_JSON_SCHEMA_STRUCTURED,True,657,128,4706.837
SEC3B-059-EN,C3_JSON_SCHEMA_STRUCTURED,True,650,128,4703.837
SEC3B-060-EN,C3_JSON_SCHEMA_STRUCTURED,True,634,128,4703.837
SEC3B-061-EN,C3_JSON_SCHEMA_STRUCTURED,True,634,128,4703.837
SEC3B-069-KO,C3_JSON_SCHEMA_STRUCTURED,True,663,128,4703.837
SEC3B-071-EN,C3_JSON_SCHEMA_STRUCTURED,True,653,128,4703.837
SEC3B-072-EN,C3_JSON_SCHEMA_STRUCTURED,True,657,128,4703.837
SEC3B-073-KO,C3_JSON_SCHEMA_STRUCTURED,True,685,128,4703.837
SEC3B-076-EN,C3_JSON_SCHEMA_STRUCTURED,True,618,128,4703.837
SEC3B-077-EN,C3_JSON_SCHEMA_STRUCTURED,True,618,128,4700.837
SEC3B-078-EN,C3_JSON_SCHEMA_STRUCTURED,True,634,128,4700.837
SEC3B-081-KO,C3_JSON_SCHEMA_STRUCTURED,True,667,128,4700.837
SEC3B-082-EN,C3_JSON_SCHEMA_STRUCTURED,True,635,128,4700.837
SEC3B-084-EN,C3_JSON_SCHEMA_STRUCTURED,True,651,128,4700.837
SEC3B-086-KO,C3_JSON_SCHEMA_STRUCTURED,True,684,128,4700.837
SEC3B-087-KO,C3_JSON_SCHEMA_STRUCTURED,True,684,128,4700.837
SEC3B-088-EN,C3_JSON_SCHEMA_STRUCTURED,True,640,128,4700.837
SEC3B-089-EN,C3_JSON_SCHEMA_STRUCTURED,True,640,128,4631.828
SEC3B-090-EN,C3_JSON_SCHEMA_STRUCTURED,True,616,128,4631.828
SEC3B-090-KO,C3_JSON_SCHEMA_STRUCTURED,True,644,128,4631.828
SEC3B-093-EN,C3_JSON_SCHEMA_STRUCTURED,True,633,128,4631.828
SEC3B-093-KO,C3_JSON_SCHEMA_STRUCTURED,True,661,128,4631.828
SEC3B-099-KO,C3_JSON_SCHEMA_STRUCTURED,True,647,128,4631.828
V2C-0004,C3_JSON_SCHEMA_STRUCTURED,True,265,128,4631.828
V2C-0010,C3_JSON_SCHEMA_STRUCTURED,True,271,128,4631.828
V2C-0016,C3_JSON_SCHEMA_STRUCTURED,True,265,128,3461.682
V2C-0018,C3_JSON_SCHEMA_STRUCTURED,True,271,128,3461.682
V2C-0020,C3_JSON_SCHEMA_STRUCTURED,True,265,128,3461.682
V2C-0026,C3_JSON_SCHEMA_STRUCTURED,True,271,128,3461.682
V2C-0027,C3_JSON_SCHEMA_STRUCTURED,True,243,128,3461.682
V2C-0030,C3_JSON_SCHEMA_STRUCTURED,True,271,128,3461.682
V2C-0032,C3_JSON_SCHEMA_STRUCTURED,True,265,128,3461.682
V2C-0034,C3_JSON_SCHEMA_STRUCTURED,True,271,128,3461.682
V2C-0048,C3_JSON_SCHEMA_STRUCTURED,True,265,128,3461.682
V2C-0056,C3_JSON_SCHEMA_STRUCTURED,True,265,128,3461.682
V2C-0061,C3_JSON_SCHEMA_STRUCTURED,True,237,128,3461.682
V2C-0066,C3_JSON_SCHEMA_STRUCTURED,True,271,128,3461.682
V2C-0072,C3_JSON_SCHEMA_STRUCTURED,True,265,128,3461.682
V2C-0078,C3_JSON_SCHEMA_STRUCTURED,True,271,128,3461.682
V2C-0084,C3_JSON_SCHEMA_STRUCTURED,True,265,128,3461.682
V2C-0087,C3_JSON_SCHEMA_STRUCTURED,True,243,128,3461.682
V2C-0116,C3_JSON_SCHEMA_STRUCTURED,True,265,128,3443.68
V2C-0127,C3_JSON_SCHEMA_STRUCTURED,True,243,128,3443.68
V2C-0128,C3_JSON_SCHEMA_STRUCTURED,True,265,128,3443.68
V2C-0137,C3_JSON_SCHEMA_STRUCTURED,True,237,128,3443.68
V2C-0148,C3_JSON_SCHEMA_STRUCTURED,True,265,128,3443.68
V2C-0156,C3_JSON_SCHEMA_STRUCTURED,True,265,128,3443.68
V2C-0172,C3_JSON_SCHEMA_STRUCTURED,True,265,128,3443.68
V2C-0176,C3_JSON_SCHEMA_STRUCTURED,True,265,128,3443.68
V2C-0181,C3_JSON_SCHEMA_STRUCTURED,True,237,128,3461.682
V2C-0184,C3_JSON_SCHEMA_STRUCTURED,True,265,128,3461.682
V2C-0197,C3_JSON_SCHEMA_STRUCTURED,True,237,128,3461.682
V2C-0201,C3_JSON_SCHEMA_STRUCTURED,True,237,128,3461.682
V2C-0202,C3_JSON_SCHEMA_STRUCTURED,True,271,128,3461.682
V2C-0207,C3_JSON_SCHEMA_STRUCTURED,True,243,128,3461.682
V2C-0210,C3_JSON_SCHEMA_STRUCTURED,True,271,128,3461.682
V2C-0219,C3_JSON_SCHEMA_STRUCTURED,True,243,128,3461.682
V2C-0221,C3_JSON_SCHEMA_STRUCTURED,True,237,128,3461.682
V2C-0223,C3_JSON_SCHEMA_STRUCTURED,True,243,128,3461.682
V2C-0229,C3_JSON_SCHEMA_STRUCTURED,True,237,128,3461.682
V2C-0263,C3_JSON_SCHEMA_STRUCTURED,True,243,128,3461.682
V2C-0265,C3_JSON_SCHEMA_STRUCTURED,True,237,128,3461.682
V2C-0274,C3_JSON_SCHEMA_STRUCTURED,True,271,128,3461.682
V2C-0276,C3_JSON_SCHEMA_STRUCTURED,True,265,128,3461.682
V2C-0297,C3_JSON_SCHEMA_STRUCTURED,True,237,128,3461.682
V2C-0298,C3_JSON_SCHEMA_STRUCTURED,True,271,128,3461.682
V2C-0300,C3_JSON_SCHEMA_STRUCTURED,True,265,128,3461.682
V2C-0328,C3_JSON_SCHEMA_STRUCTURED,True,265,128,3461.682
V2C-0342,C3_JSON_SCHEMA_STRUCTURED,True,271,128,3461.682
V2C-0348,C3_JSON_SCHEMA_STRUCTURED,True,265,128,3461.682
V2C-0351,C3_JSON_SCHEMA_STRUCTURED,True,243,128,3461.682
V2C-0354,C3_JSON_SCHEMA_STRUCTURED,True,271,128,3461.682
V2C-0357,C3_JSON_SCHEMA_STRUCTURED,True,237,128,3461.682
V2C-0360,C3_JSON_SCHEMA_STRUCTURED,True,265,128,3461.682
V2C-0365,C3_JSON_SCHEMA_STRUCTURED,True,237,128,3461.682
V2C-0369,C3_JSON_SCHEMA_STRUCTURED,True,237,128,3461.682
V2C-0370,C3_JSON_SCHEMA_STRUCTURED,True,271,128,3461.682
V2C-0374,C3_JSON_SCHEMA_STRUCTURED,True,271,128,3461.682
V2C-0380,C3_JSON_SCHEMA_STRUCTURED,True,265,128,3461.682
V2C-0384,C3_JSON_SCHEMA_STRUCTURED,True,265,128,3461.682
V2C-0396,C3_JSON_SCHEMA_STRUCTURED,True,265,128,3461.682
V2C-0399,C3_JSON_SCHEMA_STRUCTURED,True,243,128,3461.682
V2C-0400,C3_JSON_SCHEMA_STRUCTURED,True,265,128,3461.682
V2C-0401,C3_JSON_SCHEMA_STRUCTURED,True,239,128,3461.682
V2C-0403,C3_JSON_SCHEMA_STRUCTURED,True,244,128,3461.682
V2C-0409,C3_JSON_SCHEMA_STRUCTURED,True,239,128,3461.682
V2C-0415,C3_JSON_SCHEMA_STRUCTURED,True,244,128,3461.682
V2C-0418,C3_JSON_SCHEMA_STRUCTURED,True,271,128,3461.682
V2C-0424,C3_JSON_SCHEMA_STRUCTURED,True,265,128,3461.682
V2C-0427,C3_JSON_SCHEMA_STRUCTURED,True,244,128,3461.682
V2C-0430,C3_JSON_SCHEMA_STRUCTURED,True,271,128,3461.682
V2C-0431,C3_JSON_SCHEMA_STRUCTURED,True,244,128,3461.682
V2C-0458,C3_JSON_SCHEMA_STRUCTURED,True,271,128,3461.682
V2C-0462,C3_JSON_SCHEMA_STRUCTURED,True,271,128,3461.682
V2C-0478,C3_JSON_SCHEMA_STRUCTURED,True,271,128,3461.682
V2C-0487,C3_JSON_SCHEMA_STRUCTURED,True,244,128,3461.682
V2C-0502,C3_JSON_SCHEMA_STRUCTURED,True,271,128,3461.682
V2C-0505,C3_JSON_SCHEMA_STRUCTURED,True,239,128,3461.682
V2C-0512,C3_JSON_SCHEMA_STRUCTURED,True,265,128,3461.682
V2C-0528,C3_JSON_SCHEMA_STRUCTURED,True,265,128,3461.682
V2C-0530,C3_JSON_SCHEMA_STRUCTURED,True,271,128,3461.682
V2C-0532,C3_JSON_SCHEMA_STRUCTURED,True,265,128,3461.682
V2C-0533,C3_JSON_SCHEMA_STRUCTURED,True,239,128,3461.682
V2C-0536,C3_JSON_SCHEMA_STRUCTURED,True,265,128,3461.682
V2C-0560,C3_JSON_SCHEMA_STRUCTURED,True,265,128,3461.682
V2C-0575,C3_JSON_SCHEMA_STRUCTURED,True,244,128,3461.682
V2C-0589,C3_JSON_SCHEMA_STRUCTURED,True,239,128,3461.682
V2C-0604,C3_JSON_SCHEMA_STRUCTURED,True,265,128,3461.682
V2C-0606,C3_JSON_SCHEMA_STRUCTURED,True,271,128,3461.682
V2C-0611,C3_JSON_SCHEMA_STRUCTURED,True,244,128,3461.682
V2C-0615,C3_JSON_SCHEMA_STRUCTURED,True,244,128,3461.682
V2C-0617,C3_JSON_SCHEMA_STRUCTURED,True,239,128,3461.682
V2C-0621,C3_JSON_SCHEMA_STRUCTURED,True,239,128,3461.682
V2C-0630,C3_JSON_SCHEMA_STRUCTURED,True,271,128,3461.682
V2C-0632,C3_JSON_SCHEMA_STRUCTURED,True,265,128,3461.682
V2C-0635,C3_JSON_SCHEMA_STRUCTURED,True,244,128,3461.682
V2C-0653,C3_JSON_SCHEMA_STRUCTURED,True,239,128,3461.682
V2C-0658,C3_JSON_SCHEMA_STRUCTURED,True,271,128,3461.682
V2C-0670,C3_JSON_SCHEMA_STRUCTURED,True,271,128,3461.682
V2C-0674,C3_JSON_SCHEMA_STRUCTURED,True,271,128,3461.682
V2C-0681,C3_JSON_SCHEMA_STRUCTURED,True,239,128,3461.682
V2C-0698,C3_JSON_SCHEMA_STRUCTURED,True,271,128,3461.682
V2C-0700,C3_JSON_SCHEMA_STRUCTURED,True,265,128,3461.682
V2C-0701,C3_JSON_SCHEMA_STRUCTURED,True,239,128,3461.682
V2C-0708,C3_JSON_SCHEMA_STRUCTURED,True,265,128,3461.682
V2C-0714,C3_JSON_SCHEMA_STRUCTURED,True,271,128,3461.682
V2C-0717,C3_JSON_SCHEMA_STRUCTURED,True,239,128,3461.682
V2C-0718,C3_JSON_SCHEMA_STRUCTURED,True,271,128,3461.682
V2C-0722,C3_JSON_SCHEMA_STRUCTURED,True,271,128,3461.682
V2C-0729,C3_JSON_SCHEMA_STRUCTURED,True,239,128,3461.682
V2C-0735,C3_JSON_SCHEMA_STRUCTURED,True,244,128,3461.682
V2C-0738,C3_JSON_SCHEMA_STRUCTURED,True,271,128,3461.682
V2C-0744,C3_JSON_SCHEMA_STRUCTURED,True,265,128,3461.682
V2C-0745,C3_JSON_SCHEMA_STRUCTURED,True,239,128,3461.682
V2C-0757,C3_JSON_SCHEMA_STRUCTURED,True,239,128,3461.682
V2C-0761,C3_JSON_SCHEMA_STRUCTURED,True,239,128,3461.682
V2C-0767,C3_JSON_SCHEMA_STRUCTURED,True,244,128,3461.682
V2C-0772,C3_JSON_SCHEMA_STRUCTURED,True,265,128,3461.682
V2C-0773,C3_JSON_SCHEMA_STRUCTURED,True,239,128,3461.682
V2C-0787,C3_JSON_SCHEMA_STRUCTURED,True,244,128,3461.682
V2C-0790,C3_JSON_SCHEMA_STRUCTURED,True,271,128,3461.682
V2C-0795,C3_JSON_SCHEMA_STRUCTURED,True,244,128,3461.682
V2C-0796,C3_JSON_SCHEMA_STRUCTURED,True,265,128,3461.682
V2C-0797,C3_JSON_SCHEMA_STRUCTURED,True,239,128,3461.682
V2C-0801,C3_JSON_SCHEMA_STRUCTURED,True,239,128,3461.682
V2C-0803,C3_JSON_SCHEMA_STRUCTURED,True,244,128,3461.682
V2C-0811,C3_JSON_SCHEMA_STRUCTURED,True,244,128,3461.682
V2C-0813,C3_JSON_SCHEMA_STRUCTURED,True,239,128,3461.682
V2C-0815,C3_JSON_SCHEMA_STRUCTURED,True,244,128,3461.682
V2C-0827,C3_JSON_SCHEMA_STRUCTURED,True,244,128,3461.682
V2C-0835,C3_JSON_SCHEMA_STRUCTURED,True,244,128,3461.682
V2C-0839,C3_JSON_SCHEMA_STRUCTURED,True,244,128,3461.682
V2C-0842,C3_JSON_SCHEMA_STRUCTURED,True,271,128,3461.682
V2C-0844,C3_JSON_SCHEMA_STRUCTURED,True,265,128,3461.682
V2C-0847,C3_JSON_SCHEMA_STRUCTURED,True,244,128,3461.682
V2C-0850,C3_JSON_SCHEMA_STRUCTURED,True,271,128,3461.682
V2C-0851,C3_JSON_SCHEMA_STRUCTURED,True,244,128,3461.682
V2C-0859,C3_JSON_SCHEMA_STRUCTURED,True,244,128,3461.682
V2C-0862,C3_JSON_SCHEMA_STRUCTURED,True,271,128,3461.682
V2C-0863,C3_JSON_SCHEMA_STRUCTURED,True,244,128,3461.682
V2C-0867,C3_JSON_SCHEMA_STRUCTURED,True,244,128,3461.682
V2C-0881,C3_JSON_SCHEMA_STRUCTURED,True,239,128,3461.682
V2C-0886,C3_JSON_SCHEMA_STRUCTURED,True,271,128,3461.682
V2C-0900,C3_JSON_SCHEMA_STRUCTURED,True,265,128,3461.682
V2C-0901,C3_JSON_SCHEMA_STRUCTURED,True,239,128,3461.682
V2C-0902,C3_JSON_SCHEMA_STRUCTURED,True,271,128,3461.682
V2C-0903,C3_JSON_SCHEMA_STRUCTURED,True,244,128,3461.682
V2C-0904,C3_JSON_SCHEMA_STRUCTURED,True,265,128,3461.682
V2C-0907,C3_JSON_SCHEMA_STRUCTURED,True,244,128,3461.682
V2C-0908,C3_JSON_SCHEMA_STRUCTURED,True,265,128,3461.682
V2C-0909,C3_JSON_SCHEMA_STRUCTURED,True,239,128,3461.682
V2C-0911,C3_JSON_SCHEMA_STRUCTURED,True,244,128,3461.682
V2C-0912,C3_JSON_SCHEMA_STRUCTURED,True,265,128,3461.682
V2C-0913,C3_JSON_SCHEMA_STRUCTURED,True,239,128,3461.682
V2C-0914,C3_JSON_SCHEMA_STRUCTURED,True,271,128,3461.682
V2C-0915,C3_JSON_SCHEMA_STRUCTURED,True,244,128,3461.682
V2C-0916,C3_JSON_SCHEMA_STRUCTURED,True,265,128,3461.682
V2C-0917,C3_JSON_SCHEMA_STRUCTURED,True,239,128,3461.682
V2C-0918,C3_JSON_SCHEMA_STRUCTURED,True,271,128,3461.682
V2C-0919,C3_JSON_SCHEMA_STRUCTURED,True,244,128,3461.682
V2C-0921,C3_JSON_SCHEMA_STRUCTURED,True,239,128,3461.682
V2C-0922,C3_JSON_SCHEMA_STRUCTURED,True,271,128,3461.682
V2C-0923,C3_JSON_SCHEMA_STRUCTURED,True,244,128,3461.682
V2C-0925,C3_JSON_SCHEMA_STRUCTURED,True,239,128,3461.682
V2C-0926,C3_JSON_SCHEMA_STRUCTURED,True,271,128,3461.682
V2C-0927,C3_JSON_SCHEMA_STRUCTURED,True,244,128,3461.682
V2C-0928,C3_JSON_SCHEMA_STRUCTURED,True,265,128,3461.682
V2C-0929,C3_JSON_SCHEMA_STRUCTURED,True,239,128,3461.682
V2C-0930,C3_JSON_SCHEMA_STRUCTURED,True,271,128,3461.682
V2C-0931,C3_JSON_SCHEMA_STRUCTURED,True,244,128,3461.682
V2C-0932,C3_JSON_SCHEMA_STRUCTURED,True,265,128,3461.682
V2C-0935,C3_JSON_SCHEMA_STRUCTURED,True,244,128,3461.682
V2C-0936,C3_JSON_SCHEMA_STRUCTURED,True,265,128,3461.682
V2C-0937,C3_JSON_SCHEMA_STRUCTURED,True,239,128,3461.682
V2C-0938,C3_JSON_SCHEMA_STRUCTURED,True,271,128,3461.682
V2C-0940,C3_JSON_SCHEMA_STRUCTURED,True,265,128,3461.682
V2C-0941,C3_JSON_SCHEMA_STRUCTURED,True,239,128,3461.682
V2C-0942,C3_JSON_SCHEMA_STRUCTURED,True,271,128,3461.682
V2C-0944,C3_JSON_SCHEMA_STRUCTURED,True,265,128,3461.682
V2C-0945,C3_JSON_SCHEMA_STRUCTURED,True,239,128,3461.682
V2C-0947,C3_JSON_SCHEMA_STRUCTURED,True,244,128,3461.682
V2C-0949,C3_JSON_SCHEMA_STRUCTURED,True,239,128,3461.682
V2C-0950,C3_JSON_SCHEMA_STRUCTURED,True,271,128,3461.682
V2C-0953,C3_JSON_SCHEMA_STRUCTURED,True,239,128,3461.682
V2C-0954,C3_JSON_SCHEMA_STRUCTURED,True,271,128,3461.682
V2C-0955,C3_JSON_SCHEMA_STRUCTURED,True,244,128,3461.682
V2C-0957,C3_JSON_SCHEMA_STRUCTURED,True,239,128,3461.682
V2C-0958,C3_JSON_SCHEMA_STRUCTURED,True,271,128,3461.682
V2C-0960,C3_JSON_SCHEMA_STRUCTURED,True,265,128,3461.682
V2C-0961,C3_JSON_SCHEMA_STRUCTURED,True,239,128,3461.682
V2C-0965,C3_JSON_SCHEMA_STRUCTURED,True,239,128,3461.682
V2C-0966,C3_JSON_SCHEMA_STRUCTURED,True,271,128,3461.682
V2C-0969,C3_JSON_SCHEMA_STRUCTURED,True,239,128,3461.682
V2C-0970,C3_JSON_SCHEMA_STRUCTURED,True,271,128,3461.682
V2C-0972,C3_JSON_SCHEMA_STRUCTURED,True,265,128,3461.682
V2C-0973,C3_JSON_SCHEMA_STRUCTURED,True,239,128,3461.682
V2C-0974,C3_JSON_SCHEMA_STRUCTURED,True,271,128,3461.682
V2C-0976,C3_JSON_SCHEMA_STRUCTURED,True,265,128,3461.682
V2C-0977,C3_JSON_SCHEMA_STRUCTURED,True,239,128,3461.682
V2C-0978,C3_JSON_SCHEMA_STRUCTURED,True,271,128,3461.682
V2C-0979,C3_JSON_SCHEMA_STRUCTURED,True,244,128,3461.682
V2C-0980,C3_JSON_SCHEMA_STRUCTURED,True,265,128,3461.682
V2C-0981,C3_JSON_SCHEMA_STRUCTURED,True,239,128,3461.682
V2C-0982,C3_JSON_SCHEMA_STRUCTURED,True,271,128,3461.682
V2C-0988,C3_JSON_SCHEMA_STRUCTURED,True,265,128,3461.682
V2C-0989,C3_JSON_SCHEMA_STRUCTURED,True,239,128,3461.682
V2C-0990,C3_JSON_SCHEMA_STRUCTURED,True,271,128,3461.682
V2C-0991,C3_JSON_SCHEMA_STRUCTURED,True,244,128,3461.682
V2C-0994,C3_JSON_SCHEMA_STRUCTURED,True,271,128,3461.682
V2C-0996,C3_JSON_SCHEMA_STRUCTURED,True,265,128,3461.682
V2C-0999,C3_JSON_SCHEMA_STRUCTURED,True,244,128,3461.682
V2C-1000,C3_JSON_SCHEMA_STRUCTURED,True,152,33,3461.682
V2C-1001,C3_JSON_SCHEMA_STRUCTURED,True,144,128,3461.682
V2C-1002,C3_JSON_SCHEMA_STRUCTURED,True,155,128,3113.64
V2C-1003,C3_JSON_SCHEMA_STRUCTURED,True,146,128,3113.64
V2C-1010,C3_JSON_SCHEMA_STRUCTURED,True,155,128,3113.64
V2C-1011,C3_JSON_SCHEMA_STRUCTURED,True,146,128,3113.64
V2C-1012,C3_JSON_SCHEMA_STRUCTURED,True,152,33,3113.64
V2C-1013,C3_JSON_SCHEMA_STRUCTURED,True,144,128,3113.64
V2C-1014,C3_JSON_SCHEMA_STRUCTURED,True,155,128,3113.64
V2C-1015,C3_JSON_SCHEMA_STRUCTURED,True,146,128,3113.64
V2C-1016,C3_JSON_SCHEMA_STRUCTURED,True,152,34,3113.64
V2C-1017,C3_JSON_SCHEMA_STRUCTURED,True,144,128,3113.64
V2C-1019,C3_JSON_SCHEMA_STRUCTURED,True,146,128,3113.64
V2C-1020,C3_JSON_SCHEMA_STRUCTURED,True,152,33,3113.64
V2C-1022,C3_JSON_SCHEMA_STRUCTURED,True,155,128,3113.64
V2C-1024,C3_JSON_SCHEMA_STRUCTURED,True,152,34,3113.64
V2C-1025,C3_JSON_SCHEMA_STRUCTURED,True,144,128,3113.64
V2C-1026,C3_JSON_SCHEMA_STRUCTURED,True,155,128,3113.64
V2C-1028,C3_JSON_SCHEMA_STRUCTURED,True,152,33,3113.64
V2C-1030,C3_JSON_SCHEMA_STRUCTURED,True,155,128,3113.64
V2C-1032,C3_JSON_SCHEMA_STRUCTURED,True,152,34,3113.64
V2C-1033,C3_JSON_SCHEMA_STRUCTURED,True,144,128,3113.64
V2C-1035,C3_JSON_SCHEMA_STRUCTURED,True,146,128,3113.64
V2C-1036,C3_JSON_SCHEMA_STRUCTURED,True,152,34,3113.64
V2C-1037,C3_JSON_SCHEMA_STRUCTURED,True,144,128,3113.64
V2C-1039,C3_JSON_SCHEMA_STRUCTURED,True,146,128,3113.64
V2C-1040,C3_JSON_SCHEMA_STRUCTURED,True,152,33,3160.144
V2C-1043,C3_JSON_SCHEMA_STRUCTURED,True,146,128,3160.144
V2C-1045,C3_JSON_SCHEMA_STRUCTURED,True,144,128,3160.144
V2C-1046,C3_JSON_SCHEMA_STRUCTURED,True,155,128,3160.144
V2C-1047,C3_JSON_SCHEMA_STRUCTURED,True,146,128,3160.144
V2C-1049,C3_JSON_SCHEMA_STRUCTURED,True,144,128,3160.144
V2C-1050,C3_JSON_SCHEMA_STRUCTURED,True,169,128,3160.144
V2C-1055,C3_JSON_SCHEMA_STRUCTURED,True,150,116,3160.144
V2C-1057,C3_JSON_SCHEMA_STRUCTURED,True,150,117,3152.644
V2C-1061,C3_JSON_SCHEMA_STRUCTURED,True,150,116,3152.644
V2C-1065,C3_JSON_SCHEMA_STRUCTURED,True,150,116,3152.644
V2C-1070,C3_JSON_SCHEMA_STRUCTURED,True,169,120,3152.644
V2C-1074,C3_JSON_SCHEMA_STRUCTURED,True,169,127,3152.644
V2C-1076,C3_JSON_SCHEMA_STRUCTURED,True,169,127,3152.644
V2C-1077,C3_JSON_SCHEMA_STRUCTURED,True,150,116,3152.644
V2C-1079,C3_JSON_SCHEMA_STRUCTURED,True,150,116,3152.644
V2C-1080,C3_JSON_SCHEMA_STRUCTURED,True,169,121,3152.644
V2C-1082,C3_JSON_SCHEMA_STRUCTURED,True,169,120,3152.644
V2C-1087,C3_JSON_SCHEMA_STRUCTURED,True,150,116,3152.644
V2C-1088,C3_JSON_SCHEMA_STRUCTURED,True,169,124,3152.644
V2C-1091,C3_JSON_SCHEMA_STRUCTURED,True,150,116,3152.644
V2C-1093,C3_JSON_SCHEMA_STRUCTURED,True,150,115,3152.644
V2C-1095,C3_JSON_SCHEMA_STRUCTURED,True,150,116,3152.644
V2C-1096,C3_JSON_SCHEMA_STRUCTURED,True,169,127,3152.644
V2C-1104,C3_JSON_SCHEMA_STRUCTURED,True,166,125,3160.144
V2C-1107,C3_JSON_SCHEMA_STRUCTURED,True,154,128,3160.144
V2C-1109,C3_JSON_SCHEMA_STRUCTURED,True,152,128,3160.144
V2C-1110,C3_JSON_SCHEMA_STRUCTURED,True,169,128,3160.144
V2C-1115,C3_JSON_SCHEMA_STRUCTURED,True,154,128,3160.144
V2C-1116,C3_JSON_SCHEMA_STRUCTURED,True,166,125,3160.144
V2C-1118,C3_JSON_SCHEMA_STRUCTURED,True,169,128,3160.144
V2C-1119,C3_JSON_SCHEMA_STRUCTURED,True,154,128,3160.144
V2C-1120,C3_JSON_SCHEMA_STRUCTURED,True,166,128,3160.144
V2C-1123,C3_JSON_SCHEMA_STRUCTURED,True,154,128,3160.144
V2C-1127,C3_JSON_SCHEMA_STRUCTURED,True,154,128,3160.144
V2C-1128,C3_JSON_SCHEMA_STRUCTURED,True,166,125,3160.144
V2C-1130,C3_JSON_SCHEMA_STRUCTURED,True,169,128,3160.144
V2C-1133,C3_JSON_SCHEMA_STRUCTURED,True,152,128,3160.144
V2C-1139,C3_JSON_SCHEMA_STRUCTURED,True,154,128,3160.144
V2C-1141,C3_JSON_SCHEMA_STRUCTURED,True,152,118,3160.144
V2C-1154,C3_JSON_SCHEMA_STRUCTURED,True,271,128,3461.682
V2C-1155,C3_JSON_SCHEMA_STRUCTURED,True,244,128,3461.682
V2C-1156,C3_JSON_SCHEMA_STRUCTURED,True,265,128,3461.682
V2C-1158,C3_JSON_SCHEMA_STRUCTURED,True,271,128,3461.682
V2C-1160,C3_JSON_SCHEMA_STRUCTURED,True,265,128,3461.682
V2C-1162,C3_JSON_SCHEMA_STRUCTURED,True,271,128,3461.682
V2C-1163,C3_JSON_SCHEMA_STRUCTURED,True,244,128,3461.682
V2C-1164,C3_JSON_SCHEMA_STRUCTURED,True,265,128,3461.682
V2C-1171,C3_JSON_SCHEMA_STRUCTURED,True,244,128,3461.682
V2C-1173,C3_JSON_SCHEMA_STRUCTURED,True,239,128,3461.682
V2C-1175,C3_JSON_SCHEMA_STRUCTURED,True,244,128,3461.682
V2C-1178,C3_JSON_SCHEMA_STRUCTURED,True,271,128,3461.682
V2C-1187,C3_JSON_SCHEMA_STRUCTURED,True,244,128,3461.682
V2C-1190,C3_JSON_SCHEMA_STRUCTURED,True,271,128,3461.682
V2C-1194,C3_JSON_SCHEMA_STRUCTURED,True,271,128,3461.682
V2C-1199,C3_JSON_SCHEMA_STRUCTURED,True,244,128,3461.682
EXT-ADVERSARIAL-0002,C4_TOOL_CALLING_AGENT,True,289,29,3397.754
EXT-ADVERSARIAL-0003,C4_TOOL_CALLING_AGENT,True,327,27,3397.754
EXT-ADVERSARIAL-0005,C4_TOOL_CALLING_AGENT,True,305,34,3397.754
EXT-ADVERSARIAL-0014,C4_TOOL_CALLING_AGENT,True,282,30,3397.754
EXT-ADVERSARIAL-0015,C4_TOOL_CALLING_AGENT,True,311,15,3397.754
EXT-ADVERSARIAL-0018,C4_TOOL_CALLING_AGENT,True,288,30,3397.754
EXT-ADVERSARIAL-0021,C4_TOOL_CALLING_AGENT,True,308,27,3397.754
EXT-ADVERSARIAL-0025,C4_TOOL_CALLING_AGENT,True,324,16,3397.754
EXT-ADVERSARIAL-0026,C4_TOOL_CALLING_AGENT,True,281,29,3346.861
EXT-ADVERSARIAL-0028,C4_TOOL_CALLING_AGENT,True,287,15,3346.861
EXT-ADVERSARIAL-0029,C4_TOOL_CALLING_AGENT,True,313,16,3346.861
EXT-ADVERSARIAL-0031,C4_TOOL_CALLING_AGENT,True,304,28,3346.861
EXT-ADVERSARIAL-0032,C4_TOOL_CALLING_AGENT,True,288,29,3346.861
EXT-ADVERSARIAL-0034,C4_TOOL_CALLING_AGENT,True,294,29,3346.861
EXT-ADVERSARIAL-0039,C4_TOOL_CALLING_AGENT,True,303,25,3346.861
EXT-ADVERSARIAL-0044,C4_TOOL_CALLING_AGENT,True,282,30,3346.861
EXT-ADVERSARIAL-0050,C4_TOOL_CALLING_AGENT,True,290,29,3368.564
EXT-ADVERSARIAL-0051,C4_TOOL_CALLING_AGENT,True,307,30,3368.564
EXT-ADVERSARIAL-0056,C4_TOOL_CALLING_AGENT,True,286,28,3368.564
EXT-ADVERSARIAL-0058,C4_TOOL_CALLING_AGENT,True,289,29,3368.564
EXT-ADVERSARIAL-0061,C4_TOOL_CALLING_AGENT,True,308,27,3368.564
EXT-ADVERSARIAL-0063,C4_TOOL_CALLING_AGENT,True,316,27,3368.564
EXT-ADVERSARIAL-0071,C4_TOOL_CALLING_AGENT,True,304,28,3368.564
EXT-ADVERSARIAL-0073,C4_TOOL_CALLING_AGENT,True,319,27,3368.564
EXT-ADVERSARIAL-0076,C4_TOOL_CALLING_AGENT,True,280,25,3346.861
EXT-ADVERSARIAL-0078,C4_TOOL_CALLING_AGENT,True,281,28,3346.861
EXT-ADVERSARIAL-0082,C4_TOOL_CALLING_AGENT,True,289,29,3346.861
EXT-ADVERSARIAL-0084,C4_TOOL_CALLING_AGENT,True,293,30,3346.861
EXT-ADVERSARIAL-0085,C4_TOOL_CALLING_AGENT,True,305,34,3346.861
EXT-ADVERSARIAL-0089,C4_TOOL_CALLING_AGENT,True,313,16,3346.861
EXT-ADVERSARIAL-0093,C4_TOOL_CALLING_AGENT,True,307,27,3346.861
EXT-ADVERSARIAL-0095,C4_TOOL_CALLING_AGENT,True,311,15,3346.861
EXT-ADVERSARIAL-0097,C4_TOOL_CALLING_AGENT,True,334,25,3423.671
EXT-ADVERSARIAL-0098,C4_TOOL_CALLING_AGENT,True,288,29,3423.671
EXT-AMBIGUOUS-0003,C4_TOOL_CALLING_AGENT,True,312,18,3423.671
EXT-AMBIGUOUS-0004,C4_TOOL_CALLING_AGENT,True,279,25,3423.671
EXT-AMBIGUOUS-0014,C4_TOOL_CALLING_AGENT,True,279,25,3423.671
EXT-AMBIGUOUS-0015,C4_TOOL_CALLING_AGENT,True,312,18,3423.671
EXT-AMBIGUOUS-0024,C4_TOOL_CALLING_AGENT,True,279,25,3423.671
EXT-AMBIGUOUS-0026,C4_TOOL_CALLING_AGENT,True,279,25,3423.671
EXT-AMBIGUOUS-0028,C4_TOOL_CALLING_AGENT,True,279,25,3343.242
EXT-AMBIGUOUS-0033,C4_TOOL_CALLING_AGENT,True,312,18,3343.242
EXT-AMBIGUOUS-0035,C4_TOOL_CALLING_AGENT,True,312,18,3343.242
EXT-AMBIGUOUS-0039,C4_TOOL_CALLING_AGENT,True,312,18,3343.242
EXT-AMBIGUOUS-0041,C4_TOOL_CALLING_AGENT,True,312,18,3343.242
EXT-AMBIGUOUS-0044,C4_TOOL_CALLING_AGENT,True,279,25,3343.242
EXT-AMBIGUOUS-0049,C4_TOOL_CALLING_AGENT,True,312,18,3343.242
EXT-AMBIGUOUS-0050,C4_TOOL_CALLING_AGENT,True,279,25,3343.242
EXT-INVALID_ENTITY-0004,C4_TOOL_CALLING_AGENT,True,288,29,3361.33
EXT-INVALID_ENTITY-0006,C4_TOOL_CALLING_AGENT,True,279,29,3361.33
EXT-INVALID_ENTITY-0009,C4_TOOL_CALLING_AGENT,True,305,32,3361.33
EXT-INVALID_ENTITY-0011,C4_TOOL_CALLING_AGENT,True,290,28,3361.33
EXT-INVALID_ENTITY-0013,C4_TOOL_CALLING_AGENT,True,317,28,3361.33
EXT-INVALID_ENTITY-0022,C4_TOOL_CALLING_AGENT,True,288,15,3361.33
EXT-INVALID_ENTITY-0026,C4_TOOL_CALLING_AGENT,True,282,31,3361.33
EXT-INVALID_ENTITY-0033,C4_TOOL_CALLING_AGENT,True,298,28,3361.33
EXT-INVALID_ENTITY-0034,C4_TOOL_CALLING_AGENT,True,288,29,3368.564
EXT-INVALID_ENTITY-0035,C4_TOOL_CALLING_AGENT,True,297,18,3368.564
EXT-INVALID_ENTITY-0036,C4_TOOL_CALLING_AGENT,True,277,28,3368.564
EXT-INVALID_ENTITY-0037,C4_TOOL_CALLING_AGENT,True,319,28,3368.564
EXT-INVALID_ENTITY-0038,C4_TOOL_CALLING_AGENT,True,284,15,3368.564
EXT-INVALID_ENTITY-0039,C4_TOOL_CALLING_AGENT,True,298,32,3368.564
EXT-INVALID_ENTITY-0040,C4_TOOL_CALLING_AGENT,True,282,29,3368.564
EXT-INVALID_ENTITY-0042,C4_TOOL_CALLING_AGENT,True,287,30,3368.564
EXT-INVALID_ENTITY-0043,C4_TOOL_CALLING_AGENT,True,313,29,3368.564
EXT-INVALID_ENTITY-0045,C4_TOOL_CALLING_AGENT,True,301,19,3368.564
EXT-INVALID_ENTITY-0047,C4_TOOL_CALLING_AGENT,True,312,29,3368.564
EXT-INVALID_ENTITY-0050,C4_TOOL_CALLING_AGENT,True,287,30,3368.564
EXT-INVALID_ENTITY-0053,C4_TOOL_CALLING_AGENT,True,319,18,3368.564
EXT-INVALID_ENTITY-0054,C4_TOOL_CALLING_AGENT,True,287,30,3368.564
EXT-INVALID_ENTITY-0065,C4_TOOL_CALLING_AGENT,True,319,42,3368.564
EXT-INVALID_ENTITY-0066,C4_TOOL_CALLING_AGENT,True,282,31,3368.564
EXT-INVALID_ENTITY-0069,C4_TOOL_CALLING_AGENT,True,298,32,3346.861
EXT-INVALID_ENTITY-0070,C4_TOOL_CALLING_AGENT,True,287,27,3346.861
EXT-INVALID_ENTITY-0073,C4_TOOL_CALLING_AGENT,True,313,28,3346.861
EXT-INVALID_ENTITY-0077,C4_TOOL_CALLING_AGENT,True,311,18,3346.861
EXT-INVALID_ENTITY-0078,C4_TOOL_CALLING_AGENT,True,293,29,3346.861
EXT-INVALID_ENTITY-0079,C4_TOOL_CALLING_AGENT,True,309,28,3346.861
EXT-INVALID_ENTITY-0080,C4_TOOL_CALLING_AGENT,True,282,29,3346.861
EXT-INVALID_ENTITY-0083,C4_TOOL_CALLING_AGENT,True,311,29,3346.861
EXT-INVALID_ENTITY-0084,C4_TOOL_CALLING_AGENT,True,287,30,3314.304
EXT-INVALID_ENTITY-0086,C4_TOOL_CALLING_AGENT,True,279,29,3314.304
EXT-INVALID_ENTITY-0093,C4_TOOL_CALLING_AGENT,True,304,28,3314.304
EXT-INVALID_ENTITY-0098,C4_TOOL_CALLING_AGENT,True,291,30,3314.304
EXT-NUMERIC_PROVENANCE-0008,C4_TOOL_CALLING_AGENT,True,282,28,3314.304
EXT-NUMERIC_PROVENANCE-0009,C4_TOOL_CALLING_AGENT,True,291,26,3314.304
EXT-NUMERIC_PROVENANCE-0012,C4_TOOL_CALLING_AGENT,True,280,28,3314.304
EXT-NUMERIC_PROVENANCE-0013,C4_TOOL_CALLING_AGENT,True,289,16,3314.304
EXT-NUMERIC_PROVENANCE-0015,C4_TOOL_CALLING_AGENT,True,295,32,3325.157
EXT-NUMERIC_PROVENANCE-0016,C4_TOOL_CALLING_AGENT,True,272,29,3325.157
EXT-NUMERIC_PROVENANCE-0017,C4_TOOL_CALLING_AGENT,True,306,18,3325.157
EXT-NUMERIC_PROVENANCE-0018,C4_TOOL_CALLING_AGENT,True,284,30,3325.157
EXT-NUMERIC_PROVENANCE-0019,C4_TOOL_CALLING_AGENT,True,307,27,3325.157
EXT-NUMERIC_PROVENANCE-0020,C4_TOOL_CALLING_AGENT,True,260,35,3325.157
EXT-NUMERIC_PROVENANCE-0021,C4_TOOL_CALLING_AGENT,True,270,32,3325.157
EXT-NUMERIC_PROVENANCE-0029,C4_TOOL_CALLING_AGENT,True,302,16,3325.157
EXT-NUMERIC_PROVENANCE-0031,C4_TOOL_CALLING_AGENT,True,289,29,3350.479
EXT-NUMERIC_PROVENANCE-0033,C4_TOOL_CALLING_AGENT,True,290,26,3350.479
EXT-NUMERIC_PROVENANCE-0035,C4_TOOL_CALLING_AGENT,True,312,28,3350.479
EXT-NUMERIC_PROVENANCE-0038,C4_TOOL_CALLING_AGENT,True,278,15,3350.479
EXT-NUMERIC_PROVENANCE-0039,C4_TOOL_CALLING_AGENT,True,291,26,3350.479
EXT-NUMERIC_PROVENANCE-0047,C4_TOOL_CALLING_AGENT,True,314,25,3350.479
EXT-PAIR-0001-KO,C4_TOOL_CALLING_AGENT,True,283,17,3350.479
EXT-PAIR-0004-EN,C4_TOOL_CALLING_AGENT,True,286,29,3350.479
EXT-PAIR-0004-KO,C4_TOOL_CALLING_AGENT,True,311,31,3339.625
EXT-PAIR-0007-EN,C4_TOOL_CALLING_AGENT,True,282,15,3339.625
EXT-PAIR-0009-EN,C4_TOOL_CALLING_AGENT,True,285,28,3339.625
EXT-PAIR-0010-EN,C4_TOOL_CALLING_AGENT,True,260,35,3339.625
EXT-PAIR-0013-EN,C4_TOOL_CALLING_AGENT,True,294,15,3339.625
EXT-PAIR-0013-KO,C4_TOOL_CALLING_AGENT,True,289,15,3339.625
EXT-PAIR-0021-KO,C4_TOOL_CALLING_AGENT,True,270,32,3339.625
EXT-PAIR-0026-EN,C4_TOOL_CALLING_AGENT,True,274,28,3339.625
EXT-PAIR-0026-KO,C4_TOOL_CALLING_AGENT,True,264,34,3321.541
EXT-PAIR-0027-KO,C4_TOOL_CALLING_AGENT,True,306,28,3321.541
EXT-PAIR-0029-KO,C4_TOOL_CALLING_AGENT,True,303,15,3321.541
EXT-PAIR-0030-EN,C4_TOOL_CALLING_AGENT,True,287,29,3321.541
EXT-PAIR-0034-EN,C4_TOOL_CALLING_AGENT,True,285,29,3321.541
EXT-PAIR-0035-KO,C4_TOOL_CALLING_AGENT,True,295,32,3321.541
EXT-PAIR-0039-KO,C4_TOOL_CALLING_AGENT,True,298,29,3321.541
EXT-PAIR-0040-EN,C4_TOOL_CALLING_AGENT,True,277,15,3321.541
EXT-PAIR-0041-EN,C4_TOOL_CALLING_AGENT,True,273,27,3350.479
EXT-PAIR-0043-KO,C4_TOOL_CALLING_AGENT,True,314,31,3350.479
EXT-PAIR-0047-KO,C4_TOOL_CALLING_AGENT,True,303,18,3350.479
EXT-PAIR-0048-EN,C4_TOOL_CALLING_AGENT,True,281,28,3350.479
EXT-PAIR-0049-KO,C4_TOOL_CALLING_AGENT,True,307,27,3350.479
EXT-PAIR-0055-EN,C4_TOOL_CALLING_AGENT,True,277,26,3350.479
EXT-PAIR-0056-EN,C4_TOOL_CALLING_AGENT,True,274,28,3350.479
EXT-PAIR-0063-KO,C4_TOOL_CALLING_AGENT,True,305,25,3350.479
EXT-PAIR-0064-EN,C4_TOOL_CALLING_AGENT,True,285,29,3336.008
EXT-PAIR-0072-EN,C4_TOOL_CALLING_AGENT,True,282,28,3336.008
EXT-PAIR-0073-KO,C4_TOOL_CALLING_AGENT,True,305,27,3336.008
EXT-PAIR-0078-KO,C4_TOOL_CALLING_AGENT,True,300,28,3336.008
EXT-PAIR-0080-EN,C4_TOOL_CALLING_AGENT,True,281,15,3336.008
EXT-PAIR-0080-KO,C4_TOOL_CALLING_AGENT,True,298,28,3336.008
EXT-PAIR-0082-EN,C4_TOOL_CALLING_AGENT,True,281,15,3336.008
EXT-PAIR-0083-KO,C4_TOOL_CALLING_AGENT,True,310,29,3336.008
EXT-PAIR-0085-EN,C4_TOOL_CALLING_AGENT,True,286,28,3299.837
EXT-PAIR-0088-EN,C4_TOOL_CALLING_AGENT,True,281,15,3299.837
EXT-PAIR-0089-EN,C4_TOOL_CALLING_AGENT,True,278,29,3299.837
EXT-PAIR-0091-EN,C4_TOOL_CALLING_AGENT,True,280,30,3299.837
EXT-PAIR-0091-KO,C4_TOOL_CALLING_AGENT,True,300,26,3299.837
EXT-PAIR-0094-EN,C4_TOOL_CALLING_AGENT,True,285,29,3299.837
EXT-PAIR-0096-EN,C4_TOOL_CALLING_AGENT,True,274,28,3299.837
EXT-PAIR-0099-KO,C4_TOOL_CALLING_AGENT,True,298,29,3299.837
EXT-PAIR-0104-KO,C4_TOOL_CALLING_AGENT,True,304,16,3325.157
EXT-PAIR-0109-KO,C4_TOOL_CALLING_AGENT,True,307,27,3325.157
EXT-PAIR-0115-KO,C4_TOOL_CALLING_AGENT,True,295,32,3325.157
EXT-PAIR-0116-KO,C4_TOOL_CALLING_AGENT,True,286,30,3325.157
EXT-PAIR-0117-EN,C4_TOOL_CALLING_AGENT,True,286,28,3325.157
EXT-PAIR-0121-EN,C4_TOOL_CALLING_AGENT,True,274,27,3325.157
EXT-PAIR-0128-KO,C4_TOOL_CALLING_AGENT,True,304,15,3325.157
EXT-PAIR-0136-KO,C4_TOOL_CALLING_AGENT,True,266,34,3325.157
EXT-PAIR-0140-EN,C4_TOOL_CALLING_AGENT,True,284,29,3336.008
EXT-PAIR-0140-KO,C4_TOOL_CALLING_AGENT,True,300,28,3336.008
EXT-PAIR-0143-EN,C4_TOOL_CALLING_AGENT,True,273,15,3336.008
EXT-PAIR-0144-EN,C4_TOOL_CALLING_AGENT,True,287,27,3336.008
EXT-PAIR-0146-EN,C4_TOOL_CALLING_AGENT,True,274,28,3336.008
EXT-PAIR-0148-EN,C4_TOOL_CALLING_AGENT,True,285,28,3336.008
EXT-PAIR-0148-KO,C4_TOOL_CALLING_AGENT,True,310,30,3336.008
EXT-PAIR-0149-KO,C4_TOOL_CALLING_AGENT,True,303,15,3336.008
EXT-PAIR-0150-KO,C4_TOOL_CALLING_AGENT,True,319,28,3368.564
EXT-PAIR-0152-KO,C4_TOOL_CALLING_AGENT,True,309,15,3368.564
EXT-PAIR-0154-KO,C4_TOOL_CALLING_AGENT,True,311,31,3368.564
EXT-PAIR-0157-KO,C4_TOOL_CALLING_AGENT,True,292,28,3368.564
EXT-PAIR-0159-EN,C4_TOOL_CALLING_AGENT,True,285,28,3368.564
EXT-PAIR-0161-EN,C4_TOOL_CALLING_AGENT,True,273,27,3368.564
EXT-PAIR-0162-EN,C4_TOOL_CALLING_AGENT,True,280,28,3368.564
EXT-PAIR-0166-EN,C4_TOOL_CALLING_AGENT,True,283,30,3368.564
EXT-PAIR-0166-KO,C4_TOOL_CALLING_AGENT,True,294,28,3339.625
EXT-PAIR-0167-EN,C4_TOOL_CALLING_AGENT,True,280,15,3339.625
EXT-PAIR-0169-EN,C4_TOOL_CALLING_AGENT,True,279,15,3339.625
EXT-PAIR-0170-EN,C4_TOOL_CALLING_AGENT,True,260,35,3339.625
EXT-PAIR-0174-KO,C4_TOOL_CALLING_AGENT,True,302,27,3339.625
EXT-PAIR-0175-EN,C4_TOOL_CALLING_AGENT,True,277,26,3339.625
EXT-PAIR-0179-EN,C4_TOOL_CALLING_AGENT,True,278,29,3339.625
EXT-PAIR-0184-KO,C4_TOOL_CALLING_AGENT,True,311,31,3339.625
EXT-PAIR-0191-EN,C4_TOOL_CALLING_AGENT,True,272,28,3354.096
EXT-PAIR-0191-KO,C4_TOOL_CALLING_AGENT,True,285,28,3354.096
EXT-PAIR-0193-EN,C4_TOOL_CALLING_AGENT,True,280,15,3354.096
EXT-PAIR-0194-EN,C4_TOOL_CALLING_AGENT,True,281,15,3354.096
EXT-PAIR-0194-KO,C4_TOOL_CALLING_AGENT,True,304,16,3354.096
EXT-PAIR-0195-EN,C4_TOOL_CALLING_AGENT,True,282,28,3354.096
EXT-PAIR-0195-KO,C4_TOOL_CALLING_AGENT,True,295,32,3354.096
EXT-PARAPHRASE-0003,C4_TOOL_CALLING_AGENT,True,315,27,3354.096
EXT-PARAPHRASE-0004,C4_TOOL_CALLING_AGENT,True,285,29,3290.393
EXT-PARAPHRASE-0005,C4_TOOL_CALLING_AGENT,True,297,26,3290.393
EXT-PARAPHRASE-0020,C4_TOOL_CALLING_AGENT,True,260,35,3290.393
EXT-PARAPHRASE-0026,C4_TOOL_CALLING_AGENT,True,279,30,3290.393
EXT-PARAPHRASE-0028,C4_TOOL_CALLING_AGENT,True,282,15,3290.393
EXT-PARAPHRASE-0030,C4_TOOL_CALLING_AGENT,True,277,15,3290.393
EXT-PARAPHRASE-0034,C4_TOOL_CALLING_AGENT,True,285,29,3290.393
EXT-PARAPHRASE-0039,C4_TOOL_CALLING_AGENT,True,291,26,3290.393
EXT-PARAPHRASE-0069,C4_TOOL_CALLING_AGENT,True,291,26,3287.617
EXT-PARAPHRASE-0076,C4_TOOL_CALLING_AGENT,True,270,25,3287.617
EXT-PARAPHRASE-0080,C4_TOOL_CALLING_AGENT,True,287,29,3287.617
EXT-PARAPHRASE-0091,C4_TOOL_CALLING_AGENT,True,296,25,3287.617
EXT-PARAPHRASE-0097,C4_TOOL_CALLING_AGENT,True,289,29,3287.617
EXT-PARAPHRASE-0101,C4_TOOL_CALLING_AGENT,True,270,32,3287.617
EXT-PARAPHRASE-0114,C4_TOOL_CALLING_AGENT,True,289,30,3287.617
EXT-PARAPHRASE-0121,C4_TOOL_CALLING_AGENT,True,283,17,3287.617
EXT-PARAPHRASE-0150,C4_TOOL_CALLING_AGENT,True,281,15,3270.534
EXT-PARAPHRASE-0154,C4_TOOL_CALLING_AGENT,True,285,29,3270.534
EXT-PARAPHRASE-0158,C4_TOOL_CALLING_AGENT,True,277,15,3270.534
EXT-PARAPHRASE-0159,C4_TOOL_CALLING_AGENT,True,291,26,3270.534
EXT-PARAPHRASE-0162,C4_TOOL_CALLING_AGENT,True,284,30,3270.534
EXT-PARAPHRASE-0166,C4_TOOL_CALLING_AGENT,True,272,15,3270.534
EXT-PARAPHRASE-0172,C4_TOOL_CALLING_AGENT,True,281,15,3270.534
EXT-PARAPHRASE-0176,C4_TOOL_CALLING_AGENT,True,272,29,3270.534
EXT-PARAPHRASE-0183,C4_TOOL_CALLING_AGENT,True,304,27,3476.039
EXT-PARAPHRASE-0191,C4_TOOL_CALLING_AGENT,True,289,29,3476.039
EXT-PARAPHRASE-0194,C4_TOOL_CALLING_AGENT,True,257,15,3476.039
EXT-PARAPHRASE-0197,C4_TOOL_CALLING_AGENT,True,304,15,3476.039
EXT-POLICY_CONFLICT-0001,C4_TOOL_CALLING_AGENT,True,298,18,3476.039
EXT-POLICY_CONFLICT-0010,C4_TOOL_CALLING_AGENT,True,293,29,3476.039
EXT-POLICY_CONFLICT-0012,C4_TOOL_CALLING_AGENT,True,285,28,3476.039
EXT-POLICY_CONFLICT-0015,C4_TOOL_CALLING_AGENT,True,348,28,3476.039
EXT-POLICY_CONFLICT-0017,C4_TOOL_CALLING_AGENT,True,335,15,3484.376
EXT-POLICY_CONFLICT-0019,C4_TOOL_CALLING_AGENT,True,336,26,3484.376
EXT-POLICY_CONFLICT-0022,C4_TOOL_CALLING_AGENT,True,289,15,3484.376
EXT-POLICY_CONFLICT-0027,C4_TOOL_CALLING_AGENT,True,346,27,3484.376
EXT-POLICY_CONFLICT-0030,C4_TOOL_CALLING_AGENT,True,283,27,3484.376
EXT-POLICY_CONFLICT-0034,C4_TOOL_CALLING_AGENT,True,296,29,3484.376
EXT-POLICY_CONFLICT-0043,C4_TOOL_CALLING_AGENT,True,351,28,3484.376
EXT-POLICY_CONFLICT-0044,C4_TOOL_CALLING_AGENT,True,263,39,3484.376
EXT-POLICY_CONFLICT-0055,C4_TOOL_CALLING_AGENT,True,348,28,3475.039
EXT-POLICY_CONFLICT-0056,C4_TOOL_CALLING_AGENT,True,288,28,3475.039
EXT-POLICY_CONFLICT-0057,C4_TOOL_CALLING_AGENT,True,343,18,3475.039
EXT-POLICY_CONFLICT-0060,C4_TOOL_CALLING_AGENT,True,284,26,3475.039
EXT-POLICY_CONFLICT-0061,C4_TOOL_CALLING_AGENT,True,326,27,3475.039
EXT-POLICY_CONFLICT-0062,C4_TOOL_CALLING_AGENT,True,287,27,3475.039
EXT-POLICY_CONFLICT-0065,C4_TOOL_CALLING_AGENT,True,344,27,3475.039
EXT-POLICY_CONFLICT-0066,C4_TOOL_CALLING_AGENT,True,283,29,3475.039
EXT-POLICY_CONFLICT-0071,C4_TOOL_CALLING_AGENT,True,329,32,3475.039
EXT-POLICY_CONFLICT-0073,C4_TOOL_CALLING_AGENT,True,337,26,3475.039
EXT-POLICY_CONFLICT-0075,C4_TOOL_CALLING_AGENT,True,348,28,3475.039
EXT-POLICY_CONFLICT-0080,C4_TOOL_CALLING_AGENT,True,288,29,3475.039
EXT-POLICY_CONFLICT-0081,C4_TOOL_CALLING_AGENT,True,298,18,3475.039
EXT-POLICY_CONFLICT-0086,C4_TOOL_CALLING_AGENT,True,276,27,3475.039
EXT-POLICY_CONFLICT-0091,C4_TOOL_CALLING_AGENT,True,323,29,3475.039
EXT-POLICY_CONFLICT-0094,C4_TOOL_CALLING_AGENT,True,296,29,3475.039
EXT-POLICY_CONFLICT-0095,C4_TOOL_CALLING_AGENT,True,348,28,5417.03
EXT-POLICY_CONFLICT-0098,C4_TOOL_CALLING_AGENT,True,286,29,5417.03
EXT-POLICY_CONFLICT-0099,C4_TOOL_CALLING_AGENT,True,322,27,5417.03
EXT-POLICY_CONFLICT-0100,C4_TOOL_CALLING_AGENT,True,284,26,5417.03
SEC3B-000-EN,C4_TOOL_CALLING_AGENT,True,282,27,5417.03
SEC3B-000-KO,C4_TOOL_CALLING_AGENT,True,874,128,5417.03
SEC3B-001-KO,C4_TOOL_CALLING_AGENT,True,877,128,5417.03
SEC3B-002-EN,C4_TOOL_CALLING_AGENT,True,875,128,5417.03
SEC3B-005-EN,C4_TOOL_CALLING_AGENT,True,883,128,5547.358
SEC3B-005-KO,C4_TOOL_CALLING_AGENT,True,905,128,5547.358
SEC3B-009-KO,C4_TOOL_CALLING_AGENT,True,885,128,5547.358
SEC3B-010-EN,C4_TOOL_CALLING_AGENT,True,881,128,5547.358
SEC3B-012-EN,C4_TOOL_CALLING_AGENT,True,888,128,5547.358
SEC3B-012-KO,C4_TOOL_CALLING_AGENT,True,914,128,5547.358
SEC3B-013-EN,C4_TOOL_CALLING_AGENT,True,886,128,5547.358
SEC3B-014-KO,C4_TOOL_CALLING_AGENT,True,892,128,5547.358
SEC3B-015-EN,C4_TOOL_CALLING_AGENT,True,863,128,5603.792
SEC3B-016-EN,C4_TOOL_CALLING_AGENT,True,278,27,5603.792
SEC3B-016-KO,C4_TOOL_CALLING_AGENT,True,892,128,5603.792
SEC3B-018-EN,C4_TOOL_CALLING_AGENT,True,894,128,5603.792
SEC3B-020-EN,C4_TOOL_CALLING_AGENT,True,900,128,5603.792
SEC3B-020-KO,C4_TOOL_CALLING_AGENT,True,929,128,5603.792
SEC3B-021-KO,C4_TOOL_CALLING_AGENT,True,927,128,5603.792
SEC3B-023-EN,C4_TOOL_CALLING_AGENT,True,874,128,5603.792
SEC3B-025-EN,C4_TOOL_CALLING_AGENT,True,279,27,5573.27
SEC3B-025-KO,C4_TOOL_CALLING_AGENT,True,894,128,5573.27
SEC3B-026-EN,C4_TOOL_CALLING_AGENT,True,889,128,5573.27
SEC3B-028-KO,C4_TOOL_CALLING_AGENT,True,921,128,5573.27
SEC3B-030-EN,C4_TOOL_CALLING_AGENT,True,279,33,5573.27
SEC3B-030-KO,C4_TOOL_CALLING_AGENT,True,874,128,5573.27
SEC3B-031-EN,C4_TOOL_CALLING_AGENT,True,278,26,5573.27
SEC3B-032-EN,C4_TOOL_CALLING_AGENT,True,867,128,5573.27
SEC3B-032-KO,C4_TOOL_CALLING_AGENT,True,893,128,5662.118
SEC3B-034-EN,C4_TOOL_CALLING_AGENT,True,874,128,5662.118
SEC3B-037-KO,C4_TOOL_CALLING_AGENT,True,877,128,5662.118
SEC3B-038-KO,C4_TOOL_CALLING_AGENT,True,909,128,5662.118
SEC3B-039-EN,C4_TOOL_CALLING_AGENT,True,259,25,5662.118
SEC3B-040-KO,C4_TOOL_CALLING_AGENT,True,934,128,5662.118
SEC3B-043-EN,C4_TOOL_CALLING_AGENT,True,919,128,5662.118
SEC3B-043-KO,C4_TOOL_CALLING_AGENT,True,945,128,5662.118
SEC3B-044-KO,C4_TOOL_CALLING_AGENT,True,923,128,5580.673
SEC3B-045-EN,C4_TOOL_CALLING_AGENT,True,890,128,5580.673
SEC3B-048-KO,C4_TOOL_CALLING_AGENT,True,310,29,5580.673
SEC3B-050-EN,C4_TOOL_CALLING_AGENT,True,896,128,5580.673
SEC3B-051-KO,C4_TOOL_CALLING_AGENT,True,920,128,5580.673
SEC3B-052-EN,C4_TOOL_CALLING_AGENT,True,871,128,5580.673
SEC3B-053-EN,C4_TOOL_CALLING_AGENT,True,868,128,5580.673
SEC3B-054-KO,C4_TOOL_CALLING_AGENT,True,885,128,5580.673
SEC3B-059-EN,C4_TOOL_CALLING_AGENT,True,884,128,5603.792
SEC3B-060-EN,C4_TOOL_CALLING_AGENT,True,861,128,5603.792
SEC3B-061-EN,C4_TOOL_CALLING_AGENT,True,859,128,5603.792
SEC3B-069-KO,C4_TOOL_CALLING_AGENT,True,897,128,5603.792
SEC3B-071-EN,C4_TOOL_CALLING_AGENT,True,900,128,5603.792
SEC3B-072-EN,C4_TOOL_CALLING_AGENT,True,905,128,5603.792
SEC3B-073-KO,C4_TOOL_CALLING_AGENT,True,929,128,5603.792
SEC3B-076-EN,C4_TOOL_CALLING_AGENT,True,278,27,5603.792
SEC3B-077-EN,C4_TOOL_CALLING_AGENT,True,275,25,5611.007
SEC3B-078-EN,C4_TOOL_CALLING_AGENT,True,872,128,5611.007
SEC3B-081-KO,C4_TOOL_CALLING_AGENT,True,906,128,5611.007
SEC3B-082-EN,C4_TOOL_CALLING_AGENT,True,276,34,5611.007
SEC3B-084-EN,C4_TOOL_CALLING_AGENT,True,899,128,5611.007
SEC3B-086-KO,C4_TOOL_CALLING_AGENT,True,931,128,5611.007
SEC3B-087-KO,C4_TOOL_CALLING_AGENT,True,931,128,5611.007
SEC3B-088-EN,C4_TOOL_CALLING_AGENT,True,879,128,5611.007
SEC3B-089-EN,C4_TOOL_CALLING_AGENT,True,879,128,5484.432
SEC3B-090-EN,C4_TOOL_CALLING_AGENT,True,283,28,5484.432
SEC3B-090-KO,C4_TOOL_CALLING_AGENT,True,869,128,5484.432
SEC3B-093-EN,C4_TOOL_CALLING_AGENT,True,869,128,5484.432
SEC3B-093-KO,C4_TOOL_CALLING_AGENT,True,897,128,5484.432
SEC3B-099-KO,C4_TOOL_CALLING_AGENT,True,869,128,5484.432
V2C-0004,C4_TOOL_CALLING_AGENT,True,391,128,5484.432
V2C-0010,C4_TOOL_CALLING_AGENT,True,403,115,5484.432
V2C-0016,C4_TOOL_CALLING_AGENT,True,395,128,3854.732
V2C-0018,C4_TOOL_CALLING_AGENT,True,394,128,3854.732
V2C-0020,C4_TOOL_CALLING_AGENT,True,394,128,3854.732
V2C-0026,C4_TOOL_CALLING_AGENT,True,402,128,3854.732
V2C-0027,C4_TOOL_CALLING_AGENT,True,374,96,3854.732
V2C-0030,C4_TOOL_CALLING_AGENT,True,402,95,3854.732
V2C-0032,C4_TOOL_CALLING_AGENT,True,387,128,3854.732
V2C-0034,C4_TOOL_CALLING_AGENT,True,399,95,3854.732
V2C-0048,C4_TOOL_CALLING_AGENT,True,391,128,3851.731
V2C-0056,C4_TOOL_CALLING_AGENT,True,391,128,3851.731
V2C-0061,C4_TOOL_CALLING_AGENT,True,364,93,3851.731
V2C-0066,C4_TOOL_CALLING_AGENT,True,401,128,3851.731
V2C-0072,C4_TOOL_CALLING_AGENT,True,389,128,3851.731
V2C-0078,C4_TOOL_CALLING_AGENT,True,400,115,3851.731
V2C-0084,C4_TOOL_CALLING_AGENT,True,392,93,3851.731
V2C-0087,C4_TOOL_CALLING_AGENT,True,372,96,3851.731
V2C-0116,C4_TOOL_CALLING_AGENT,True,285,32,3830.729
V2C-0127,C4_TOOL_CALLING_AGENT,True,263,35,3830.729
V2C-0128,C4_TOOL_CALLING_AGENT,True,388,128,3830.729
V2C-0137,C4_TOOL_CALLING_AGENT,True,363,93,3830.729
V2C-0148,C4_TOOL_CALLING_AGENT,True,389,128,3830.729
V2C-0156,C4_TOOL_CALLING_AGENT,True,391,128,3830.729
V2C-0172,C4_TOOL_CALLING_AGENT,True,394,128,3830.729
V2C-0176,C4_TOOL_CALLING_AGENT,True,392,128,3830.729
V2C-0181,C4_TOOL_CALLING_AGENT,True,365,93,3851.731
V2C-0184,C4_TOOL_CALLING_AGENT,True,389,128,3851.731
V2C-0197,C4_TOOL_CALLING_AGENT,True,367,93,3851.731
V2C-0201,C4_TOOL_CALLING_AGENT,True,366,93,3851.731
V2C-0202,C4_TOOL_CALLING_AGENT,True,400,128,3851.731
V2C-0207,C4_TOOL_CALLING_AGENT,True,265,35,3851.731
V2C-0210,C4_TOOL_CALLING_AGENT,True,401,128,3851.731
V2C-0219,C4_TOOL_CALLING_AGENT,True,265,27,3851.731
V2C-0221,C4_TOOL_CALLING_AGENT,True,359,93,3845.729
V2C-0223,C4_TOOL_CALLING_AGENT,True,373,96,3845.729
V2C-0229,C4_TOOL_CALLING_AGENT,True,368,93,3845.729
V2C-0263,C4_TOOL_CALLING_AGENT,True,264,27,3845.729
V2C-0265,C4_TOOL_CALLING_AGENT,True,360,93,3845.729
V2C-0274,C4_TOOL_CALLING_AGENT,True,399,115,3845.729
V2C-0276,C4_TOOL_CALLING_AGENT,True,392,128,3845.729
V2C-0297,C4_TOOL_CALLING_AGENT,True,364,93,3845.729
V2C-0298,C4_TOOL_CALLING_AGENT,True,403,115,3863.732
V2C-0300,C4_TOOL_CALLING_AGENT,True,394,128,3863.732
V2C-0328,C4_TOOL_CALLING_AGENT,True,389,128,3863.732
V2C-0342,C4_TOOL_CALLING_AGENT,True,398,115,3863.732
V2C-0348,C4_TOOL_CALLING_AGENT,True,392,128,3863.732
V2C-0351,C4_TOOL_CALLING_AGENT,True,372,96,3863.732
V2C-0354,C4_TOOL_CALLING_AGENT,True,405,115,3863.732
V2C-0357,C4_TOOL_CALLING_AGENT,True,359,93,3863.732
V2C-0360,C4_TOOL_CALLING_AGENT,True,392,128,3860.732
V2C-0365,C4_TOOL_CALLING_AGENT,True,367,93,3860.732
V2C-0369,C4_TOOL_CALLING_AGENT,True,365,93,3860.732
V2C-0370,C4_TOOL_CALLING_AGENT,True,404,115,3860.732
V2C-0374,C4_TOOL_CALLING_AGENT,True,398,115,3860.732
V2C-0380,C4_TOOL_CALLING_AGENT,True,390,128,3860.732
V2C-0384,C4_TOOL_CALLING_AGENT,True,388,128,3860.732
V2C-0396,C4_TOOL_CALLING_AGENT,True,392,128,3860.732
V2C-0399,C4_TOOL_CALLING_AGENT,True,262,44,3845.729
V2C-0400,C4_TOOL_CALLING_AGENT,True,394,128,3845.729
V2C-0401,C4_TOOL_CALLING_AGENT,True,369,94,3845.729
V2C-0403,C4_TOOL_CALLING_AGENT,True,267,25,3845.729
V2C-0409,C4_TOOL_CALLING_AGENT,True,370,94,3845.729
V2C-0415,C4_TOOL_CALLING_AGENT,True,263,15,3845.729
V2C-0418,C4_TOOL_CALLING_AGENT,True,399,115,3845.729
V2C-0424,C4_TOOL_CALLING_AGENT,True,394,128,3845.729
V2C-0427,C4_TOOL_CALLING_AGENT,True,258,25,3857.732
V2C-0430,C4_TOOL_CALLING_AGENT,True,399,128,3857.732
V2C-0431,C4_TOOL_CALLING_AGENT,True,378,97,3857.732
V2C-0458,C4_TOOL_CALLING_AGENT,True,397,95,3857.732
V2C-0462,C4_TOOL_CALLING_AGENT,True,401,115,3857.732
V2C-0478,C4_TOOL_CALLING_AGENT,True,400,128,3857.732
V2C-0487,C4_TOOL_CALLING_AGENT,True,375,97,3857.732
V2C-0502,C4_TOOL_CALLING_AGENT,True,403,128,3857.732
V2C-0505,C4_TOOL_CALLING_AGENT,True,367,93,3845.729
V2C-0512,C4_TOOL_CALLING_AGENT,True,389,128,3845.729
V2C-0528,C4_TOOL_CALLING_AGENT,True,388,128,3845.729
V2C-0530,C4_TOOL_CALLING_AGENT,True,399,105,3845.729
V2C-0532,C4_TOOL_CALLING_AGENT,True,386,128,3845.729
V2C-0533,C4_TOOL_CALLING_AGENT,True,365,93,3845.729
V2C-0536,C4_TOOL_CALLING_AGENT,True,393,128,3845.729
V2C-0560,C4_TOOL_CALLING_AGENT,True,395,128,3845.729
V2C-0575,C4_TOOL_CALLING_AGENT,True,377,97,3842.729
V2C-0589,C4_TOOL_CALLING_AGENT,True,365,94,3842.729
V2C-0604,C4_TOOL_CALLING_AGENT,True,392,128,3842.729
V2C-0606,C4_TOOL_CALLING_AGENT,True,398,128,3842.729
V2C-0611,C4_TOOL_CALLING_AGENT,True,376,97,3842.729
V2C-0615,C4_TOOL_CALLING_AGENT,True,375,97,3842.729
V2C-0617,C4_TOOL_CALLING_AGENT,True,366,94,3842.729
V2C-0621,C4_TOOL_CALLING_AGENT,True,365,93,3842.729
V2C-0630,C4_TOOL_CALLING_AGENT,True,404,128,3860.732
V2C-0632,C4_TOOL_CALLING_AGENT,True,393,128,3860.732
V2C-0635,C4_TOOL_CALLING_AGENT,True,374,97,3860.732
V2C-0653,C4_TOOL_CALLING_AGENT,True,370,93,3860.732
V2C-0658,C4_TOOL_CALLING_AGENT,True,394,128,3860.732
V2C-0670,C4_TOOL_CALLING_AGENT,True,398,115,3860.732
V2C-0674,C4_TOOL_CALLING_AGENT,True,400,128,3860.732
V2C-0681,C4_TOOL_CALLING_AGENT,True,364,94,3860.732
V2C-0698,C4_TOOL_CALLING_AGENT,True,399,95,3857.732
V2C-0700,C4_TOOL_CALLING_AGENT,True,390,128,3857.732
V2C-0701,C4_TOOL_CALLING_AGENT,True,367,93,3857.732
V2C-0708,C4_TOOL_CALLING_AGENT,True,390,128,3857.732
V2C-0714,C4_TOOL_CALLING_AGENT,True,400,128,3857.732
V2C-0717,C4_TOOL_CALLING_AGENT,True,369,94,3857.732
V2C-0718,C4_TOOL_CALLING_AGENT,True,403,128,3857.732
V2C-0722,C4_TOOL_CALLING_AGENT,True,400,128,3857.732
V2C-0729,C4_TOOL_CALLING_AGENT,True,366,94,3854.732
V2C-0735,C4_TOOL_CALLING_AGENT,True,376,97,3854.732
V2C-0738,C4_TOOL_CALLING_AGENT,True,402,128,3854.732
V2C-0744,C4_TOOL_CALLING_AGENT,True,390,128,3854.732
V2C-0745,C4_TOOL_CALLING_AGENT,True,366,93,3854.732
V2C-0757,C4_TOOL_CALLING_AGENT,True,365,94,3854.732
V2C-0761,C4_TOOL_CALLING_AGENT,True,363,128,3854.732
V2C-0767,C4_TOOL_CALLING_AGENT,True,373,97,3854.732
V2C-0772,C4_TOOL_CALLING_AGENT,True,392,128,3854.732
V2C-0773,C4_TOOL_CALLING_AGENT,True,368,94,3854.732
V2C-0787,C4_TOOL_CALLING_AGENT,True,377,97,3854.732
V2C-0790,C4_TOOL_CALLING_AGENT,True,402,128,3854.732
V2C-0795,C4_TOOL_CALLING_AGENT,True,266,25,3854.732
V2C-0796,C4_TOOL_CALLING_AGENT,True,390,128,3854.732
V2C-0797,C4_TOOL_CALLING_AGENT,True,368,94,3854.732
V2C-0801,C4_TOOL_CALLING_AGENT,True,361,128,3854.732
V2C-0803,C4_TOOL_CALLING_AGENT,True,261,25,3821.729
V2C-0811,C4_TOOL_CALLING_AGENT,True,369,96,3821.729
V2C-0813,C4_TOOL_CALLING_AGENT,True,369,93,3821.729
V2C-0815,C4_TOOL_CALLING_AGENT,True,261,25,3821.729
V2C-0827,C4_TOOL_CALLING_AGENT,True,263,39,3821.729
V2C-0835,C4_TOOL_CALLING_AGENT,True,374,97,3821.729
V2C-0839,C4_TOOL_CALLING_AGENT,True,377,97,3821.729
V2C-0842,C4_TOOL_CALLING_AGENT,True,404,115,3821.729
V2C-0844,C4_TOOL_CALLING_AGENT,True,390,128,3851.731
V2C-0847,C4_TOOL_CALLING_AGENT,True,255,25,3851.731
V2C-0850,C4_TOOL_CALLING_AGENT,True,401,128,3851.731
V2C-0851,C4_TOOL_CALLING_AGENT,True,375,97,3851.731
V2C-0859,C4_TOOL_CALLING_AGENT,True,374,97,3851.731
V2C-0862,C4_TOOL_CALLING_AGENT,True,400,128,3851.731
V2C-0863,C4_TOOL_CALLING_AGENT,True,372,97,3851.731
V2C-0867,C4_TOOL_CALLING_AGENT,True,264,35,3851.731
V2C-0881,C4_TOOL_CALLING_AGENT,True,367,94,3848.729
V2C-0886,C4_TOOL_CALLING_AGENT,True,400,128,3848.729
V2C-0900,C4_TOOL_CALLING_AGENT,True,393,128,3848.729
V2C-0901,C4_TOOL_CALLING_AGENT,True,368,94,3848.729
V2C-0902,C4_TOOL_CALLING_AGENT,True,399,128,3848.729
V2C-0903,C4_TOOL_CALLING_AGENT,True,263,25,3848.729
V2C-0904,C4_TOOL_CALLING_AGENT,True,389,128,3848.729
V2C-0907,C4_TOOL_CALLING_AGENT,True,260,25,3848.729
V2C-0908,C4_TOOL_CALLING_AGENT,True,392,128,3842.729
V2C-0909,C4_TOOL_CALLING_AGENT,True,367,94,3842.729
V2C-0911,C4_TOOL_CALLING_AGENT,True,372,97,3842.729
V2C-0912,C4_TOOL_CALLING_AGENT,True,285,32,3842.729
V2C-0913,C4_TOOL_CALLING_AGENT,True,366,93,3842.729
V2C-0914,C4_TOOL_CALLING_AGENT,True,398,115,3842.729
V2C-0915,C4_TOOL_CALLING_AGENT,True,372,97,3842.729
V2C-0916,C4_TOOL_CALLING_AGENT,True,289,16,3842.729
V2C-0917,C4_TOOL_CALLING_AGENT,True,365,94,3860.732
V2C-0918,C4_TOOL_CALLING_AGENT,True,401,128,3860.732
V2C-0919,C4_TOOL_CALLING_AGENT,True,373,97,3860.732
V2C-0921,C4_TOOL_CALLING_AGENT,True,368,93,3860.732
V2C-0922,C4_TOOL_CALLING_AGENT,True,404,115,3860.732
V2C-0923,C4_TOOL_CALLING_AGENT,True,261,25,3860.732
V2C-0925,C4_TOOL_CALLING_AGENT,True,371,94,3860.732
V2C-0926,C4_TOOL_CALLING_AGENT,True,398,128,3860.732
V2C-0927,C4_TOOL_CALLING_AGENT,True,377,97,3845.729
V2C-0928,C4_TOOL_CALLING_AGENT,True,390,128,3845.729
V2C-0929,C4_TOOL_CALLING_AGENT,True,369,94,3845.729
V2C-0930,C4_TOOL_CALLING_AGENT,True,399,128,3845.729
V2C-0931,C4_TOOL_CALLING_AGENT,True,377,97,3845.729
V2C-0932,C4_TOOL_CALLING_AGENT,True,391,128,3845.729
V2C-0935,C4_TOOL_CALLING_AGENT,True,376,97,3845.729
V2C-0936,C4_TOOL_CALLING_AGENT,True,391,128,3845.729
V2C-0937,C4_TOOL_CALLING_AGENT,True,368,93,3854.732
V2C-0938,C4_TOOL_CALLING_AGENT,True,402,115,3854.732
V2C-0940,C4_TOOL_CALLING_AGENT,True,391,128,3854.732
V2C-0941,C4_TOOL_CALLING_AGENT,True,366,93,3854.732
V2C-0942,C4_TOOL_CALLING_AGENT,True,400,128,3854.732
V2C-0944,C4_TOOL_CALLING_AGENT,True,395,100,3854.732
V2C-0945,C4_TOOL_CALLING_AGENT,True,371,93,3854.732
V2C-0947,C4_TOOL_CALLING_AGENT,True,265,35,3854.732
V2C-0949,C4_TOOL_CALLING_AGENT,True,364,94,3848.729
V2C-0950,C4_TOOL_CALLING_AGENT,True,399,113,3848.729
V2C-0953,C4_TOOL_CALLING_AGENT,True,364,93,3848.729
V2C-0954,C4_TOOL_CALLING_AGENT,True,400,113,3848.729
V2C-0955,C4_TOOL_CALLING_AGENT,True,372,97,3848.729
V2C-0957,C4_TOOL_CALLING_AGENT,True,367,93,3848.729
V2C-0958,C4_TOOL_CALLING_AGENT,True,400,128,3848.729
V2C-0960,C4_TOOL_CALLING_AGENT,True,394,128,3848.729
V2C-0961,C4_TOOL_CALLING_AGENT,True,364,94,3857.732
V2C-0965,C4_TOOL_CALLING_AGENT,True,370,93,3857.732
V2C-0966,C4_TOOL_CALLING_AGENT,True,398,128,3857.732
V2C-0969,C4_TOOL_CALLING_AGENT,True,371,94,3857.732
V2C-0970,C4_TOOL_CALLING_AGENT,True,397,115,3857.732
V2C-0972,C4_TOOL_CALLING_AGENT,True,393,128,3857.732
V2C-0973,C4_TOOL_CALLING_AGENT,True,367,93,3857.732
V2C-0974,C4_TOOL_CALLING_AGENT,True,403,115,3857.732
V2C-0976,C4_TOOL_CALLING_AGENT,True,394,128,3851.731
V2C-0977,C4_TOOL_CALLING_AGENT,True,368,94,3851.731
V2C-0978,C4_TOOL_CALLING_AGENT,True,401,128,3851.731
V2C-0979,C4_TOOL_CALLING_AGENT,True,265,25,3851.731
V2C-0980,C4_TOOL_CALLING_AGENT,True,393,128,3851.731
V2C-0981,C4_TOOL_CALLING_AGENT,True,369,94,3851.731
V2C-0982,C4_TOOL_CALLING_AGENT,True,401,128,3851.731
V2C-0988,C4_TOOL_CALLING_AGENT,True,392,128,3851.731
V2C-0989,C4_TOOL_CALLING_AGENT,True,368,94,3851.731
V2C-0990,C4_TOOL_CALLING_AGENT,True,401,128,3851.731
V2C-0991,C4_TOOL_CALLING_AGENT,True,379,96,3851.731
V2C-0994,C4_TOOL_CALLING_AGENT,True,398,115,3851.731
V2C-0996,C4_TOOL_CALLING_AGENT,True,386,128,3851.731
V2C-0999,C4_TOOL_CALLING_AGENT,True,260,25,3851.731
V2C-1000,C4_TOOL_CALLING_AGENT,True,263,24,3851.731
V2C-1001,C4_TOOL_CALLING_AGENT,True,271,26,3851.731
V2C-1002,C4_TOOL_CALLING_AGENT,True,256,32,3231.115
V2C-1003,C4_TOOL_CALLING_AGENT,True,277,26,3231.115
V2C-1010,C4_TOOL_CALLING_AGENT,True,262,32,3231.115
V2C-1011,C4_TOOL_CALLING_AGENT,True,269,26,3231.115
V2C-1012,C4_TOOL_CALLING_AGENT,True,267,22,3231.115
V2C-1013,C4_TOOL_CALLING_AGENT,True,273,28,3231.115
V2C-1014,C4_TOOL_CALLING_AGENT,True,260,32,3231.115
V2C-1015,C4_TOOL_CALLING_AGENT,True,281,32,3231.115
V2C-1016,C4_TOOL_CALLING_AGENT,True,259,22,3231.115
V2C-1017,C4_TOOL_CALLING_AGENT,True,275,27,3231.115
V2C-1019,C4_TOOL_CALLING_AGENT,True,281,32,3231.115
V2C-1020,C4_TOOL_CALLING_AGENT,True,262,23,3231.115
V2C-1022,C4_TOOL_CALLING_AGENT,True,264,32,3231.115
V2C-1024,C4_TOOL_CALLING_AGENT,True,264,22,3231.115
V2C-1025,C4_TOOL_CALLING_AGENT,True,274,27,3231.115
V2C-1026,C4_TOOL_CALLING_AGENT,True,256,32,3231.115
V2C-1028,C4_TOOL_CALLING_AGENT,True,260,22,3234.731
V2C-1030,C4_TOOL_CALLING_AGENT,True,265,32,3234.731
V2C-1032,C4_TOOL_CALLING_AGENT,True,263,24,3234.731
V2C-1033,C4_TOOL_CALLING_AGENT,True,274,27,3234.731
V2C-1035,C4_TOOL_CALLING_AGENT,True,275,27,3234.731
V2C-1036,C4_TOOL_CALLING_AGENT,True,264,24,3234.731
V2C-1037,C4_TOOL_CALLING_AGENT,True,271,27,3234.731
V2C-1039,C4_TOOL_CALLING_AGENT,True,282,24,3234.731
V2C-1040,C4_TOOL_CALLING_AGENT,True,259,22,3290.393
V2C-1043,C4_TOOL_CALLING_AGENT,True,276,28,3290.393
V2C-1045,C4_TOOL_CALLING_AGENT,True,271,26,3290.393
V2C-1046,C4_TOOL_CALLING_AGENT,True,261,32,3290.393
V2C-1047,C4_TOOL_CALLING_AGENT,True,278,27,3290.393
V2C-1049,C4_TOOL_CALLING_AGENT,True,268,26,3290.393
V2C-1050,C4_TOOL_CALLING_AGENT,True,297,18,3290.393
V2C-1055,C4_TOOL_CALLING_AGENT,True,282,16,3290.393
V2C-1057,C4_TOOL_CALLING_AGENT,True,276,16,3303.454
V2C-1061,C4_TOOL_CALLING_AGENT,True,285,16,3303.454
V2C-1065,C4_TOOL_CALLING_AGENT,True,281,16,3303.454
V2C-1070,C4_TOOL_CALLING_AGENT,True,301,18,3303.454
V2C-1074,C4_TOOL_CALLING_AGENT,True,286,18,3303.454
V2C-1076,C4_TOOL_CALLING_AGENT,True,278,18,3303.454
V2C-1077,C4_TOOL_CALLING_AGENT,True,275,16,3303.454
V2C-1079,C4_TOOL_CALLING_AGENT,True,280,16,3303.454
V2C-1080,C4_TOOL_CALLING_AGENT,True,292,23,3293.166
V2C-1082,C4_TOOL_CALLING_AGENT,True,295,18,3293.166
V2C-1087,C4_TOOL_CALLING_AGENT,True,279,16,3293.166
V2C-1088,C4_TOOL_CALLING_AGENT,True,298,18,3293.166
V2C-1091,C4_TOOL_CALLING_AGENT,True,281,16,3293.166
V2C-1093,C4_TOOL_CALLING_AGENT,True,280,16,3293.166
V2C-1095,C4_TOOL_CALLING_AGENT,True,279,16,3293.166
V2C-1096,C4_TOOL_CALLING_AGENT,True,297,18,3293.166
V2C-1104,C4_TOOL_CALLING_AGENT,True,293,30,3314.304
V2C-1107,C4_TOOL_CALLING_AGENT,True,289,32,3314.304
V2C-1109,C4_TOOL_CALLING_AGENT,True,288,30,3314.304
V2C-1110,C4_TOOL_CALLING_AGENT,True,298,18,3314.304
V2C-1115,C4_TOOL_CALLING_AGENT,True,285,32,3314.304
V2C-1116,C4_TOOL_CALLING_AGENT,True,297,30,3314.304
V2C-1118,C4_TOOL_CALLING_AGENT,True,304,30,3314.304
V2C-1119,C4_TOOL_CALLING_AGENT,True,290,32,3314.304
V2C-1120,C4_TOOL_CALLING_AGENT,True,272,36,3307.071
V2C-1123,C4_TOOL_CALLING_AGENT,True,285,32,3307.071
V2C-1127,C4_TOOL_CALLING_AGENT,True,286,32,3307.071
V2C-1128,C4_TOOL_CALLING_AGENT,True,293,30,3307.071
V2C-1130,C4_TOOL_CALLING_AGENT,True,302,34,3307.071
V2C-1133,C4_TOOL_CALLING_AGENT,True,280,30,3307.071
V2C-1139,C4_TOOL_CALLING_AGENT,True,281,32,3307.071
V2C-1141,C4_TOOL_CALLING_AGENT,True,280,30,3307.071
V2C-1154,C4_TOOL_CALLING_AGENT,True,396,128,3854.732
V2C-1155,C4_TOOL_CALLING_AGENT,True,373,97,3854.732
V2C-1156,C4_TOOL_CALLING_AGENT,True,288,16,3854.732
V2C-1158,C4_TOOL_CALLING_AGENT,True,401,128,3854.732
V2C-1160,C4_TOOL_CALLING_AGENT,True,391,128,3854.732
V2C-1162,C4_TOOL_CALLING_AGENT,True,402,128,3854.732
V2C-1163,C4_TOOL_CALLING_AGENT,True,261,25,3854.732
V2C-1164,C4_TOOL_CALLING_AGENT,True,395,128,3854.732
V2C-1171,C4_TOOL_CALLING_AGENT,True,263,39,3857.732
V2C-1173,C4_TOOL_CALLING_AGENT,True,370,94,3857.732
V2C-1175,C4_TOOL_CALLING_AGENT,True,375,103,3857.732
V2C-1178,C4_TOOL_CALLING_AGENT,True,400,128,3857.732
V2C-1187,C4_TOOL_CALLING_AGENT,True,378,97,3857.732
V2C-1190,C4_TOOL_CALLING_AGENT,True,400,128,3857.732
V2C-1194,C4_TOOL_CALLING_AGENT,True,403,115,3857.732
V2C-1199,C4_TOOL_CALLING_AGENT,True,375,97,3857.732
EXT-ADVERSARIAL-0002,C5_GUARDRAIL_STYLE,False,0,0,0.0
EXT-ADVERSARIAL-0003,C5_GUARDRAIL_STYLE,False,0,0,0.0
EXT-ADVERSARIAL-0005,C5_GUARDRAIL_STYLE,False,0,0,0.0
EXT-ADVERSARIAL-0014,C5_GUARDRAIL_STYLE,False,0,0,0.0
EXT-ADVERSARIAL-0015,C5_GUARDRAIL_STYLE,False,0,0,0.0
EXT-ADVERSARIAL-0018,C5_GUARDRAIL_STYLE,False,0,0,0.0
EXT-ADVERSARIAL-0021,C5_GUARDRAIL_STYLE,False,0,0,0.0
EXT-ADVERSARIAL-0025,C5_GUARDRAIL_STYLE,False,0,0,0.0
EXT-ADVERSARIAL-0026,C5_GUARDRAIL_STYLE,False,0,0,0.0
EXT-ADVERSARIAL-0028,C5_GUARDRAIL_STYLE,False,0,0,0.0
EXT-ADVERSARIAL-0029,C5_GUARDRAIL_STYLE,False,0,0,0.0
EXT-ADVERSARIAL-0031,C5_GUARDRAIL_STYLE,False,0,0,0.0
EXT-ADVERSARIAL-0032,C5_GUARDRAIL_STYLE,False,0,0,0.0
EXT-ADVERSARIAL-0034,C5_GUARDRAIL_STYLE,False,0,0,0.0
EXT-ADVERSARIAL-0039,C5_GUARDRAIL_STYLE,False,0,0,0.0
EXT-ADVERSARIAL-0044,C5_GUARDRAIL_STYLE,False,0,0,0.0
EXT-ADVERSARIAL-0050,C5_GUARDRAIL_STYLE,False,0,0,0.0
EXT-ADVERSARIAL-0051,C5_GUARDRAIL_STYLE,False,0,0,0.0
EXT-ADVERSARIAL-0056,C5_GUARDRAIL_STYLE,False,0,0,0.0
EXT-ADVERSARIAL-0058,C5_GUARDRAIL_STYLE,False,0,0,0.0
EXT-ADVERSARIAL-0061,C5_GUARDRAIL_STYLE,False,0,0,0.0
EXT-ADVERSARIAL-0063,C5_GUARDRAIL_STYLE,False,0,0,0.0
EXT-ADVERSARIAL-0071,C5_GUARDRAIL_STYLE,False,0,0,0.0
EXT-ADVERSARIAL-0073,C5_GUARDRAIL_STYLE,False,0,0,0.0
EXT-ADVERSARIAL-0076,C5_GUARDRAIL_STYLE,False,0,0,0.0
EXT-ADVERSARIAL-0078,C5_GUARDRAIL_STYLE,False,0,0,0.0
EXT-ADVERSARIAL-0082,C5_GUARDRAIL_STYLE,False,0,0,0.0
EXT-ADVERSARIAL-0084,C5_GUARDRAIL_STYLE,False,0,0,0.0
EXT-ADVERSARIAL-0085,C5_GUARDRAIL_STYLE,False,0,0,0.0
EXT-ADVERSARIAL-0089,C5_GUARDRAIL_STYLE,False,0,0,0.0
EXT-ADVERSARIAL-0093,C5_GUARDRAIL_STYLE,False,0,0,0.0
EXT-ADVERSARIAL-0095,C5_GUARDRAIL_STYLE,False,0,0,0.0
EXT-ADVERSARIAL-0097,C5_GUARDRAIL_STYLE,False,0,0,0.0
EXT-ADVERSARIAL-0098,C5_GUARDRAIL_STYLE,False,0,0,0.0
EXT-AMBIGUOUS-0003,C5_GUARDRAIL_STYLE,True,158,14,2807.733
EXT-AMBIGUOUS-0004,C5_GUARDRAIL_STYLE,True,138,19,2807.733
EXT-AMBIGUOUS-0014,C5_GUARDRAIL_STYLE,True,138,19,2807.733
EXT-AMBIGUOUS-0015,C5_GUARDRAIL_STYLE,True,158,14,2807.733
EXT-AMBIGUOUS-0024,C5_GUARDRAIL_STYLE,True,138,19,2807.733
EXT-AMBIGUOUS-0026,C5_GUARDRAIL_STYLE,True,138,19,2807.733
EXT-AMBIGUOUS-0028,C5_GUARDRAIL_STYLE,True,138,19,2807.733
EXT-AMBIGUOUS-0033,C5_GUARDRAIL_STYLE,True,158,14,2807.733
EXT-AMBIGUOUS-0035,C5_GUARDRAIL_STYLE,True,158,14,2814.338
EXT-AMBIGUOUS-0039,C5_GUARDRAIL_STYLE,True,158,14,2814.338
EXT-AMBIGUOUS-0041,C5_GUARDRAIL_STYLE,True,158,14,2814.338
EXT-AMBIGUOUS-0044,C5_GUARDRAIL_STYLE,True,138,19,2814.338
EXT-AMBIGUOUS-0049,C5_GUARDRAIL_STYLE,True,158,14,2814.338
EXT-AMBIGUOUS-0050,C5_GUARDRAIL_STYLE,True,138,19,2814.338
EXT-INVALID_ENTITY-0004,C5_GUARDRAIL_STYLE,True,156,25,2814.338
EXT-INVALID_ENTITY-0006,C5_GUARDRAIL_STYLE,True,146,14,2814.338
EXT-INVALID_ENTITY-0009,C5_GUARDRAIL_STYLE,True,165,73,3044.641
EXT-INVALID_ENTITY-0011,C5_GUARDRAIL_STYLE,True,158,26,3044.641
EXT-INVALID_ENTITY-0013,C5_GUARDRAIL_STYLE,True,182,27,3044.641
EXT-INVALID_ENTITY-0022,C5_GUARDRAIL_STYLE,True,154,27,3044.641
EXT-INVALID_ENTITY-0026,C5_GUARDRAIL_STYLE,True,148,14,3044.641
EXT-INVALID_ENTITY-0033,C5_GUARDRAIL_STYLE,True,165,21,3044.641
EXT-INVALID_ENTITY-0034,C5_GUARDRAIL_STYLE,True,156,25,3044.641
EXT-INVALID_ENTITY-0035,C5_GUARDRAIL_STYLE,True,187,45,3044.641
EXT-INVALID_ENTITY-0036,C5_GUARDRAIL_STYLE,True,145,13,3050.641
EXT-INVALID_ENTITY-0037,C5_GUARDRAIL_STYLE,True,182,25,3050.641
EXT-INVALID_ENTITY-0038,C5_GUARDRAIL_STYLE,True,151,29,3050.641
EXT-INVALID_ENTITY-0039,C5_GUARDRAIL_STYLE,True,165,73,3050.641
EXT-INVALID_ENTITY-0040,C5_GUARDRAIL_STYLE,True,154,35,3050.641
EXT-INVALID_ENTITY-0042,C5_GUARDRAIL_STYLE,True,155,14,3050.641
EXT-INVALID_ENTITY-0043,C5_GUARDRAIL_STYLE,True,180,24,3050.641
EXT-INVALID_ENTITY-0045,C5_GUARDRAIL_STYLE,True,189,22,3050.641
EXT-INVALID_ENTITY-0047,C5_GUARDRAIL_STYLE,True,179,29,3041.641
EXT-INVALID_ENTITY-0050,C5_GUARDRAIL_STYLE,True,154,18,3041.641
EXT-INVALID_ENTITY-0053,C5_GUARDRAIL_STYLE,True,180,32,3041.641
EXT-INVALID_ENTITY-0054,C5_GUARDRAIL_STYLE,True,155,36,3041.641
EXT-INVALID_ENTITY-0065,C5_GUARDRAIL_STYLE,True,186,19,3041.641
EXT-INVALID_ENTITY-0066,C5_GUARDRAIL_STYLE,True,148,14,3041.641
EXT-INVALID_ENTITY-0069,C5_GUARDRAIL_STYLE,True,165,73,3041.641
EXT-INVALID_ENTITY-0070,C5_GUARDRAIL_STYLE,True,152,35,3041.641
EXT-INVALID_ENTITY-0073,C5_GUARDRAIL_STYLE,True,179,14,2917.693
EXT-INVALID_ENTITY-0077,C5_GUARDRAIL_STYLE,True,180,25,2917.693
EXT-INVALID_ENTITY-0078,C5_GUARDRAIL_STYLE,True,154,14,2917.693
EXT-INVALID_ENTITY-0079,C5_GUARDRAIL_STYLE,True,179,32,2917.693
EXT-INVALID_ENTITY-0080,C5_GUARDRAIL_STYLE,True,154,35,2917.693
EXT-INVALID_ENTITY-0083,C5_GUARDRAIL_STYLE,True,177,29,2917.693
EXT-INVALID_ENTITY-0084,C5_GUARDRAIL_STYLE,True,155,36,2917.693
EXT-INVALID_ENTITY-0086,C5_GUARDRAIL_STYLE,True,146,14,2917.693
EXT-INVALID_ENTITY-0093,C5_GUARDRAIL_STYLE,True,168,23,2933.086
EXT-INVALID_ENTITY-0098,C5_GUARDRAIL_STYLE,True,153,31,2933.086
EXT-NUMERIC_PROVENANCE-0008,C5_GUARDRAIL_STYLE,True,151,13,2933.086
EXT-NUMERIC_PROVENANCE-0009,C5_GUARDRAIL_STYLE,True,164,20,2933.086
EXT-NUMERIC_PROVENANCE-0012,C5_GUARDRAIL_STYLE,True,152,14,2933.086
EXT-NUMERIC_PROVENANCE-0013,C5_GUARDRAIL_STYLE,True,182,32,2933.086
EXT-NUMERIC_PROVENANCE-0015,C5_GUARDRAIL_STYLE,True,188,20,2933.086
EXT-NUMERIC_PROVENANCE-0016,C5_GUARDRAIL_STYLE,True,147,13,2933.086
EXT-NUMERIC_PROVENANCE-0017,C5_GUARDRAIL_STYLE,True,175,24,2907.943
EXT-NUMERIC_PROVENANCE-0018,C5_GUARDRAIL_STYLE,True,155,30,2907.943
EXT-NUMERIC_PROVENANCE-0019,C5_GUARDRAIL_STYLE,True,178,29,2907.943
EXT-NUMERIC_PROVENANCE-0020,C5_GUARDRAIL_STYLE,True,151,23,2907.943
EXT-NUMERIC_PROVENANCE-0021,C5_GUARDRAIL_STYLE,True,161,30,2907.943
EXT-NUMERIC_PROVENANCE-0029,C5_GUARDRAIL_STYLE,True,175,34,2907.943
EXT-NUMERIC_PROVENANCE-0031,C5_GUARDRAIL_STYLE,True,159,24,2907.943
EXT-NUMERIC_PROVENANCE-0033,C5_GUARDRAIL_STYLE,True,164,20,2907.943
EXT-NUMERIC_PROVENANCE-0035,C5_GUARDRAIL_STYLE,True,186,55,2987.636
EXT-NUMERIC_PROVENANCE-0038,C5_GUARDRAIL_STYLE,True,150,27,2987.636
EXT-NUMERIC_PROVENANCE-0039,C5_GUARDRAIL_STYLE,True,164,20,2987.636
EXT-NUMERIC_PROVENANCE-0047,C5_GUARDRAIL_STYLE,True,178,26,2987.636
EXT-PAIR-0001-KO,C5_GUARDRAIL_STYLE,True,157,25,2987.636
EXT-PAIR-0004-EN,C5_GUARDRAIL_STYLE,True,156,32,2987.636
EXT-PAIR-0004-KO,C5_GUARDRAIL_STYLE,True,182,28,2987.636
EXT-PAIR-0007-EN,C5_GUARDRAIL_STYLE,True,153,26,2987.636
EXT-PAIR-0009-EN,C5_GUARDRAIL_STYLE,True,154,34,2917.693
EXT-PAIR-0010-EN,C5_GUARDRAIL_STYLE,True,151,23,2917.693
EXT-PAIR-0013-EN,C5_GUARDRAIL_STYLE,True,156,25,2917.693
EXT-PAIR-0013-KO,C5_GUARDRAIL_STYLE,True,182,32,2917.693
EXT-PAIR-0021-KO,C5_GUARDRAIL_STYLE,True,161,30,2917.693
EXT-PAIR-0026-EN,C5_GUARDRAIL_STYLE,True,145,24,2917.693
EXT-PAIR-0026-KO,C5_GUARDRAIL_STYLE,True,158,34,2917.693
EXT-PAIR-0027-KO,C5_GUARDRAIL_STYLE,True,167,22,2917.693
EXT-PAIR-0029-KO,C5_GUARDRAIL_STYLE,True,176,26,2937.149
EXT-PAIR-0030-EN,C5_GUARDRAIL_STYLE,True,154,35,2937.149
EXT-PAIR-0034-EN,C5_GUARDRAIL_STYLE,True,156,32,2937.149
EXT-PAIR-0035-KO,C5_GUARDRAIL_STYLE,True,188,20,2937.149
EXT-PAIR-0039-KO,C5_GUARDRAIL_STYLE,True,167,24,2937.149
EXT-PAIR-0040-EN,C5_GUARDRAIL_STYLE,True,152,18,2937.149
EXT-PAIR-0041-EN,C5_GUARDRAIL_STYLE,True,147,31,2937.149
EXT-PAIR-0043-KO,C5_GUARDRAIL_STYLE,True,182,28,2937.149
EXT-PAIR-0047-KO,C5_GUARDRAIL_STYLE,True,176,35,2999.636
EXT-PAIR-0048-EN,C5_GUARDRAIL_STYLE,True,152,14,2999.636
EXT-PAIR-0049-KO,C5_GUARDRAIL_STYLE,True,178,29,2999.636
EXT-PAIR-0055-EN,C5_GUARDRAIL_STYLE,True,151,31,2999.636
EXT-PAIR-0056-EN,C5_GUARDRAIL_STYLE,True,145,14,2999.636
EXT-PAIR-0063-KO,C5_GUARDRAIL_STYLE,True,164,67,2999.636
EXT-PAIR-0064-EN,C5_GUARDRAIL_STYLE,True,156,32,2999.636
EXT-PAIR-0072-EN,C5_GUARDRAIL_STYLE,True,153,14,2999.636
EXT-PAIR-0073-KO,C5_GUARDRAIL_STYLE,True,178,14,2934.524
EXT-PAIR-0078-KO,C5_GUARDRAIL_STYLE,True,168,21,2934.524
EXT-PAIR-0080-EN,C5_GUARDRAIL_STYLE,True,152,18,2934.524
EXT-PAIR-0080-KO,C5_GUARDRAIL_STYLE,True,187,20,2934.524
EXT-PAIR-0082-EN,C5_GUARDRAIL_STYLE,True,153,14,2934.524
EXT-PAIR-0083-KO,C5_GUARDRAIL_STYLE,True,179,34,2934.524
EXT-PAIR-0085-EN,C5_GUARDRAIL_STYLE,True,153,20,2934.524
EXT-PAIR-0088-EN,C5_GUARDRAIL_STYLE,True,153,23,2934.524
EXT-PAIR-0089-EN,C5_GUARDRAIL_STYLE,True,149,15,2903.068
EXT-PAIR-0091-EN,C5_GUARDRAIL_STYLE,True,148,14,2903.068
EXT-PAIR-0091-KO,C5_GUARDRAIL_STYLE,True,161,24,2903.068
EXT-PAIR-0094-EN,C5_GUARDRAIL_STYLE,True,156,32,2903.068
EXT-PAIR-0096-EN,C5_GUARDRAIL_STYLE,True,145,14,2903.068
EXT-PAIR-0099-KO,C5_GUARDRAIL_STYLE,True,167,24,2903.068
EXT-PAIR-0104-KO,C5_GUARDRAIL_STYLE,True,176,28,2903.068
EXT-PAIR-0109-KO,C5_GUARDRAIL_STYLE,True,178,29,2903.068
EXT-PAIR-0115-KO,C5_GUARDRAIL_STYLE,True,188,20,3069.033
EXT-PAIR-0116-KO,C5_GUARDRAIL_STYLE,True,160,33,3069.033
EXT-PAIR-0117-EN,C5_GUARDRAIL_STYLE,True,154,18,3069.033
EXT-PAIR-0121-EN,C5_GUARDRAIL_STYLE,True,144,31,3069.033
EXT-PAIR-0128-KO,C5_GUARDRAIL_STYLE,True,176,79,3069.033
EXT-PAIR-0136-KO,C5_GUARDRAIL_STYLE,True,158,24,3069.033
EXT-PAIR-0140-EN,C5_GUARDRAIL_STYLE,True,154,34,3069.033
EXT-PAIR-0140-KO,C5_GUARDRAIL_STYLE,True,189,22,3069.033
EXT-PAIR-0143-EN,C5_GUARDRAIL_STYLE,True,148,25,2917.694
EXT-PAIR-0144-EN,C5_GUARDRAIL_STYLE,True,155,23,2917.694
EXT-PAIR-0146-EN,C5_GUARDRAIL_STYLE,True,145,24,2917.694
EXT-PAIR-0148-EN,C5_GUARDRAIL_STYLE,True,155,14,2917.694
EXT-PAIR-0148-KO,C5_GUARDRAIL_STYLE,True,181,14,2917.694
EXT-PAIR-0149-KO,C5_GUARDRAIL_STYLE,True,176,26,2917.694
EXT-PAIR-0150-KO,C5_GUARDRAIL_STYLE,True,189,22,2917.694
EXT-PAIR-0152-KO,C5_GUARDRAIL_STYLE,True,177,27,2917.694
EXT-PAIR-0154-KO,C5_GUARDRAIL_STYLE,True,182,28,2925.257
EXT-PAIR-0157-KO,C5_GUARDRAIL_STYLE,True,181,23,2925.257
EXT-PAIR-0159-EN,C5_GUARDRAIL_STYLE,True,154,34,2925.257
EXT-PAIR-0161-EN,C5_GUARDRAIL_STYLE,True,147,31,2925.257
EXT-PAIR-0162-EN,C5_GUARDRAIL_STYLE,True,152,14,2925.257
EXT-PAIR-0166-EN,C5_GUARDRAIL_STYLE,True,148,33,2925.257
EXT-PAIR-0166-KO,C5_GUARDRAIL_STYLE,True,161,32,2925.257
EXT-PAIR-0167-EN,C5_GUARDRAIL_STYLE,True,149,37,2925.257
EXT-PAIR-0169-EN,C5_GUARDRAIL_STYLE,True,152,14,3023.638
EXT-PAIR-0170-EN,C5_GUARDRAIL_STYLE,True,151,23,3023.638
EXT-PAIR-0174-KO,C5_GUARDRAIL_STYLE,True,168,71,3023.638
EXT-PAIR-0175-EN,C5_GUARDRAIL_STYLE,True,151,31,3023.638
EXT-PAIR-0179-EN,C5_GUARDRAIL_STYLE,True,149,15,3023.638
EXT-PAIR-0184-KO,C5_GUARDRAIL_STYLE,True,182,28,3023.638
EXT-PAIR-0191-EN,C5_GUARDRAIL_STYLE,True,144,26,3023.638
EXT-PAIR-0191-KO,C5_GUARDRAIL_STYLE,True,157,23,3023.638
EXT-PAIR-0193-EN,C5_GUARDRAIL_STYLE,True,152,23,3077.643
EXT-PAIR-0194-EN,C5_GUARDRAIL_STYLE,True,149,28,3077.643
EXT-PAIR-0194-KO,C5_GUARDRAIL_STYLE,True,176,28,3077.643
EXT-PAIR-0195-EN,C5_GUARDRAIL_STYLE,True,153,34,3077.643
EXT-PAIR-0195-KO,C5_GUARDRAIL_STYLE,True,188,20,3077.643
EXT-PARAPHRASE-0003,C5_GUARDRAIL_STYLE,True,166,83,3077.643
EXT-PARAPHRASE-0004,C5_GUARDRAIL_STYLE,True,156,32,3077.643
EXT-PARAPHRASE-0005,C5_GUARDRAIL_STYLE,True,188,22,3077.643
EXT-PARAPHRASE-0020,C5_GUARDRAIL_STYLE,True,151,23,2852.734
EXT-PARAPHRASE-0026,C5_GUARDRAIL_STYLE,True,148,13,2852.734
EXT-PARAPHRASE-0028,C5_GUARDRAIL_STYLE,True,152,14,2852.734
EXT-PARAPHRASE-0030,C5_GUARDRAIL_STYLE,True,152,18,2852.734
EXT-PARAPHRASE-0034,C5_GUARDRAIL_STYLE,True,156,32,2852.734
EXT-PARAPHRASE-0039,C5_GUARDRAIL_STYLE,True,164,20,2852.734
EXT-PARAPHRASE-0069,C5_GUARDRAIL_STYLE,True,164,20,2852.734
EXT-PARAPHRASE-0076,C5_GUARDRAIL_STYLE,True,144,17,2852.734
EXT-PARAPHRASE-0080,C5_GUARDRAIL_STYLE,True,154,35,2910.38
EXT-PARAPHRASE-0091,C5_GUARDRAIL_STYLE,True,159,22,2910.38
EXT-PARAPHRASE-0097,C5_GUARDRAIL_STYLE,True,178,14,2910.38
EXT-PARAPHRASE-0101,C5_GUARDRAIL_STYLE,True,161,30,2910.38
EXT-PARAPHRASE-0114,C5_GUARDRAIL_STYLE,True,155,14,2910.38
EXT-PARAPHRASE-0121,C5_GUARDRAIL_STYLE,True,157,25,2910.38
EXT-PARAPHRASE-0150,C5_GUARDRAIL_STYLE,True,152,18,2910.38
EXT-PARAPHRASE-0154,C5_GUARDRAIL_STYLE,True,156,32,2910.38
EXT-PARAPHRASE-0158,C5_GUARDRAIL_STYLE,True,150,27,2849.937
EXT-PARAPHRASE-0159,C5_GUARDRAIL_STYLE,True,164,20,2849.937
EXT-PARAPHRASE-0162,C5_GUARDRAIL_STYLE,True,155,14,2849.937
EXT-PARAPHRASE-0166,C5_GUARDRAIL_STYLE,True,146,29,2849.937
EXT-PARAPHRASE-0172,C5_GUARDRAIL_STYLE,True,153,14,2849.937
EXT-PARAPHRASE-0176,C5_GUARDRAIL_STYLE,True,147,13,2849.937
EXT-PARAPHRASE-0183,C5_GUARDRAIL_STYLE,True,166,22,2849.937
EXT-PARAPHRASE-0191,C5_GUARDRAIL_STYLE,True,159,24,2849.937
EXT-PARAPHRASE-0194,C5_GUARDRAIL_STYLE,True,152,30,4643.83
EXT-PARAPHRASE-0197,C5_GUARDRAIL_STYLE,True,179,35,4643.83
EXT-POLICY_CONFLICT-0001,C5_GUARDRAIL_STYLE,False,0,0,0.0
EXT-POLICY_CONFLICT-0010,C5_GUARDRAIL_STYLE,False,0,0,0.0
EXT-POLICY_CONFLICT-0012,C5_GUARDRAIL_STYLE,False,0,0,0.0
EXT-POLICY_CONFLICT-0015,C5_GUARDRAIL_STYLE,False,0,0,0.0
EXT-POLICY_CONFLICT-0017,C5_GUARDRAIL_STYLE,False,0,0,0.0
EXT-POLICY_CONFLICT-0019,C5_GUARDRAIL_STYLE,False,0,0,0.0
EXT-POLICY_CONFLICT-0022,C5_GUARDRAIL_STYLE,False,0,0,0.0
EXT-POLICY_CONFLICT-0027,C5_GUARDRAIL_STYLE,False,0,0,0.0
EXT-POLICY_CONFLICT-0030,C5_GUARDRAIL_STYLE,False,0,0,0.0
EXT-POLICY_CONFLICT-0034,C5_GUARDRAIL_STYLE,False,0,0,0.0
EXT-POLICY_CONFLICT-0043,C5_GUARDRAIL_STYLE,False,0,0,0.0
EXT-POLICY_CONFLICT-0044,C5_GUARDRAIL_STYLE,False,0,0,0.0
EXT-POLICY_CONFLICT-0055,C5_GUARDRAIL_STYLE,False,0,0,0.0
EXT-POLICY_CONFLICT-0056,C5_GUARDRAIL_STYLE,False,0,0,0.0
EXT-POLICY_CONFLICT-0057,C5_GUARDRAIL_STYLE,False,0,0,0.0
EXT-POLICY_CONFLICT-0060,C5_GUARDRAIL_STYLE,False,0,0,0.0
EXT-POLICY_CONFLICT-0061,C5_GUARDRAIL_STYLE,False,0,0,0.0
EXT-POLICY_CONFLICT-0062,C5_GUARDRAIL_STYLE,False,0,0,0.0
EXT-POLICY_CONFLICT-0065,C5_GUARDRAIL_STYLE,False,0,0,0.0
EXT-POLICY_CONFLICT-0066,C5_GUARDRAIL_STYLE,False,0,0,0.0
EXT-POLICY_CONFLICT-0071,C5_GUARDRAIL_STYLE,False,0,0,0.0
EXT-POLICY_CONFLICT-0073,C5_GUARDRAIL_STYLE,False,0,0,0.0
EXT-POLICY_CONFLICT-0075,C5_GUARDRAIL_STYLE,False,0,0,0.0
EXT-POLICY_CONFLICT-0080,C5_GUARDRAIL_STYLE,False,0,0,0.0
EXT-POLICY_CONFLICT-0081,C5_GUARDRAIL_STYLE,False,0,0,0.0
EXT-POLICY_CONFLICT-0086,C5_GUARDRAIL_STYLE,False,0,0,0.0
EXT-POLICY_CONFLICT-0091,C5_GUARDRAIL_STYLE,False,0,0,0.0
EXT-POLICY_CONFLICT-0094,C5_GUARDRAIL_STYLE,False,0,0,0.0
EXT-POLICY_CONFLICT-0095,C5_GUARDRAIL_STYLE,False,0,0,0.0
EXT-POLICY_CONFLICT-0098,C5_GUARDRAIL_STYLE,False,0,0,0.0
EXT-POLICY_CONFLICT-0099,C5_GUARDRAIL_STYLE,False,0,0,0.0
EXT-POLICY_CONFLICT-0100,C5_GUARDRAIL_STYLE,False,0,0,0.0
SEC3B-000-EN,C5_GUARDRAIL_STYLE,True,615,128,4643.83
SEC3B-000-KO,C5_GUARDRAIL_STYLE,True,643,128,4643.83
SEC3B-001-KO,C5_GUARDRAIL_STYLE,True,643,128,4643.83
SEC3B-002-EN,C5_GUARDRAIL_STYLE,True,632,128,4643.83
SEC3B-005-EN,C5_GUARDRAIL_STYLE,True,637,128,4643.83
SEC3B-005-KO,C5_GUARDRAIL_STYLE,True,665,128,4643.83
SEC3B-009-KO,C5_GUARDRAIL_STYLE,True,651,128,4664.831
SEC3B-010-EN,C5_GUARDRAIL_STYLE,True,638,128,4664.831
SEC3B-012-EN,C5_GUARDRAIL_STYLE,True,644,128,4664.831
SEC3B-012-KO,C5_GUARDRAIL_STYLE,True,672,128,4664.831
SEC3B-013-EN,C5_GUARDRAIL_STYLE,True,644,128,4664.831
SEC3B-014-KO,C5_GUARDRAIL_STYLE,True,656,128,4664.831
SEC3B-015-EN,C5_GUARDRAIL_STYLE,True,628,128,4664.831
SEC3B-016-EN,C5_GUARDRAIL_STYLE,True,636,128,4664.831
SEC3B-016-KO,C5_GUARDRAIL_STYLE,True,664,128,4706.837
SEC3B-018-EN,C5_GUARDRAIL_STYLE,True,653,128,4706.837
SEC3B-020-EN,C5_GUARDRAIL_STYLE,True,658,128,4706.837
SEC3B-020-KO,C5_GUARDRAIL_STYLE,True,686,128,4706.837
SEC3B-021-KO,C5_GUARDRAIL_STYLE,True,686,128,4706.837
SEC3B-023-EN,C5_GUARDRAIL_STYLE,True,641,128,4706.837
SEC3B-025-EN,C5_GUARDRAIL_STYLE,True,631,128,4706.837
SEC3B-025-KO,C5_GUARDRAIL_STYLE,True,659,128,4706.837
SEC3B-026-EN,C5_GUARDRAIL_STYLE,True,647,128,4688.834
SEC3B-028-KO,C5_GUARDRAIL_STYLE,True,680,128,4688.834
SEC3B-030-EN,C5_GUARDRAIL_STYLE,True,612,128,4688.834
SEC3B-030-KO,C5_GUARDRAIL_STYLE,True,640,128,4688.834
SEC3B-031-EN,C5_GUARDRAIL_STYLE,True,612,128,4688.834
SEC3B-032-EN,C5_GUARDRAIL_STYLE,True,629,128,4688.834
SEC3B-032-KO,C5_GUARDRAIL_STYLE,True,657,128,4688.834
SEC3B-034-EN,C5_GUARDRAIL_STYLE,True,633,128,4688.834
SEC3B-037-KO,C5_GUARDRAIL_STYLE,True,644,128,4755.545
SEC3B-038-KO,C5_GUARDRAIL_STYLE,True,680,128,4755.545
SEC3B-039-EN,C5_GUARDRAIL_STYLE,True,652,128,4755.545
SEC3B-040-KO,C5_GUARDRAIL_STYLE,True,695,128,4755.545
SEC3B-043-EN,C5_GUARDRAIL_STYLE,True,672,128,4755.545
SEC3B-043-KO,C5_GUARDRAIL_STYLE,True,700,128,4755.545
SEC3B-044-KO,C5_GUARDRAIL_STYLE,True,684,128,4755.545
SEC3B-045-EN,C5_GUARDRAIL_STYLE,True,656,128,4755.545
SEC3B-048-KO,C5_GUARDRAIL_STYLE,True,679,128,4700.837
SEC3B-050-EN,C5_GUARDRAIL_STYLE,True,656,128,4700.837
SEC3B-051-KO,C5_GUARDRAIL_STYLE,True,684,128,4700.837
SEC3B-052-EN,C5_GUARDRAIL_STYLE,True,640,128,4700.837
SEC3B-053-EN,C5_GUARDRAIL_STYLE,True,640,128,4700.837
SEC3B-054-KO,C5_GUARDRAIL_STYLE,True,655,128,4700.837
SEC3B-059-EN,C5_GUARDRAIL_STYLE,True,648,128,4700.837
SEC3B-060-EN,C5_GUARDRAIL_STYLE,True,632,128,4700.837
SEC3B-061-EN,C5_GUARDRAIL_STYLE,True,632,128,4697.837
SEC3B-069-KO,C5_GUARDRAIL_STYLE,True,661,128,4697.837
SEC3B-071-EN,C5_GUARDRAIL_STYLE,True,651,128,4697.837
SEC3B-072-EN,C5_GUARDRAIL_STYLE,True,655,128,4697.837
SEC3B-073-KO,C5_GUARDRAIL_STYLE,True,683,128,4697.837
SEC3B-076-EN,C5_GUARDRAIL_STYLE,True,616,128,4697.837
SEC3B-077-EN,C5_GUARDRAIL_STYLE,True,616,128,4697.837
SEC3B-078-EN,C5_GUARDRAIL_STYLE,True,632,128,4697.837
SEC3B-081-KO,C5_GUARDRAIL_STYLE,True,665,128,4694.837
SEC3B-082-EN,C5_GUARDRAIL_STYLE,True,633,128,4694.837
SEC3B-084-EN,C5_GUARDRAIL_STYLE,True,649,128,4694.837
SEC3B-086-KO,C5_GUARDRAIL_STYLE,True,682,128,4694.837
SEC3B-087-KO,C5_GUARDRAIL_STYLE,True,682,128,4694.837
SEC3B-088-EN,C5_GUARDRAIL_STYLE,True,638,128,4694.837
SEC3B-089-EN,C5_GUARDRAIL_STYLE,True,638,128,4694.837
SEC3B-090-EN,C5_GUARDRAIL_STYLE,True,614,128,4694.837
SEC3B-090-KO,C5_GUARDRAIL_STYLE,True,642,128,4625.828
SEC3B-093-EN,C5_GUARDRAIL_STYLE,True,631,128,4625.828
SEC3B-093-KO,C5_GUARDRAIL_STYLE,True,659,128,4625.828
SEC3B-099-KO,C5_GUARDRAIL_STYLE,True,645,128,4625.828
V2C-0004,C5_GUARDRAIL_STYLE,True,263,92,4625.828
V2C-0010,C5_GUARDRAIL_STYLE,True,269,95,4625.828
V2C-0016,C5_GUARDRAIL_STYLE,True,263,92,4625.828
V2C-0018,C5_GUARDRAIL_STYLE,True,269,95,4625.828
V2C-0020,C5_GUARDRAIL_STYLE,True,263,92,3356.675
V2C-0026,C5_GUARDRAIL_STYLE,True,269,95,3356.675
V2C-0027,C5_GUARDRAIL_STYLE,True,241,95,3356.675
V2C-0030,C5_GUARDRAIL_STYLE,True,269,95,3356.675
V2C-0032,C5_GUARDRAIL_STYLE,True,263,92,3356.675
V2C-0034,C5_GUARDRAIL_STYLE,True,269,95,3356.675
V2C-0048,C5_GUARDRAIL_STYLE,True,263,92,3356.675
V2C-0056,C5_GUARDRAIL_STYLE,True,263,92,3356.675
V2C-0061,C5_GUARDRAIL_STYLE,True,235,92,3356.675
V2C-0066,C5_GUARDRAIL_STYLE,True,269,95,3356.675
V2C-0072,C5_GUARDRAIL_STYLE,True,263,92,3356.675
V2C-0078,C5_GUARDRAIL_STYLE,True,269,95,3356.675
V2C-0084,C5_GUARDRAIL_STYLE,True,263,92,3356.675
V2C-0087,C5_GUARDRAIL_STYLE,True,241,95,3356.675
V2C-0116,C5_GUARDRAIL_STYLE,True,263,92,3356.675
V2C-0127,C5_GUARDRAIL_STYLE,True,241,95,3356.675
V2C-0128,C5_GUARDRAIL_STYLE,True,263,92,3329.672
V2C-0137,C5_GUARDRAIL_STYLE,True,235,92,3329.672
V2C-0148,C5_GUARDRAIL_STYLE,True,263,92,3329.672
V2C-0156,C5_GUARDRAIL_STYLE,True,263,92,3329.672
V2C-0172,C5_GUARDRAIL_STYLE,True,263,92,3329.672
V2C-0176,C5_GUARDRAIL_STYLE,True,263,92,3329.672
V2C-0181,C5_GUARDRAIL_STYLE,True,235,92,3329.672
V2C-0184,C5_GUARDRAIL_STYLE,True,263,92,3329.672
V2C-0197,C5_GUARDRAIL_STYLE,True,235,92,3356.675
V2C-0201,C5_GUARDRAIL_STYLE,True,235,92,3356.675
V2C-0202,C5_GUARDRAIL_STYLE,True,269,95,3356.675
V2C-0207,C5_GUARDRAIL_STYLE,True,241,95,3356.675
V2C-0210,C5_GUARDRAIL_STYLE,True,269,95,3356.675
V2C-0219,C5_GUARDRAIL_STYLE,True,241,95,3356.675
V2C-0221,C5_GUARDRAIL_STYLE,True,235,92,3356.675
V2C-0223,C5_GUARDRAIL_STYLE,True,241,95,3356.675
V2C-0229,C5_GUARDRAIL_STYLE,True,235,92,3356.675
V2C-0263,C5_GUARDRAIL_STYLE,True,241,95,3356.675
V2C-0265,C5_GUARDRAIL_STYLE,True,235,92,3356.675
V2C-0274,C5_GUARDRAIL_STYLE,True,269,95,3356.675
V2C-0276,C5_GUARDRAIL_STYLE,True,263,92,3356.675
V2C-0297,C5_GUARDRAIL_STYLE,True,235,92,3356.675
V2C-0298,C5_GUARDRAIL_STYLE,True,269,95,3356.675
V2C-0300,C5_GUARDRAIL_STYLE,True,263,92,3356.675
V2C-0328,C5_GUARDRAIL_STYLE,True,263,92,3356.675
V2C-0342,C5_GUARDRAIL_STYLE,True,269,95,3356.675
V2C-0348,C5_GUARDRAIL_STYLE,True,263,92,3356.675
V2C-0351,C5_GUARDRAIL_STYLE,True,241,95,3356.675
V2C-0354,C5_GUARDRAIL_STYLE,True,269,95,3356.675
V2C-0357,C5_GUARDRAIL_STYLE,True,235,92,3356.675
V2C-0360,C5_GUARDRAIL_STYLE,True,263,92,3356.675
V2C-0365,C5_GUARDRAIL_STYLE,True,235,92,3356.675
V2C-0369,C5_GUARDRAIL_STYLE,True,235,92,3356.675
V2C-0370,C5_GUARDRAIL_STYLE,True,269,95,3356.675
V2C-0374,C5_GUARDRAIL_STYLE,True,269,95,3356.675
V2C-0380,C5_GUARDRAIL_STYLE,True,263,92,3356.675
V2C-0384,C5_GUARDRAIL_STYLE,True,263,92,3356.675
V2C-0396,C5_GUARDRAIL_STYLE,True,263,92,3356.675
V2C-0399,C5_GUARDRAIL_STYLE,True,241,95,3356.675
V2C-0400,C5_GUARDRAIL_STYLE,True,263,92,3356.675
V2C-0401,C5_GUARDRAIL_STYLE,True,237,93,3359.675
V2C-0403,C5_GUARDRAIL_STYLE,True,242,96,3359.675
V2C-0409,C5_GUARDRAIL_STYLE,True,237,93,3359.675
V2C-0415,C5_GUARDRAIL_STYLE,True,242,96,3359.675
V2C-0418,C5_GUARDRAIL_STYLE,True,269,95,3359.675
V2C-0424,C5_GUARDRAIL_STYLE,True,263,92,3359.675
V2C-0427,C5_GUARDRAIL_STYLE,True,242,96,3359.675
V2C-0430,C5_GUARDRAIL_STYLE,True,269,95,3359.675
V2C-0431,C5_GUARDRAIL_STYLE,True,242,96,3359.675
V2C-0458,C5_GUARDRAIL_STYLE,True,269,95,3359.675
V2C-0462,C5_GUARDRAIL_STYLE,True,269,95,3359.675
V2C-0478,C5_GUARDRAIL_STYLE,True,269,95,3359.675
V2C-0487,C5_GUARDRAIL_STYLE,True,242,96,3359.675
V2C-0502,C5_GUARDRAIL_STYLE,True,269,95,3359.675
V2C-0505,C5_GUARDRAIL_STYLE,True,237,93,3359.675
V2C-0512,C5_GUARDRAIL_STYLE,True,263,92,3359.675
V2C-0528,C5_GUARDRAIL_STYLE,True,263,92,3359.675
V2C-0530,C5_GUARDRAIL_STYLE,True,269,95,3359.675
V2C-0532,C5_GUARDRAIL_STYLE,True,263,92,3359.675
V2C-0533,C5_GUARDRAIL_STYLE,True,237,93,3359.675
V2C-0536,C5_GUARDRAIL_STYLE,True,263,92,3359.675
V2C-0560,C5_GUARDRAIL_STYLE,True,263,92,3359.675
V2C-0575,C5_GUARDRAIL_STYLE,True,242,96,3359.675
V2C-0589,C5_GUARDRAIL_STYLE,True,237,93,3359.675
V2C-0604,C5_GUARDRAIL_STYLE,True,263,92,3359.675
V2C-0606,C5_GUARDRAIL_STYLE,True,269,95,3359.675
V2C-0611,C5_GUARDRAIL_STYLE,True,242,96,3359.675
V2C-0615,C5_GUARDRAIL_STYLE,True,242,96,3359.675
V2C-0617,C5_GUARDRAIL_STYLE,True,237,93,3359.675
V2C-0621,C5_GUARDRAIL_STYLE,True,237,93,3359.675
V2C-0630,C5_GUARDRAIL_STYLE,True,269,95,3359.675
V2C-0632,C5_GUARDRAIL_STYLE,True,263,92,3359.675
V2C-0635,C5_GUARDRAIL_STYLE,True,242,96,3359.675
V2C-0653,C5_GUARDRAIL_STYLE,True,237,93,3359.675
V2C-0658,C5_GUARDRAIL_STYLE,True,269,95,3359.675
V2C-0670,C5_GUARDRAIL_STYLE,True,269,95,3359.675
V2C-0674,C5_GUARDRAIL_STYLE,True,269,95,3359.675
V2C-0681,C5_GUARDRAIL_STYLE,True,237,93,3359.675
V2C-0698,C5_GUARDRAIL_STYLE,True,269,95,3359.675
V2C-0700,C5_GUARDRAIL_STYLE,True,263,92,3359.675
V2C-0701,C5_GUARDRAIL_STYLE,True,237,93,3359.675
V2C-0708,C5_GUARDRAIL_STYLE,True,263,92,3359.675
V2C-0714,C5_GUARDRAIL_STYLE,True,269,95,3359.675
V2C-0717,C5_GUARDRAIL_STYLE,True,237,93,3359.675
V2C-0718,C5_GUARDRAIL_STYLE,True,269,95,3359.675
V2C-0722,C5_GUARDRAIL_STYLE,True,269,95,3359.675
V2C-0729,C5_GUARDRAIL_STYLE,True,237,93,3359.675
V2C-0735,C5_GUARDRAIL_STYLE,True,242,96,3359.675
V2C-0738,C5_GUARDRAIL_STYLE,True,269,95,3359.675
V2C-0744,C5_GUARDRAIL_STYLE,True,263,92,3359.675
V2C-0745,C5_GUARDRAIL_STYLE,True,237,93,3359.675
V2C-0757,C5_GUARDRAIL_STYLE,True,237,93,3359.675
V2C-0761,C5_GUARDRAIL_STYLE,True,237,93,3359.675
V2C-0767,C5_GUARDRAIL_STYLE,True,242,96,3359.675
V2C-0772,C5_GUARDRAIL_STYLE,True,263,92,3359.675
V2C-0773,C5_GUARDRAIL_STYLE,True,237,93,3359.675
V2C-0787,C5_GUARDRAIL_STYLE,True,242,96,3359.675
V2C-0790,C5_GUARDRAIL_STYLE,True,269,95,3359.675
V2C-0795,C5_GUARDRAIL_STYLE,True,242,96,3359.675
V2C-0796,C5_GUARDRAIL_STYLE,True,263,92,3359.675
V2C-0797,C5_GUARDRAIL_STYLE,True,237,93,3359.675
V2C-0801,C5_GUARDRAIL_STYLE,True,237,93,3359.675
V2C-0803,C5_GUARDRAIL_STYLE,True,242,96,3359.675
V2C-0811,C5_GUARDRAIL_STYLE,True,242,96,3359.675
V2C-0813,C5_GUARDRAIL_STYLE,True,237,93,3359.675
V2C-0815,C5_GUARDRAIL_STYLE,True,242,96,3359.675
V2C-0827,C5_GUARDRAIL_STYLE,True,242,96,3359.675
V2C-0835,C5_GUARDRAIL_STYLE,True,242,96,3359.675
V2C-0839,C5_GUARDRAIL_STYLE,True,242,96,3359.675
V2C-0842,C5_GUARDRAIL_STYLE,True,269,95,3359.675
V2C-0844,C5_GUARDRAIL_STYLE,True,263,92,3359.675
V2C-0847,C5_GUARDRAIL_STYLE,True,242,96,3359.675
V2C-0850,C5_GUARDRAIL_STYLE,True,269,95,3359.675
V2C-0851,C5_GUARDRAIL_STYLE,True,242,96,3359.675
V2C-0859,C5_GUARDRAIL_STYLE,True,242,96,3359.675
V2C-0862,C5_GUARDRAIL_STYLE,True,269,95,3359.675
V2C-0863,C5_GUARDRAIL_STYLE,True,242,96,3359.675
V2C-0867,C5_GUARDRAIL_STYLE,True,242,96,3359.675
V2C-0881,C5_GUARDRAIL_STYLE,True,237,93,3359.675
V2C-0886,C5_GUARDRAIL_STYLE,True,269,95,3359.675
V2C-0900,C5_GUARDRAIL_STYLE,True,263,92,3359.675
V2C-0901,C5_GUARDRAIL_STYLE,True,237,93,3359.675
V2C-0902,C5_GUARDRAIL_STYLE,True,269,95,3359.675
V2C-0903,C5_GUARDRAIL_STYLE,True,242,96,3359.675
V2C-0904,C5_GUARDRAIL_STYLE,True,263,92,3359.675
V2C-0907,C5_GUARDRAIL_STYLE,True,242,96,3359.675
V2C-0908,C5_GUARDRAIL_STYLE,True,263,92,3359.675
V2C-0909,C5_GUARDRAIL_STYLE,True,237,93,3359.675
V2C-0911,C5_GUARDRAIL_STYLE,True,242,96,3359.675
V2C-0912,C5_GUARDRAIL_STYLE,True,263,92,3359.675
V2C-0913,C5_GUARDRAIL_STYLE,True,237,93,3359.675
V2C-0914,C5_GUARDRAIL_STYLE,True,269,95,3359.675
V2C-0915,C5_GUARDRAIL_STYLE,True,242,96,3359.675
V2C-0916,C5_GUARDRAIL_STYLE,True,263,92,3359.675
V2C-0917,C5_GUARDRAIL_STYLE,True,237,93,3359.675
V2C-0918,C5_GUARDRAIL_STYLE,True,269,95,3359.675
V2C-0919,C5_GUARDRAIL_STYLE,True,242,96,3359.675
V2C-0921,C5_GUARDRAIL_STYLE,True,237,93,3359.675
V2C-0922,C5_GUARDRAIL_STYLE,True,269,95,3359.675
V2C-0923,C5_GUARDRAIL_STYLE,True,242,96,3359.675
V2C-0925,C5_GUARDRAIL_STYLE,True,237,93,3359.675
V2C-0926,C5_GUARDRAIL_STYLE,True,269,95,3359.675
V2C-0927,C5_GUARDRAIL_STYLE,True,242,96,3359.675
V2C-0928,C5_GUARDRAIL_STYLE,True,263,92,3359.675
V2C-0929,C5_GUARDRAIL_STYLE,True,237,93,3359.675
V2C-0930,C5_GUARDRAIL_STYLE,True,269,95,3359.675
V2C-0931,C5_GUARDRAIL_STYLE,True,242,96,3359.675
V2C-0932,C5_GUARDRAIL_STYLE,True,263,92,3359.675
V2C-0935,C5_GUARDRAIL_STYLE,True,242,96,3359.675
V2C-0936,C5_GUARDRAIL_STYLE,True,263,92,3359.675
V2C-0937,C5_GUARDRAIL_STYLE,True,237,93,3359.675
V2C-0938,C5_GUARDRAIL_STYLE,True,269,95,3359.675
V2C-0940,C5_GUARDRAIL_STYLE,True,263,92,3359.675
V2C-0941,C5_GUARDRAIL_STYLE,True,237,93,3359.675
V2C-0942,C5_GUARDRAIL_STYLE,True,269,95,3359.675
V2C-0944,C5_GUARDRAIL_STYLE,True,263,92,3359.675
V2C-0945,C5_GUARDRAIL_STYLE,True,237,93,3359.675
V2C-0947,C5_GUARDRAIL_STYLE,True,242,96,3359.675
V2C-0949,C5_GUARDRAIL_STYLE,True,237,93,3359.675
V2C-0950,C5_GUARDRAIL_STYLE,True,269,95,3359.675
V2C-0953,C5_GUARDRAIL_STYLE,True,237,93,3359.675
V2C-0954,C5_GUARDRAIL_STYLE,True,269,95,3359.675
V2C-0955,C5_GUARDRAIL_STYLE,True,242,96,3359.675
V2C-0957,C5_GUARDRAIL_STYLE,True,237,93,3359.675
V2C-0958,C5_GUARDRAIL_STYLE,True,269,95,3359.675
V2C-0960,C5_GUARDRAIL_STYLE,True,263,92,3359.675
V2C-0961,C5_GUARDRAIL_STYLE,True,237,93,3359.675
V2C-0965,C5_GUARDRAIL_STYLE,True,237,93,3359.675
V2C-0966,C5_GUARDRAIL_STYLE,True,269,95,3356.675
V2C-0969,C5_GUARDRAIL_STYLE,True,237,93,3356.675
V2C-0970,C5_GUARDRAIL_STYLE,True,269,95,3356.675
V2C-0972,C5_GUARDRAIL_STYLE,True,263,92,3356.675
V2C-0973,C5_GUARDRAIL_STYLE,True,237,93,3356.675
V2C-0974,C5_GUARDRAIL_STYLE,True,269,95,3356.675
V2C-0976,C5_GUARDRAIL_STYLE,True,263,92,3356.675
V2C-0977,C5_GUARDRAIL_STYLE,True,237,93,3356.675
V2C-0978,C5_GUARDRAIL_STYLE,True,269,95,3359.675
V2C-0979,C5_GUARDRAIL_STYLE,True,242,96,3359.675
V2C-0980,C5_GUARDRAIL_STYLE,True,263,92,3359.675
V2C-0981,C5_GUARDRAIL_STYLE,True,237,93,3359.675
V2C-0982,C5_GUARDRAIL_STYLE,True,269,95,3359.675
V2C-0988,C5_GUARDRAIL_STYLE,True,263,92,3359.675
V2C-0989,C5_GUARDRAIL_STYLE,True,237,93,3359.675
V2C-0990,C5_GUARDRAIL_STYLE,True,269,95,3359.675
V2C-0991,C5_GUARDRAIL_STYLE,True,242,96,3359.675
V2C-0994,C5_GUARDRAIL_STYLE,True,269,95,3359.675
V2C-0996,C5_GUARDRAIL_STYLE,True,263,92,3359.675
V2C-0999,C5_GUARDRAIL_STYLE,True,242,96,3359.675
V2C-1000,C5_GUARDRAIL_STYLE,True,150,14,3359.675
V2C-1001,C5_GUARDRAIL_STYLE,True,142,23,3359.675
V2C-1002,C5_GUARDRAIL_STYLE,True,153,18,3359.675
V2C-1003,C5_GUARDRAIL_STYLE,True,144,28,3359.675
V2C-1010,C5_GUARDRAIL_STYLE,True,153,18,2808.432
V2C-1011,C5_GUARDRAIL_STYLE,True,144,28,2808.432
V2C-1012,C5_GUARDRAIL_STYLE,True,150,14,2808.432
V2C-1013,C5_GUARDRAIL_STYLE,True,142,23,2808.432
V2C-1014,C5_GUARDRAIL_STYLE,True,153,18,2808.432
V2C-1015,C5_GUARDRAIL_STYLE,True,144,28,2808.432
V2C-1016,C5_GUARDRAIL_STYLE,True,150,14,2808.432
V2C-1017,C5_GUARDRAIL_STYLE,True,142,23,2808.432
V2C-1019,C5_GUARDRAIL_STYLE,True,144,28,2808.432
V2C-1020,C5_GUARDRAIL_STYLE,True,150,14,2808.432
V2C-1022,C5_GUARDRAIL_STYLE,True,153,18,2808.432
V2C-1024,C5_GUARDRAIL_STYLE,True,150,14,2808.432
V2C-1025,C5_GUARDRAIL_STYLE,True,142,23,2808.432
V2C-1026,C5_GUARDRAIL_STYLE,True,153,18,2808.432
V2C-1028,C5_GUARDRAIL_STYLE,True,150,14,2808.432
V2C-1030,C5_GUARDRAIL_STYLE,True,153,18,2808.432
V2C-1032,C5_GUARDRAIL_STYLE,True,150,14,2802.524
V2C-1033,C5_GUARDRAIL_STYLE,True,142,23,2802.524
V2C-1035,C5_GUARDRAIL_STYLE,True,144,28,2802.524
V2C-1036,C5_GUARDRAIL_STYLE,True,150,14,2802.524
V2C-1037,C5_GUARDRAIL_STYLE,True,142,23,2802.524
V2C-1039,C5_GUARDRAIL_STYLE,True,144,28,2802.524
V2C-1040,C5_GUARDRAIL_STYLE,True,150,14,2802.524
V2C-1043,C5_GUARDRAIL_STYLE,True,144,28,2802.524
V2C-1045,C5_GUARDRAIL_STYLE,True,142,23,3359.675
V2C-1046,C5_GUARDRAIL_STYLE,True,153,18,3359.675
V2C-1047,C5_GUARDRAIL_STYLE,True,144,28,3359.675
V2C-1049,C5_GUARDRAIL_STYLE,True,142,23,3359.675
V2C-1050,C5_GUARDRAIL_STYLE,False,0,0,0.0
V2C-1055,C5_GUARDRAIL_STYLE,False,0,0,0.0
V2C-1057,C5_GUARDRAIL_STYLE,False,0,0,0.0
V2C-1061,C5_GUARDRAIL_STYLE,False,0,0,0.0
V2C-1065,C5_GUARDRAIL_STYLE,False,0,0,0.0
V2C-1070,C5_GUARDRAIL_STYLE,False,0,0,0.0
V2C-1074,C5_GUARDRAIL_STYLE,False,0,0,0.0
V2C-1076,C5_GUARDRAIL_STYLE,False,0,0,0.0
V2C-1077,C5_GUARDRAIL_STYLE,False,0,0,0.0
V2C-1079,C5_GUARDRAIL_STYLE,False,0,0,0.0
V2C-1080,C5_GUARDRAIL_STYLE,False,0,0,0.0
V2C-1082,C5_GUARDRAIL_STYLE,False,0,0,0.0
V2C-1087,C5_GUARDRAIL_STYLE,False,0,0,0.0
V2C-1088,C5_GUARDRAIL_STYLE,False,0,0,0.0
V2C-1091,C5_GUARDRAIL_STYLE,False,0,0,0.0
V2C-1093,C5_GUARDRAIL_STYLE,False,0,0,0.0
V2C-1095,C5_GUARDRAIL_STYLE,False,0,0,0.0
V2C-1096,C5_GUARDRAIL_STYLE,False,0,0,0.0
V2C-1104,C5_GUARDRAIL_STYLE,False,0,0,0.0
V2C-1107,C5_GUARDRAIL_STYLE,False,0,0,0.0
V2C-1109,C5_GUARDRAIL_STYLE,False,0,0,0.0
V2C-1110,C5_GUARDRAIL_STYLE,False,0,0,0.0
V2C-1115,C5_GUARDRAIL_STYLE,False,0,0,0.0
V2C-1116,C5_GUARDRAIL_STYLE,False,0,0,0.0
V2C-1118,C5_GUARDRAIL_STYLE,False,0,0,0.0
V2C-1119,C5_GUARDRAIL_STYLE,False,0,0,0.0
V2C-1120,C5_GUARDRAIL_STYLE,False,0,0,0.0
V2C-1123,C5_GUARDRAIL_STYLE,False,0,0,0.0
V2C-1127,C5_GUARDRAIL_STYLE,False,0,0,0.0
V2C-1128,C5_GUARDRAIL_STYLE,False,0,0,0.0
V2C-1130,C5_GUARDRAIL_STYLE,False,0,0,0.0
V2C-1133,C5_GUARDRAIL_STYLE,False,0,0,0.0
V2C-1139,C5_GUARDRAIL_STYLE,False,0,0,0.0
V2C-1141,C5_GUARDRAIL_STYLE,False,0,0,0.0
V2C-1154,C5_GUARDRAIL_STYLE,True,269,95,3359.675
V2C-1155,C5_GUARDRAIL_STYLE,True,242,96,3359.675
V2C-1156,C5_GUARDRAIL_STYLE,True,263,92,3359.675
V2C-1158,C5_GUARDRAIL_STYLE,True,269,95,3359.675
V2C-1160,C5_GUARDRAIL_STYLE,True,263,92,3362.675
V2C-1162,C5_GUARDRAIL_STYLE,True,269,95,3362.675
V2C-1163,C5_GUARDRAIL_STYLE,True,242,96,3362.675
V2C-1164,C5_GUARDRAIL_STYLE,True,263,92,3362.675
V2C-1171,C5_GUARDRAIL_STYLE,True,242,96,3362.675
V2C-1173,C5_GUARDRAIL_STYLE,True,237,97,3362.675
V2C-1175,C5_GUARDRAIL_STYLE,True,242,96,3362.675
V2C-1178,C5_GUARDRAIL_STYLE,True,269,95,3362.675
V2C-1187,C5_GUARDRAIL_STYLE,True,242,96,2813.75
V2C-1190,C5_GUARDRAIL_STYLE,True,269,95,2813.75
V2C-1194,C5_GUARDRAIL_STYLE,True,269,95,2813.75
V2C-1199,C5_GUARDRAIL_STYLE,True,242,96,2813.75
EXT-ADVERSARIAL-0002,C6_CORRECTIVE_RETRIEVAL,False,0,0,0.0
EXT-ADVERSARIAL-0003,C6_CORRECTIVE_RETRIEVAL,False,0,0,0.0
EXT-ADVERSARIAL-0005,C6_CORRECTIVE_RETRIEVAL,False,0,0,0.0
EXT-ADVERSARIAL-0014,C6_CORRECTIVE_RETRIEVAL,False,0,0,0.0
EXT-ADVERSARIAL-0015,C6_CORRECTIVE_RETRIEVAL,False,0,0,0.0
EXT-ADVERSARIAL-0018,C6_CORRECTIVE_RETRIEVAL,False,0,0,0.0
EXT-ADVERSARIAL-0021,C6_CORRECTIVE_RETRIEVAL,False,0,0,0.0
EXT-ADVERSARIAL-0025,C6_CORRECTIVE_RETRIEVAL,False,0,0,0.0
EXT-ADVERSARIAL-0026,C6_CORRECTIVE_RETRIEVAL,False,0,0,0.0
EXT-ADVERSARIAL-0028,C6_CORRECTIVE_RETRIEVAL,False,0,0,0.0
EXT-ADVERSARIAL-0029,C6_CORRECTIVE_RETRIEVAL,False,0,0,0.0
EXT-ADVERSARIAL-0031,C6_CORRECTIVE_RETRIEVAL,False,0,0,0.0
EXT-ADVERSARIAL-0032,C6_CORRECTIVE_RETRIEVAL,False,0,0,0.0
EXT-ADVERSARIAL-0034,C6_CORRECTIVE_RETRIEVAL,False,0,0,0.0
EXT-ADVERSARIAL-0039,C6_CORRECTIVE_RETRIEVAL,False,0,0,0.0
EXT-ADVERSARIAL-0044,C6_CORRECTIVE_RETRIEVAL,False,0,0,0.0
EXT-ADVERSARIAL-0050,C6_CORRECTIVE_RETRIEVAL,False,0,0,0.0
EXT-ADVERSARIAL-0051,C6_CORRECTIVE_RETRIEVAL,False,0,0,0.0
EXT-ADVERSARIAL-0056,C6_CORRECTIVE_RETRIEVAL,False,0,0,0.0
EXT-ADVERSARIAL-0058,C6_CORRECTIVE_RETRIEVAL,False,0,0,0.0
EXT-ADVERSARIAL-0061,C6_CORRECTIVE_RETRIEVAL,False,0,0,0.0
EXT-ADVERSARIAL-0063,C6_CORRECTIVE_RETRIEVAL,False,0,0,0.0
EXT-ADVERSARIAL-0071,C6_CORRECTIVE_RETRIEVAL,False,0,0,0.0
EXT-ADVERSARIAL-0073,C6_CORRECTIVE_RETRIEVAL,False,0,0,0.0
EXT-ADVERSARIAL-0076,C6_CORRECTIVE_RETRIEVAL,False,0,0,0.0
EXT-ADVERSARIAL-0078,C6_CORRECTIVE_RETRIEVAL,False,0,0,0.0
EXT-ADVERSARIAL-0082,C6_CORRECTIVE_RETRIEVAL,False,0,0,0.0
EXT-ADVERSARIAL-0084,C6_CORRECTIVE_RETRIEVAL,False,0,0,0.0
EXT-ADVERSARIAL-0085,C6_CORRECTIVE_RETRIEVAL,False,0,0,0.0
EXT-ADVERSARIAL-0089,C6_CORRECTIVE_RETRIEVAL,False,0,0,0.0
EXT-ADVERSARIAL-0093,C6_CORRECTIVE_RETRIEVAL,False,0,0,0.0
EXT-ADVERSARIAL-0095,C6_CORRECTIVE_RETRIEVAL,False,0,0,0.0
EXT-ADVERSARIAL-0097,C6_CORRECTIVE_RETRIEVAL,False,0,0,0.0
EXT-ADVERSARIAL-0098,C6_CORRECTIVE_RETRIEVAL,False,0,0,0.0
EXT-AMBIGUOUS-0003,C6_CORRECTIVE_RETRIEVAL,False,0,0,0.0
EXT-AMBIGUOUS-0004,C6_CORRECTIVE_RETRIEVAL,False,0,0,0.0
EXT-AMBIGUOUS-0014,C6_CORRECTIVE_RETRIEVAL,False,0,0,0.0
EXT-AMBIGUOUS-0015,C6_CORRECTIVE_RETRIEVAL,False,0,0,0.0
EXT-AMBIGUOUS-0024,C6_CORRECTIVE_RETRIEVAL,False,0,0,0.0
EXT-AMBIGUOUS-0026,C6_CORRECTIVE_RETRIEVAL,False,0,0,0.0
EXT-AMBIGUOUS-0028,C6_CORRECTIVE_RETRIEVAL,False,0,0,0.0
EXT-AMBIGUOUS-0033,C6_CORRECTIVE_RETRIEVAL,False,0,0,0.0
EXT-AMBIGUOUS-0035,C6_CORRECTIVE_RETRIEVAL,False,0,0,0.0
EXT-AMBIGUOUS-0039,C6_CORRECTIVE_RETRIEVAL,False,0,0,0.0
EXT-AMBIGUOUS-0041,C6_CORRECTIVE_RETRIEVAL,False,0,0,0.0
EXT-AMBIGUOUS-0044,C6_CORRECTIVE_RETRIEVAL,False,0,0,0.0
EXT-AMBIGUOUS-0049,C6_CORRECTIVE_RETRIEVAL,False,0,0,0.0
EXT-AMBIGUOUS-0050,C6_CORRECTIVE_RETRIEVAL,False,0,0,0.0
EXT-INVALID_ENTITY-0004,C6_CORRECTIVE_RETRIEVAL,False,0,0,0.0
EXT-INVALID_ENTITY-0006,C6_CORRECTIVE_RETRIEVAL,False,0,0,0.0
EXT-INVALID_ENTITY-0009,C6_CORRECTIVE_RETRIEVAL,False,0,0,0.0
EXT-INVALID_ENTITY-0011,C6_CORRECTIVE_RETRIEVAL,False,0,0,0.0
EXT-INVALID_ENTITY-0013,C6_CORRECTIVE_RETRIEVAL,False,0,0,0.0
EXT-INVALID_ENTITY-0022,C6_CORRECTIVE_RETRIEVAL,False,0,0,0.0
EXT-INVALID_ENTITY-0026,C6_CORRECTIVE_RETRIEVAL,False,0,0,0.0
EXT-INVALID_ENTITY-0033,C6_CORRECTIVE_RETRIEVAL,False,0,0,0.0
EXT-INVALID_ENTITY-0034,C6_CORRECTIVE_RETRIEVAL,False,0,0,0.0
EXT-INVALID_ENTITY-0035,C6_CORRECTIVE_RETRIEVAL,False,0,0,0.0
EXT-INVALID_ENTITY-0036,C6_CORRECTIVE_RETRIEVAL,False,0,0,0.0
EXT-INVALID_ENTITY-0037,C6_CORRECTIVE_RETRIEVAL,False,0,0,0.0
EXT-INVALID_ENTITY-0038,C6_CORRECTIVE_RETRIEVAL,False,0,0,0.0
EXT-INVALID_ENTITY-0039,C6_CORRECTIVE_RETRIEVAL,False,0,0,0.0
EXT-INVALID_ENTITY-0040,C6_CORRECTIVE_RETRIEVAL,False,0,0,0.0
EXT-INVALID_ENTITY-0042,C6_CORRECTIVE_RETRIEVAL,False,0,0,0.0
EXT-INVALID_ENTITY-0043,C6_CORRECTIVE_RETRIEVAL,False,0,0,0.0
EXT-INVALID_ENTITY-0045,C6_CORRECTIVE_RETRIEVAL,False,0,0,0.0
EXT-INVALID_ENTITY-0047,C6_CORRECTIVE_RETRIEVAL,False,0,0,0.0
EXT-INVALID_ENTITY-0050,C6_CORRECTIVE_RETRIEVAL,False,0,0,0.0
EXT-INVALID_ENTITY-0053,C6_CORRECTIVE_RETRIEVAL,False,0,0,0.0
EXT-INVALID_ENTITY-0054,C6_CORRECTIVE_RETRIEVAL,False,0,0,0.0
EXT-INVALID_ENTITY-0065,C6_CORRECTIVE_RETRIEVAL,False,0,0,0.0
EXT-INVALID_ENTITY-0066,C6_CORRECTIVE_RETRIEVAL,False,0,0,0.0
EXT-INVALID_ENTITY-0069,C6_CORRECTIVE_RETRIEVAL,False,0,0,0.0
EXT-INVALID_ENTITY-0070,C6_CORRECTIVE_RETRIEVAL,False,0,0,0.0
EXT-INVALID_ENTITY-0073,C6_CORRECTIVE_RETRIEVAL,False,0,0,0.0
EXT-INVALID_ENTITY-0077,C6_CORRECTIVE_RETRIEVAL,False,0,0,0.0
EXT-INVALID_ENTITY-0078,C6_CORRECTIVE_RETRIEVAL,False,0,0,0.0
EXT-INVALID_ENTITY-0079,C6_CORRECTIVE_RETRIEVAL,False,0,0,0.0
EXT-INVALID_ENTITY-0080,C6_CORRECTIVE_RETRIEVAL,False,0,0,0.0
EXT-INVALID_ENTITY-0083,C6_CORRECTIVE_RETRIEVAL,False,0,0,0.0
EXT-INVALID_ENTITY-0084,C6_CORRECTIVE_RETRIEVAL,False,0,0,0.0
EXT-INVALID_ENTITY-0086,C6_CORRECTIVE_RETRIEVAL,False,0,0,0.0
EXT-INVALID_ENTITY-0093,C6_CORRECTIVE_RETRIEVAL,False,0,0,0.0
EXT-INVALID_ENTITY-0098,C6_CORRECTIVE_RETRIEVAL,False,0,0,0.0
EXT-NUMERIC_PROVENANCE-0008,C6_CORRECTIVE_RETRIEVAL,False,0,0,0.0
EXT-NUMERIC_PROVENANCE-0009,C6_CORRECTIVE_RETRIEVAL,False,0,0,0.0
EXT-NUMERIC_PROVENANCE-0012,C6_CORRECTIVE_RETRIEVAL,False,0,0,0.0
EXT-NUMERIC_PROVENANCE-0013,C6_CORRECTIVE_RETRIEVAL,False,0,0,0.0
EXT-NUMERIC_PROVENANCE-0015,C6_CORRECTIVE_RETRIEVAL,False,0,0,0.0
EXT-NUMERIC_PROVENANCE-0016,C6_CORRECTIVE_RETRIEVAL,False,0,0,0.0
EXT-NUMERIC_PROVENANCE-0017,C6_CORRECTIVE_RETRIEVAL,False,0,0,0.0
EXT-NUMERIC_PROVENANCE-0018,C6_CORRECTIVE_RETRIEVAL,False,0,0,0.0
EXT-NUMERIC_PROVENANCE-0019,C6_CORRECTIVE_RETRIEVAL,False,0,0,0.0
EXT-NUMERIC_PROVENANCE-0020,C6_CORRECTIVE_RETRIEVAL,False,0,0,0.0
EXT-NUMERIC_PROVENANCE-0021,C6_CORRECTIVE_RETRIEVAL,False,0,0,0.0
EXT-NUMERIC_PROVENANCE-0029,C6_CORRECTIVE_RETRIEVAL,False,0,0,0.0
EXT-NUMERIC_PROVENANCE-0031,C6_CORRECTIVE_RETRIEVAL,False,0,0,0.0
EXT-NUMERIC_PROVENANCE-0033,C6_CORRECTIVE_RETRIEVAL,False,0,0,0.0
EXT-NUMERIC_PROVENANCE-0035,C6_CORRECTIVE_RETRIEVAL,False,0,0,0.0
EXT-NUMERIC_PROVENANCE-0038,C6_CORRECTIVE_RETRIEVAL,False,0,0,0.0
EXT-NUMERIC_PROVENANCE-0039,C6_CORRECTIVE_RETRIEVAL,False,0,0,0.0
EXT-NUMERIC_PROVENANCE-0047,C6_CORRECTIVE_RETRIEVAL,False,0,0,0.0
EXT-PAIR-0001-KO,C6_CORRECTIVE_RETRIEVAL,False,0,0,0.0
EXT-PAIR-0004-EN,C6_CORRECTIVE_RETRIEVAL,False,0,0,0.0
EXT-PAIR-0004-KO,C6_CORRECTIVE_RETRIEVAL,False,0,0,0.0
EXT-PAIR-0007-EN,C6_CORRECTIVE_RETRIEVAL,False,0,0,0.0
EXT-PAIR-0009-EN,C6_CORRECTIVE_RETRIEVAL,False,0,0,0.0
EXT-PAIR-0010-EN,C6_CORRECTIVE_RETRIEVAL,False,0,0,0.0
EXT-PAIR-0013-EN,C6_CORRECTIVE_RETRIEVAL,False,0,0,0.0
EXT-PAIR-0013-KO,C6_CORRECTIVE_RETRIEVAL,False,0,0,0.0
EXT-PAIR-0021-KO,C6_CORRECTIVE_RETRIEVAL,False,0,0,0.0
EXT-PAIR-0026-EN,C6_CORRECTIVE_RETRIEVAL,False,0,0,0.0
EXT-PAIR-0026-KO,C6_CORRECTIVE_RETRIEVAL,False,0,0,0.0
EXT-PAIR-0027-KO,C6_CORRECTIVE_RETRIEVAL,False,0,0,0.0
EXT-PAIR-0029-KO,C6_CORRECTIVE_RETRIEVAL,False,0,0,0.0
EXT-PAIR-0030-EN,C6_CORRECTIVE_RETRIEVAL,False,0,0,0.0
EXT-PAIR-0034-EN,C6_CORRECTIVE_RETRIEVAL,False,0,0,0.0
EXT-PAIR-0035-KO,C6_CORRECTIVE_RETRIEVAL,False,0,0,0.0
EXT-PAIR-0039-KO,C6_CORRECTIVE_RETRIEVAL,False,0,0,0.0
EXT-PAIR-0040-EN,C6_CORRECTIVE_RETRIEVAL,False,0,0,0.0
EXT-PAIR-0041-EN,C6_CORRECTIVE_RETRIEVAL,False,0,0,0.0
EXT-PAIR-0043-KO,C6_CORRECTIVE_RETRIEVAL,False,0,0,0.0
EXT-PAIR-0047-KO,C6_CORRECTIVE_RETRIEVAL,False,0,0,0.0
EXT-PAIR-0048-EN,C6_CORRECTIVE_RETRIEVAL,False,0,0,0.0
EXT-PAIR-0049-KO,C6_CORRECTIVE_RETRIEVAL,False,0,0,0.0
EXT-PAIR-0055-EN,C6_CORRECTIVE_RETRIEVAL,False,0,0,0.0
EXT-PAIR-0056-EN,C6_CORRECTIVE_RETRIEVAL,False,0,0,0.0
EXT-PAIR-0063-KO,C6_CORRECTIVE_RETRIEVAL,False,0,0,0.0
EXT-PAIR-0064-EN,C6_CORRECTIVE_RETRIEVAL,False,0,0,0.0
EXT-PAIR-0072-EN,C6_CORRECTIVE_RETRIEVAL,False,0,0,0.0
EXT-PAIR-0073-KO,C6_CORRECTIVE_RETRIEVAL,False,0,0,0.0
EXT-PAIR-0078-KO,C6_CORRECTIVE_RETRIEVAL,False,0,0,0.0
EXT-PAIR-0080-EN,C6_CORRECTIVE_RETRIEVAL,False,0,0,0.0
EXT-PAIR-0080-KO,C6_CORRECTIVE_RETRIEVAL,False,0,0,0.0
EXT-PAIR-0082-EN,C6_CORRECTIVE_RETRIEVAL,False,0,0,0.0
EXT-PAIR-0083-KO,C6_CORRECTIVE_RETRIEVAL,False,0,0,0.0
EXT-PAIR-0085-EN,C6_CORRECTIVE_RETRIEVAL,False,0,0,0.0
EXT-PAIR-0088-EN,C6_CORRECTIVE_RETRIEVAL,False,0,0,0.0
EXT-PAIR-0089-EN,C6_CORRECTIVE_RETRIEVAL,False,0,0,0.0
EXT-PAIR-0091-EN,C6_CORRECTIVE_RETRIEVAL,False,0,0,0.0
EXT-PAIR-0091-KO,C6_CORRECTIVE_RETRIEVAL,False,0,0,0.0
EXT-PAIR-0094-EN,C6_CORRECTIVE_RETRIEVAL,False,0,0,0.0
EXT-PAIR-0096-EN,C6_CORRECTIVE_RETRIEVAL,False,0,0,0.0
EXT-PAIR-0099-KO,C6_CORRECTIVE_RETRIEVAL,False,0,0,0.0
EXT-PAIR-0104-KO,C6_CORRECTIVE_RETRIEVAL,False,0,0,0.0
EXT-PAIR-0109-KO,C6_CORRECTIVE_RETRIEVAL,False,0,0,0.0
EXT-PAIR-0115-KO,C6_CORRECTIVE_RETRIEVAL,False,0,0,0.0
EXT-PAIR-0116-KO,C6_CORRECTIVE_RETRIEVAL,False,0,0,0.0
EXT-PAIR-0117-EN,C6_CORRECTIVE_RETRIEVAL,False,0,0,0.0
EXT-PAIR-0121-EN,C6_CORRECTIVE_RETRIEVAL,False,0,0,0.0
EXT-PAIR-0128-KO,C6_CORRECTIVE_RETRIEVAL,False,0,0,0.0
EXT-PAIR-0136-KO,C6_CORRECTIVE_RETRIEVAL,False,0,0,0.0
EXT-PAIR-0140-EN,C6_CORRECTIVE_RETRIEVAL,False,0,0,0.0
EXT-PAIR-0140-KO,C6_CORRECTIVE_RETRIEVAL,False,0,0,0.0
EXT-PAIR-0143-EN,C6_CORRECTIVE_RETRIEVAL,False,0,0,0.0
EXT-PAIR-0144-EN,C6_CORRECTIVE_RETRIEVAL,False,0,0,0.0
EXT-PAIR-0146-EN,C6_CORRECTIVE_RETRIEVAL,False,0,0,0.0
EXT-PAIR-0148-EN,C6_CORRECTIVE_RETRIEVAL,False,0,0,0.0
EXT-PAIR-0148-KO,C6_CORRECTIVE_RETRIEVAL,False,0,0,0.0
EXT-PAIR-0149-KO,C6_CORRECTIVE_RETRIEVAL,False,0,0,0.0
EXT-PAIR-0150-KO,C6_CORRECTIVE_RETRIEVAL,False,0,0,0.0
EXT-PAIR-0152-KO,C6_CORRECTIVE_RETRIEVAL,False,0,0,0.0
EXT-PAIR-0154-KO,C6_CORRECTIVE_RETRIEVAL,False,0,0,0.0
EXT-PAIR-0157-KO,C6_CORRECTIVE_RETRIEVAL,False,0,0,0.0
EXT-PAIR-0159-EN,C6_CORRECTIVE_RETRIEVAL,False,0,0,0.0
EXT-PAIR-0161-EN,C6_CORRECTIVE_RETRIEVAL,False,0,0,0.0
EXT-PAIR-0162-EN,C6_CORRECTIVE_RETRIEVAL,False,0,0,0.0
EXT-PAIR-0166-EN,C6_CORRECTIVE_RETRIEVAL,False,0,0,0.0
EXT-PAIR-0166-KO,C6_CORRECTIVE_RETRIEVAL,False,0,0,0.0
EXT-PAIR-0167-EN,C6_CORRECTIVE_RETRIEVAL,False,0,0,0.0
EXT-PAIR-0169-EN,C6_CORRECTIVE_RETRIEVAL,False,0,0,0.0
EXT-PAIR-0170-EN,C6_CORRECTIVE_RETRIEVAL,False,0,0,0.0
EXT-PAIR-0174-KO,C6_CORRECTIVE_RETRIEVAL,False,0,0,0.0
EXT-PAIR-0175-EN,C6_CORRECTIVE_RETRIEVAL,False,0,0,0.0
EXT-PAIR-0179-EN,C6_CORRECTIVE_RETRIEVAL,False,0,0,0.0
EXT-PAIR-0184-KO,C6_CORRECTIVE_RETRIEVAL,False,0,0,0.0
EXT-PAIR-0191-EN,C6_CORRECTIVE_RETRIEVAL,False,0,0,0.0
EXT-PAIR-0191-KO,C6_CORRECTIVE_RETRIEVAL,False,0,0,0.0
EXT-PAIR-0193-EN,C6_CORRECTIVE_RETRIEVAL,False,0,0,0.0
EXT-PAIR-0194-EN,C6_CORRECTIVE_RETRIEVAL,False,0,0,0.0
EXT-PAIR-0194-KO,C6_CORRECTIVE_RETRIEVAL,False,0,0,0.0
EXT-PAIR-0195-EN,C6_CORRECTIVE_RETRIEVAL,False,0,0,0.0
EXT-PAIR-0195-KO,C6_CORRECTIVE_RETRIEVAL,False,0,0,0.0
EXT-PARAPHRASE-0003,C6_CORRECTIVE_RETRIEVAL,False,0,0,0.0
EXT-PARAPHRASE-0004,C6_CORRECTIVE_RETRIEVAL,False,0,0,0.0
EXT-PARAPHRASE-0005,C6_CORRECTIVE_RETRIEVAL,False,0,0,0.0
EXT-PARAPHRASE-0020,C6_CORRECTIVE_RETRIEVAL,False,0,0,0.0
EXT-PARAPHRASE-0026,C6_CORRECTIVE_RETRIEVAL,False,0,0,0.0
EXT-PARAPHRASE-0028,C6_CORRECTIVE_RETRIEVAL,False,0,0,0.0
EXT-PARAPHRASE-0030,C6_CORRECTIVE_RETRIEVAL,False,0,0,0.0
EXT-PARAPHRASE-0034,C6_CORRECTIVE_RETRIEVAL,False,0,0,0.0
EXT-PARAPHRASE-0039,C6_CORRECTIVE_RETRIEVAL,False,0,0,0.0
EXT-PARAPHRASE-0069,C6_CORRECTIVE_RETRIEVAL,False,0,0,0.0
EXT-PARAPHRASE-0076,C6_CORRECTIVE_RETRIEVAL,False,0,0,0.0
EXT-PARAPHRASE-0080,C6_CORRECTIVE_RETRIEVAL,False,0,0,0.0
EXT-PARAPHRASE-0091,C6_CORRECTIVE_RETRIEVAL,False,0,0,0.0
EXT-PARAPHRASE-0097,C6_CORRECTIVE_RETRIEVAL,False,0,0,0.0
EXT-PARAPHRASE-0101,C6_CORRECTIVE_RETRIEVAL,False,0,0,0.0
EXT-PARAPHRASE-0114,C6_CORRECTIVE_RETRIEVAL,False,0,0,0.0
EXT-PARAPHRASE-0121,C6_CORRECTIVE_RETRIEVAL,False,0,0,0.0
EXT-PARAPHRASE-0150,C6_CORRECTIVE_RETRIEVAL,False,0,0,0.0
EXT-PARAPHRASE-0154,C6_CORRECTIVE_RETRIEVAL,False,0,0,0.0
EXT-PARAPHRASE-0158,C6_CORRECTIVE_RETRIEVAL,False,0,0,0.0
EXT-PARAPHRASE-0159,C6_CORRECTIVE_RETRIEVAL,False,0,0,0.0
EXT-PARAPHRASE-0162,C6_CORRECTIVE_RETRIEVAL,False,0,0,0.0
EXT-PARAPHRASE-0166,C6_CORRECTIVE_RETRIEVAL,False,0,0,0.0
EXT-PARAPHRASE-0172,C6_CORRECTIVE_RETRIEVAL,False,0,0,0.0
EXT-PARAPHRASE-0176,C6_CORRECTIVE_RETRIEVAL,False,0,0,0.0
EXT-PARAPHRASE-0183,C6_CORRECTIVE_RETRIEVAL,False,0,0,0.0
EXT-PARAPHRASE-0191,C6_CORRECTIVE_RETRIEVAL,False,0,0,0.0
EXT-PARAPHRASE-0194,C6_CORRECTIVE_RETRIEVAL,False,0,0,0.0
EXT-PARAPHRASE-0197,C6_CORRECTIVE_RETRIEVAL,False,0,0,0.0
EXT-POLICY_CONFLICT-0001,C6_CORRECTIVE_RETRIEVAL,False,0,0,0.0
EXT-POLICY_CONFLICT-0010,C6_CORRECTIVE_RETRIEVAL,False,0,0,0.0
EXT-POLICY_CONFLICT-0012,C6_CORRECTIVE_RETRIEVAL,False,0,0,0.0
EXT-POLICY_CONFLICT-0015,C6_CORRECTIVE_RETRIEVAL,False,0,0,0.0
EXT-POLICY_CONFLICT-0017,C6_CORRECTIVE_RETRIEVAL,False,0,0,0.0
EXT-POLICY_CONFLICT-0019,C6_CORRECTIVE_RETRIEVAL,False,0,0,0.0
EXT-POLICY_CONFLICT-0022,C6_CORRECTIVE_RETRIEVAL,False,0,0,0.0
EXT-POLICY_CONFLICT-0027,C6_CORRECTIVE_RETRIEVAL,False,0,0,0.0
EXT-POLICY_CONFLICT-0030,C6_CORRECTIVE_RETRIEVAL,False,0,0,0.0
EXT-POLICY_CONFLICT-0034,C6_CORRECTIVE_RETRIEVAL,False,0,0,0.0
EXT-POLICY_CONFLICT-0043,C6_CORRECTIVE_RETRIEVAL,False,0,0,0.0
EXT-POLICY_CONFLICT-0044,C6_CORRECTIVE_RETRIEVAL,False,0,0,0.0
EXT-POLICY_CONFLICT-0055,C6_CORRECTIVE_RETRIEVAL,False,0,0,0.0
EXT-POLICY_CONFLICT-0056,C6_CORRECTIVE_RETRIEVAL,False,0,0,0.0
EXT-POLICY_CONFLICT-0057,C6_CORRECTIVE_RETRIEVAL,False,0,0,0.0
EXT-POLICY_CONFLICT-0060,C6_CORRECTIVE_RETRIEVAL,False,0,0,0.0
EXT-POLICY_CONFLICT-0061,C6_CORRECTIVE_RETRIEVAL,False,0,0,0.0
EXT-POLICY_CONFLICT-0062,C6_CORRECTIVE_RETRIEVAL,False,0,0,0.0
EXT-POLICY_CONFLICT-0065,C6_CORRECTIVE_RETRIEVAL,False,0,0,0.0
EXT-POLICY_CONFLICT-0066,C6_CORRECTIVE_RETRIEVAL,False,0,0,0.0
EXT-POLICY_CONFLICT-0071,C6_CORRECTIVE_RETRIEVAL,False,0,0,0.0
EXT-POLICY_CONFLICT-0073,C6_CORRECTIVE_RETRIEVAL,False,0,0,0.0
EXT-POLICY_CONFLICT-0075,C6_CORRECTIVE_RETRIEVAL,False,0,0,0.0
EXT-POLICY_CONFLICT-0080,C6_CORRECTIVE_RETRIEVAL,False,0,0,0.0
EXT-POLICY_CONFLICT-0081,C6_CORRECTIVE_RETRIEVAL,False,0,0,0.0
EXT-POLICY_CONFLICT-0086,C6_CORRECTIVE_RETRIEVAL,False,0,0,0.0
EXT-POLICY_CONFLICT-0091,C6_CORRECTIVE_RETRIEVAL,False,0,0,0.0
EXT-POLICY_CONFLICT-0094,C6_CORRECTIVE_RETRIEVAL,False,0,0,0.0
EXT-POLICY_CONFLICT-0095,C6_CORRECTIVE_RETRIEVAL,False,0,0,0.0
EXT-POLICY_CONFLICT-0098,C6_CORRECTIVE_RETRIEVAL,False,0,0,0.0
EXT-POLICY_CONFLICT-0099,C6_CORRECTIVE_RETRIEVAL,False,0,0,0.0
EXT-POLICY_CONFLICT-0100,C6_CORRECTIVE_RETRIEVAL,False,0,0,0.0
SEC3B-000-EN,C6_CORRECTIVE_RETRIEVAL,True,1172,128,4408.609
SEC3B-000-KO,C6_CORRECTIVE_RETRIEVAL,True,1200,128,4408.609
SEC3B-001-KO,C6_CORRECTIVE_RETRIEVAL,True,1200,128,4408.609
SEC3B-002-EN,C6_CORRECTIVE_RETRIEVAL,True,1210,128,4408.609
SEC3B-005-EN,C6_CORRECTIVE_RETRIEVAL,True,1222,128,4482.127
SEC3B-005-KO,C6_CORRECTIVE_RETRIEVAL,True,1250,128,4482.127
SEC3B-009-KO,C6_CORRECTIVE_RETRIEVAL,True,1216,128,4482.127
SEC3B-010-EN,C6_CORRECTIVE_RETRIEVAL,True,1224,128,4482.127
SEC3B-012-EN,C6_CORRECTIVE_RETRIEVAL,True,1237,128,4510.655
SEC3B-012-KO,C6_CORRECTIVE_RETRIEVAL,True,1265,128,4510.655
SEC3B-013-EN,C6_CORRECTIVE_RETRIEVAL,True,1237,128,4510.655
SEC3B-014-KO,C6_CORRECTIVE_RETRIEVAL,True,1228,128,4510.655
SEC3B-015-EN,C6_CORRECTIVE_RETRIEVAL,True,1200,128,4486.353
SEC3B-016-EN,C6_CORRECTIVE_RETRIEVAL,True,1214,128,4486.353
SEC3B-016-KO,C6_CORRECTIVE_RETRIEVAL,True,1242,128,4486.353
SEC3B-018-EN,C6_CORRECTIVE_RETRIEVAL,True,1252,128,4486.353
SEC3B-020-EN,C6_CORRECTIVE_RETRIEVAL,True,1264,128,4558.428
SEC3B-020-KO,C6_CORRECTIVE_RETRIEVAL,True,1292,128,4558.428
SEC3B-021-KO,C6_CORRECTIVE_RETRIEVAL,True,1292,128,4558.428
SEC3B-023-EN,C6_CORRECTIVE_RETRIEVAL,True,1226,128,4558.428
SEC3B-025-EN,C6_CORRECTIVE_RETRIEVAL,True,1204,128,4537.523
SEC3B-025-KO,C6_CORRECTIVE_RETRIEVAL,True,1232,128,4537.523
SEC3B-026-EN,C6_CORRECTIVE_RETRIEVAL,True,1241,128,4537.523
SEC3B-028-KO,C6_CORRECTIVE_RETRIEVAL,True,1281,128,4537.523
SEC3B-030-EN,C6_CORRECTIVE_RETRIEVAL,True,1166,128,4396.42
SEC3B-030-KO,C6_CORRECTIVE_RETRIEVAL,True,1194,128,4396.42
SEC3B-031-EN,C6_CORRECTIVE_RETRIEVAL,True,1166,128,4396.42
SEC3B-032-EN,C6_CORRECTIVE_RETRIEVAL,True,1204,128,4396.42
SEC3B-032-KO,C6_CORRECTIVE_RETRIEVAL,True,1232,128,4522.389
SEC3B-034-EN,C6_CORRECTIVE_RETRIEVAL,True,1215,128,4522.389
SEC3B-037-KO,C6_CORRECTIVE_RETRIEVAL,True,1205,128,4522.389
SEC3B-038-KO,C6_CORRECTIVE_RETRIEVAL,True,1272,128,4522.389
SEC3B-039-EN,C6_CORRECTIVE_RETRIEVAL,True,1244,128,4611.127
SEC3B-040-KO,C6_CORRECTIVE_RETRIEVAL,True,1308,128,4611.127
SEC3B-043-EN,C6_CORRECTIVE_RETRIEVAL,True,1292,128,4611.127
SEC3B-043-KO,C6_CORRECTIVE_RETRIEVAL,True,1320,128,4611.127
SEC3B-044-KO,C6_CORRECTIVE_RETRIEVAL,True,1283,128,4541.233
SEC3B-045-EN,C6_CORRECTIVE_RETRIEVAL,True,1255,128,4541.233
SEC3B-048-KO,C6_CORRECTIVE_RETRIEVAL,True,1274,128,4541.233
SEC3B-050-EN,C6_CORRECTIVE_RETRIEVAL,True,1258,128,4541.233
SEC3B-051-KO,C6_CORRECTIVE_RETRIEVAL,True,1286,128,4546.798
SEC3B-052-EN,C6_CORRECTIVE_RETRIEVAL,True,1221,128,4546.798
SEC3B-053-EN,C6_CORRECTIVE_RETRIEVAL,True,1221,128,4546.798
SEC3B-054-KO,C6_CORRECTIVE_RETRIEVAL,True,1221,128,4546.798
SEC3B-059-EN,C6_CORRECTIVE_RETRIEVAL,True,1242,128,4465.553
SEC3B-060-EN,C6_CORRECTIVE_RETRIEVAL,True,1205,128,4465.553
SEC3B-061-EN,C6_CORRECTIVE_RETRIEVAL,True,1205,128,4465.553
SEC3B-069-KO,C6_CORRECTIVE_RETRIEVAL,True,1242,128,4465.553
SEC3B-071-EN,C6_CORRECTIVE_RETRIEVAL,True,1253,128,4558.428
SEC3B-072-EN,C6_CORRECTIVE_RETRIEVAL,True,1264,128,4558.428
SEC3B-073-KO,C6_CORRECTIVE_RETRIEVAL,True,1292,128,4558.428
SEC3B-076-EN,C6_CORRECTIVE_RETRIEVAL,True,1174,128,4558.428
SEC3B-077-EN,C6_CORRECTIVE_RETRIEVAL,True,1174,128,4481.873
SEC3B-078-EN,C6_CORRECTIVE_RETRIEVAL,True,1211,128,4481.873
SEC3B-081-KO,C6_CORRECTIVE_RETRIEVAL,True,1251,128,4481.873
SEC3B-082-EN,C6_CORRECTIVE_RETRIEVAL,True,1214,128,4481.873
SEC3B-084-EN,C6_CORRECTIVE_RETRIEVAL,True,1251,128,4556.698
SEC3B-086-KO,C6_CORRECTIVE_RETRIEVAL,True,1291,128,4556.698
SEC3B-087-KO,C6_CORRECTIVE_RETRIEVAL,True,1291,128,4556.698
SEC3B-088-EN,C6_CORRECTIVE_RETRIEVAL,True,1226,128,4556.698
SEC3B-089-EN,C6_CORRECTIVE_RETRIEVAL,True,1226,128,4435.611
SEC3B-090-EN,C6_CORRECTIVE_RETRIEVAL,True,1168,128,4435.611
SEC3B-090-KO,C6_CORRECTIVE_RETRIEVAL,True,1196,128,4435.611
SEC3B-093-EN,C6_CORRECTIVE_RETRIEVAL,True,1206,128,4435.611
SEC3B-093-KO,C6_CORRECTIVE_RETRIEVAL,True,1234,128,4450.653
SEC3B-099-KO,C6_CORRECTIVE_RETRIEVAL,True,1199,128,4450.653
V2C-0004,C6_CORRECTIVE_RETRIEVAL,True,267,128,4450.653
V2C-0010,C6_CORRECTIVE_RETRIEVAL,True,273,95,4450.653
V2C-0016,C6_CORRECTIVE_RETRIEVAL,True,267,128,2867.036
V2C-0018,C6_CORRECTIVE_RETRIEVAL,True,273,95,2867.036
V2C-0020,C6_CORRECTIVE_RETRIEVAL,True,267,128,2867.036
V2C-0026,C6_CORRECTIVE_RETRIEVAL,True,273,95,2867.036
V2C-0027,C6_CORRECTIVE_RETRIEVAL,True,245,95,3467.683
V2C-0030,C6_CORRECTIVE_RETRIEVAL,True,273,95,3467.683
V2C-0032,C6_CORRECTIVE_RETRIEVAL,True,267,128,3467.683
V2C-0034,C6_CORRECTIVE_RETRIEVAL,True,273,95,3467.683
V2C-0048,C6_CORRECTIVE_RETRIEVAL,True,267,92,3467.683
V2C-0056,C6_CORRECTIVE_RETRIEVAL,True,267,128,3467.683
V2C-0061,C6_CORRECTIVE_RETRIEVAL,True,239,92,3467.683
V2C-0066,C6_CORRECTIVE_RETRIEVAL,True,273,95,3467.683
V2C-0072,C6_CORRECTIVE_RETRIEVAL,True,267,128,3467.683
V2C-0078,C6_CORRECTIVE_RETRIEVAL,True,273,95,3467.683
V2C-0084,C6_CORRECTIVE_RETRIEVAL,True,267,128,3467.683
V2C-0087,C6_CORRECTIVE_RETRIEVAL,True,245,95,3467.683
V2C-0116,C6_CORRECTIVE_RETRIEVAL,True,267,92,3467.683
V2C-0127,C6_CORRECTIVE_RETRIEVAL,True,245,95,3467.683
V2C-0128,C6_CORRECTIVE_RETRIEVAL,True,267,92,3467.683
V2C-0137,C6_CORRECTIVE_RETRIEVAL,True,239,92,3467.683
V2C-0148,C6_CORRECTIVE_RETRIEVAL,True,267,92,3347.674
V2C-0156,C6_CORRECTIVE_RETRIEVAL,True,267,92,3347.674
V2C-0172,C6_CORRECTIVE_RETRIEVAL,True,267,92,3347.674
V2C-0176,C6_CORRECTIVE_RETRIEVAL,True,267,92,3347.674
V2C-0181,C6_CORRECTIVE_RETRIEVAL,True,239,92,3347.674
V2C-0184,C6_CORRECTIVE_RETRIEVAL,True,267,92,3347.674
V2C-0197,C6_CORRECTIVE_RETRIEVAL,True,239,92,3347.674
V2C-0201,C6_CORRECTIVE_RETRIEVAL,True,239,94,3347.674
V2C-0202,C6_CORRECTIVE_RETRIEVAL,True,273,95,3368.677
V2C-0207,C6_CORRECTIVE_RETRIEVAL,True,245,95,3368.677
V2C-0210,C6_CORRECTIVE_RETRIEVAL,True,273,95,3368.677
V2C-0219,C6_CORRECTIVE_RETRIEVAL,True,245,95,3368.677
V2C-0221,C6_CORRECTIVE_RETRIEVAL,True,239,92,3368.677
V2C-0223,C6_CORRECTIVE_RETRIEVAL,True,245,95,3368.677
V2C-0229,C6_CORRECTIVE_RETRIEVAL,True,239,92,3368.677
V2C-0263,C6_CORRECTIVE_RETRIEVAL,True,245,95,3368.677
V2C-0265,C6_CORRECTIVE_RETRIEVAL,True,239,92,3467.683
V2C-0274,C6_CORRECTIVE_RETRIEVAL,True,273,95,3467.683
V2C-0276,C6_CORRECTIVE_RETRIEVAL,True,267,92,3467.683
V2C-0297,C6_CORRECTIVE_RETRIEVAL,True,239,92,3467.683
V2C-0298,C6_CORRECTIVE_RETRIEVAL,True,273,95,3467.683
V2C-0300,C6_CORRECTIVE_RETRIEVAL,True,267,128,3467.683
V2C-0328,C6_CORRECTIVE_RETRIEVAL,True,267,92,3467.683
V2C-0342,C6_CORRECTIVE_RETRIEVAL,True,273,95,3467.683
V2C-0348,C6_CORRECTIVE_RETRIEVAL,True,267,92,3368.677
V2C-0351,C6_CORRECTIVE_RETRIEVAL,True,245,95,3368.677
V2C-0354,C6_CORRECTIVE_RETRIEVAL,True,273,95,3368.677
V2C-0357,C6_CORRECTIVE_RETRIEVAL,True,239,92,3368.677
V2C-0360,C6_CORRECTIVE_RETRIEVAL,True,267,92,3368.677
V2C-0365,C6_CORRECTIVE_RETRIEVAL,True,239,92,3368.677
V2C-0369,C6_CORRECTIVE_RETRIEVAL,True,239,92,3368.677
V2C-0370,C6_CORRECTIVE_RETRIEVAL,True,273,95,3368.677
V2C-0374,C6_CORRECTIVE_RETRIEVAL,True,273,95,3467.683
V2C-0380,C6_CORRECTIVE_RETRIEVAL,True,267,128,3467.683
V2C-0384,C6_CORRECTIVE_RETRIEVAL,True,267,92,3467.683
V2C-0396,C6_CORRECTIVE_RETRIEVAL,True,267,92,3467.683
V2C-0399,C6_CORRECTIVE_RETRIEVAL,True,245,95,3467.683
V2C-0400,C6_CORRECTIVE_RETRIEVAL,True,267,128,3467.683
V2C-0401,C6_CORRECTIVE_RETRIEVAL,True,241,93,3467.683
V2C-0403,C6_CORRECTIVE_RETRIEVAL,True,246,96,3467.683
V2C-0409,C6_CORRECTIVE_RETRIEVAL,True,241,93,3373.177
V2C-0415,C6_CORRECTIVE_RETRIEVAL,True,246,96,3373.177
V2C-0418,C6_CORRECTIVE_RETRIEVAL,True,273,95,3373.177
V2C-0424,C6_CORRECTIVE_RETRIEVAL,True,267,92,3373.177
V2C-0427,C6_CORRECTIVE_RETRIEVAL,True,246,96,3373.177
V2C-0430,C6_CORRECTIVE_RETRIEVAL,True,273,95,3373.177
V2C-0431,C6_CORRECTIVE_RETRIEVAL,True,246,96,3373.177
V2C-0458,C6_CORRECTIVE_RETRIEVAL,True,273,95,3373.177
V2C-0462,C6_CORRECTIVE_RETRIEVAL,True,273,95,3373.177
V2C-0478,C6_CORRECTIVE_RETRIEVAL,True,273,95,3373.177
V2C-0487,C6_CORRECTIVE_RETRIEVAL,True,246,96,3373.177
V2C-0502,C6_CORRECTIVE_RETRIEVAL,True,273,95,3373.177
V2C-0505,C6_CORRECTIVE_RETRIEVAL,True,241,93,3373.177
V2C-0512,C6_CORRECTIVE_RETRIEVAL,True,267,92,3373.177
V2C-0528,C6_CORRECTIVE_RETRIEVAL,True,267,92,3373.177
V2C-0530,C6_CORRECTIVE_RETRIEVAL,True,273,95,3373.177
V2C-0532,C6_CORRECTIVE_RETRIEVAL,True,267,92,3467.683
V2C-0533,C6_CORRECTIVE_RETRIEVAL,True,241,93,3467.683
V2C-0536,C6_CORRECTIVE_RETRIEVAL,True,267,92,3467.683
V2C-0560,C6_CORRECTIVE_RETRIEVAL,True,267,128,3467.683
V2C-0575,C6_CORRECTIVE_RETRIEVAL,True,246,96,3467.683
V2C-0589,C6_CORRECTIVE_RETRIEVAL,True,241,93,3467.683
V2C-0604,C6_CORRECTIVE_RETRIEVAL,True,267,128,3467.683
V2C-0606,C6_CORRECTIVE_RETRIEVAL,True,273,95,3467.683
V2C-0611,C6_CORRECTIVE_RETRIEVAL,True,246,96,3373.177
V2C-0615,C6_CORRECTIVE_RETRIEVAL,True,246,96,3373.177
V2C-0617,C6_CORRECTIVE_RETRIEVAL,True,241,93,3373.177
V2C-0621,C6_CORRECTIVE_RETRIEVAL,True,241,93,3373.177
V2C-0630,C6_CORRECTIVE_RETRIEVAL,True,273,95,3373.177
V2C-0632,C6_CORRECTIVE_RETRIEVAL,True,267,92,3373.177
V2C-0635,C6_CORRECTIVE_RETRIEVAL,True,246,96,3373.177
V2C-0653,C6_CORRECTIVE_RETRIEVAL,True,241,93,3373.177
V2C-0658,C6_CORRECTIVE_RETRIEVAL,True,273,95,3467.683
V2C-0670,C6_CORRECTIVE_RETRIEVAL,True,273,95,3467.683
V2C-0674,C6_CORRECTIVE_RETRIEVAL,True,273,95,3467.683
V2C-0681,C6_CORRECTIVE_RETRIEVAL,True,241,93,3467.683
V2C-0698,C6_CORRECTIVE_RETRIEVAL,True,273,95,3467.683
V2C-0700,C6_CORRECTIVE_RETRIEVAL,True,267,128,3467.683
V2C-0701,C6_CORRECTIVE_RETRIEVAL,True,241,93,3467.683
V2C-0708,C6_CORRECTIVE_RETRIEVAL,True,267,92,3467.683
V2C-0714,C6_CORRECTIVE_RETRIEVAL,True,273,95,3373.177
V2C-0717,C6_CORRECTIVE_RETRIEVAL,True,241,93,3373.177
V2C-0718,C6_CORRECTIVE_RETRIEVAL,True,273,95,3373.177
V2C-0722,C6_CORRECTIVE_RETRIEVAL,True,273,95,3373.177
V2C-0729,C6_CORRECTIVE_RETRIEVAL,True,241,93,3373.177
V2C-0735,C6_CORRECTIVE_RETRIEVAL,True,246,96,3373.177
V2C-0738,C6_CORRECTIVE_RETRIEVAL,True,273,95,3373.177
V2C-0744,C6_CORRECTIVE_RETRIEVAL,True,267,92,3373.177
V2C-0745,C6_CORRECTIVE_RETRIEVAL,True,241,93,3373.177
V2C-0757,C6_CORRECTIVE_RETRIEVAL,True,241,93,3373.177
V2C-0761,C6_CORRECTIVE_RETRIEVAL,True,241,93,3373.177
V2C-0767,C6_CORRECTIVE_RETRIEVAL,True,246,96,3373.177
V2C-0772,C6_CORRECTIVE_RETRIEVAL,True,267,92,3373.177
V2C-0773,C6_CORRECTIVE_RETRIEVAL,True,241,93,3373.177
V2C-0787,C6_CORRECTIVE_RETRIEVAL,True,246,96,3373.177
V2C-0790,C6_CORRECTIVE_RETRIEVAL,True,273,95,3373.177
V2C-0795,C6_CORRECTIVE_RETRIEVAL,True,246,96,3353.675
V2C-0796,C6_CORRECTIVE_RETRIEVAL,True,267,92,3353.675
V2C-0797,C6_CORRECTIVE_RETRIEVAL,True,241,93,3353.675
V2C-0801,C6_CORRECTIVE_RETRIEVAL,True,241,93,3353.675
V2C-0803,C6_CORRECTIVE_RETRIEVAL,True,246,96,3353.675
V2C-0811,C6_CORRECTIVE_RETRIEVAL,True,246,96,3353.675
V2C-0813,C6_CORRECTIVE_RETRIEVAL,True,241,93,3353.675
V2C-0815,C6_CORRECTIVE_RETRIEVAL,True,246,96,3353.675
V2C-0827,C6_CORRECTIVE_RETRIEVAL,True,246,96,3373.177
V2C-0835,C6_CORRECTIVE_RETRIEVAL,True,246,96,3373.177
V2C-0839,C6_CORRECTIVE_RETRIEVAL,True,246,96,3373.177
V2C-0842,C6_CORRECTIVE_RETRIEVAL,True,273,95,3373.177
V2C-0844,C6_CORRECTIVE_RETRIEVAL,True,267,92,3373.177
V2C-0847,C6_CORRECTIVE_RETRIEVAL,True,246,96,3373.177
V2C-0850,C6_CORRECTIVE_RETRIEVAL,True,273,95,3373.177
V2C-0851,C6_CORRECTIVE_RETRIEVAL,True,246,96,3373.177
V2C-0859,C6_CORRECTIVE_RETRIEVAL,True,246,96,3467.683
V2C-0862,C6_CORRECTIVE_RETRIEVAL,True,273,95,3467.683
V2C-0863,C6_CORRECTIVE_RETRIEVAL,True,246,96,3467.683
V2C-0867,C6_CORRECTIVE_RETRIEVAL,True,246,96,3467.683
V2C-0881,C6_CORRECTIVE_RETRIEVAL,True,241,93,3467.683
V2C-0886,C6_CORRECTIVE_RETRIEVAL,True,273,95,3467.683
V2C-0900,C6_CORRECTIVE_RETRIEVAL,True,267,128,3467.683
V2C-0901,C6_CORRECTIVE_RETRIEVAL,True,241,93,3467.683
V2C-0902,C6_CORRECTIVE_RETRIEVAL,True,273,95,3373.177
V2C-0903,C6_CORRECTIVE_RETRIEVAL,True,246,96,3373.177
V2C-0904,C6_CORRECTIVE_RETRIEVAL,True,267,92,3373.177
V2C-0907,C6_CORRECTIVE_RETRIEVAL,True,246,96,3373.177
V2C-0908,C6_CORRECTIVE_RETRIEVAL,True,267,92,3373.177
V2C-0909,C6_CORRECTIVE_RETRIEVAL,True,241,93,3373.177
V2C-0911,C6_CORRECTIVE_RETRIEVAL,True,246,96,3373.177
V2C-0912,C6_CORRECTIVE_RETRIEVAL,True,267,92,3373.177
V2C-0913,C6_CORRECTIVE_RETRIEVAL,True,241,93,3373.177
V2C-0914,C6_CORRECTIVE_RETRIEVAL,True,273,95,3373.177
V2C-0915,C6_CORRECTIVE_RETRIEVAL,True,246,96,3373.177
V2C-0916,C6_CORRECTIVE_RETRIEVAL,True,267,92,3373.177
V2C-0917,C6_CORRECTIVE_RETRIEVAL,True,241,93,3373.177
V2C-0918,C6_CORRECTIVE_RETRIEVAL,True,273,95,3373.177
V2C-0919,C6_CORRECTIVE_RETRIEVAL,True,246,96,3373.177
V2C-0921,C6_CORRECTIVE_RETRIEVAL,True,241,93,3373.177
V2C-0922,C6_CORRECTIVE_RETRIEVAL,True,273,95,3373.177
V2C-0923,C6_CORRECTIVE_RETRIEVAL,True,246,96,3373.177
V2C-0925,C6_CORRECTIVE_RETRIEVAL,True,241,93,3373.177
V2C-0926,C6_CORRECTIVE_RETRIEVAL,True,273,95,3373.177
V2C-0927,C6_CORRECTIVE_RETRIEVAL,True,246,96,3373.177
V2C-0928,C6_CORRECTIVE_RETRIEVAL,True,267,92,3373.177
V2C-0929,C6_CORRECTIVE_RETRIEVAL,True,241,93,3373.177
V2C-0930,C6_CORRECTIVE_RETRIEVAL,True,273,95,3373.177
V2C-0931,C6_CORRECTIVE_RETRIEVAL,True,246,96,3373.177
V2C-0932,C6_CORRECTIVE_RETRIEVAL,True,267,92,3373.177
V2C-0935,C6_CORRECTIVE_RETRIEVAL,True,246,96,3373.177
V2C-0936,C6_CORRECTIVE_RETRIEVAL,True,267,92,3373.177
V2C-0937,C6_CORRECTIVE_RETRIEVAL,True,241,93,3373.177
V2C-0938,C6_CORRECTIVE_RETRIEVAL,True,273,95,3373.177
V2C-0940,C6_CORRECTIVE_RETRIEVAL,True,267,92,3373.177
V2C-0941,C6_CORRECTIVE_RETRIEVAL,True,241,93,3373.177
V2C-0942,C6_CORRECTIVE_RETRIEVAL,True,273,95,3373.177
V2C-0944,C6_CORRECTIVE_RETRIEVAL,True,267,92,3373.177
V2C-0945,C6_CORRECTIVE_RETRIEVAL,True,241,93,3373.177
V2C-0947,C6_CORRECTIVE_RETRIEVAL,True,246,96,3373.177
V2C-0949,C6_CORRECTIVE_RETRIEVAL,True,241,93,3373.177
V2C-0950,C6_CORRECTIVE_RETRIEVAL,True,273,95,3373.177
V2C-0953,C6_CORRECTIVE_RETRIEVAL,True,241,93,3373.177
V2C-0954,C6_CORRECTIVE_RETRIEVAL,True,273,95,3373.177
V2C-0955,C6_CORRECTIVE_RETRIEVAL,True,246,96,3373.177
V2C-0957,C6_CORRECTIVE_RETRIEVAL,True,241,93,3373.177
V2C-0958,C6_CORRECTIVE_RETRIEVAL,True,273,95,3373.177
V2C-0960,C6_CORRECTIVE_RETRIEVAL,True,267,92,3373.177
V2C-0961,C6_CORRECTIVE_RETRIEVAL,True,241,93,3373.177
V2C-0965,C6_CORRECTIVE_RETRIEVAL,True,241,93,3373.177
V2C-0966,C6_CORRECTIVE_RETRIEVAL,True,273,95,3373.177
V2C-0969,C6_CORRECTIVE_RETRIEVAL,True,241,93,3373.177
V2C-0970,C6_CORRECTIVE_RETRIEVAL,True,273,95,3373.177
V2C-0972,C6_CORRECTIVE_RETRIEVAL,True,267,92,3373.177
V2C-0973,C6_CORRECTIVE_RETRIEVAL,True,241,93,3373.177
V2C-0974,C6_CORRECTIVE_RETRIEVAL,True,273,95,3373.177
V2C-0976,C6_CORRECTIVE_RETRIEVAL,True,267,92,3373.177
V2C-0977,C6_CORRECTIVE_RETRIEVAL,True,241,93,3373.177
V2C-0978,C6_CORRECTIVE_RETRIEVAL,True,273,95,3373.177
V2C-0979,C6_CORRECTIVE_RETRIEVAL,True,246,96,3373.177
V2C-0980,C6_CORRECTIVE_RETRIEVAL,True,267,92,3373.177
V2C-0981,C6_CORRECTIVE_RETRIEVAL,True,241,93,3373.177
V2C-0982,C6_CORRECTIVE_RETRIEVAL,True,273,95,3373.177
V2C-0988,C6_CORRECTIVE_RETRIEVAL,True,267,92,3373.177
V2C-0989,C6_CORRECTIVE_RETRIEVAL,True,241,93,3373.177
V2C-0990,C6_CORRECTIVE_RETRIEVAL,True,273,95,3373.177
V2C-0991,C6_CORRECTIVE_RETRIEVAL,True,246,96,3373.177
V2C-0994,C6_CORRECTIVE_RETRIEVAL,True,273,95,3373.177
V2C-0996,C6_CORRECTIVE_RETRIEVAL,True,267,92,3467.683
V2C-0999,C6_CORRECTIVE_RETRIEVAL,True,246,96,3467.683
V2C-1000,C6_CORRECTIVE_RETRIEVAL,False,0,0,0.0
V2C-1001,C6_CORRECTIVE_RETRIEVAL,False,0,0,0.0
V2C-1002,C6_CORRECTIVE_RETRIEVAL,False,0,0,0.0
V2C-1003,C6_CORRECTIVE_RETRIEVAL,False,0,0,0.0
V2C-1010,C6_CORRECTIVE_RETRIEVAL,False,0,0,0.0
V2C-1011,C6_CORRECTIVE_RETRIEVAL,False,0,0,0.0
V2C-1012,C6_CORRECTIVE_RETRIEVAL,False,0,0,0.0
V2C-1013,C6_CORRECTIVE_RETRIEVAL,False,0,0,0.0
V2C-1014,C6_CORRECTIVE_RETRIEVAL,False,0,0,0.0
V2C-1015,C6_CORRECTIVE_RETRIEVAL,False,0,0,0.0
V2C-1016,C6_CORRECTIVE_RETRIEVAL,False,0,0,0.0
V2C-1017,C6_CORRECTIVE_RETRIEVAL,False,0,0,0.0
V2C-1019,C6_CORRECTIVE_RETRIEVAL,False,0,0,0.0
V2C-1020,C6_CORRECTIVE_RETRIEVAL,False,0,0,0.0
V2C-1022,C6_CORRECTIVE_RETRIEVAL,False,0,0,0.0
V2C-1024,C6_CORRECTIVE_RETRIEVAL,False,0,0,0.0
V2C-1025,C6_CORRECTIVE_RETRIEVAL,False,0,0,0.0
V2C-1026,C6_CORRECTIVE_RETRIEVAL,False,0,0,0.0
V2C-1028,C6_CORRECTIVE_RETRIEVAL,False,0,0,0.0
V2C-1030,C6_CORRECTIVE_RETRIEVAL,False,0,0,0.0
V2C-1032,C6_CORRECTIVE_RETRIEVAL,False,0,0,0.0
V2C-1033,C6_CORRECTIVE_RETRIEVAL,False,0,0,0.0
V2C-1035,C6_CORRECTIVE_RETRIEVAL,False,0,0,0.0
V2C-1036,C6_CORRECTIVE_RETRIEVAL,False,0,0,0.0
V2C-1037,C6_CORRECTIVE_RETRIEVAL,False,0,0,0.0
V2C-1039,C6_CORRECTIVE_RETRIEVAL,False,0,0,0.0
V2C-1040,C6_CORRECTIVE_RETRIEVAL,False,0,0,0.0
V2C-1043,C6_CORRECTIVE_RETRIEVAL,False,0,0,0.0
V2C-1045,C6_CORRECTIVE_RETRIEVAL,False,0,0,0.0
V2C-1046,C6_CORRECTIVE_RETRIEVAL,False,0,0,0.0
V2C-1047,C6_CORRECTIVE_RETRIEVAL,False,0,0,0.0
V2C-1049,C6_CORRECTIVE_RETRIEVAL,False,0,0,0.0
V2C-1050,C6_CORRECTIVE_RETRIEVAL,False,0,0,0.0
V2C-1055,C6_CORRECTIVE_RETRIEVAL,False,0,0,0.0
V2C-1057,C6_CORRECTIVE_RETRIEVAL,False,0,0,0.0
V2C-1061,C6_CORRECTIVE_RETRIEVAL,False,0,0,0.0
V2C-1065,C6_CORRECTIVE_RETRIEVAL,False,0,0,0.0
V2C-1070,C6_CORRECTIVE_RETRIEVAL,False,0,0,0.0
V2C-1074,C6_CORRECTIVE_RETRIEVAL,False,0,0,0.0
V2C-1076,C6_CORRECTIVE_RETRIEVAL,False,0,0,0.0
V2C-1077,C6_CORRECTIVE_RETRIEVAL,False,0,0,0.0
V2C-1079,C6_CORRECTIVE_RETRIEVAL,False,0,0,0.0
V2C-1080,C6_CORRECTIVE_RETRIEVAL,False,0,0,0.0
V2C-1082,C6_CORRECTIVE_RETRIEVAL,False,0,0,0.0
V2C-1087,C6_CORRECTIVE_RETRIEVAL,False,0,0,0.0
V2C-1088,C6_CORRECTIVE_RETRIEVAL,False,0,0,0.0
V2C-1091,C6_CORRECTIVE_RETRIEVAL,False,0,0,0.0
V2C-1093,C6_CORRECTIVE_RETRIEVAL,False,0,0,0.0
V2C-1095,C6_CORRECTIVE_RETRIEVAL,False,0,0,0.0
V2C-1096,C6_CORRECTIVE_RETRIEVAL,False,0,0,0.0
V2C-1104,C6_CORRECTIVE_RETRIEVAL,False,0,0,0.0
V2C-1107,C6_CORRECTIVE_RETRIEVAL,False,0,0,0.0
V2C-1109,C6_CORRECTIVE_RETRIEVAL,False,0,0,0.0
V2C-1110,C6_CORRECTIVE_RETRIEVAL,False,0,0,0.0
V2C-1115,C6_CORRECTIVE_RETRIEVAL,False,0,0,0.0
V2C-1116,C6_CORRECTIVE_RETRIEVAL,False,0,0,0.0
V2C-1118,C6_CORRECTIVE_RETRIEVAL,False,0,0,0.0
V2C-1119,C6_CORRECTIVE_RETRIEVAL,False,0,0,0.0
V2C-1120,C6_CORRECTIVE_RETRIEVAL,False,0,0,0.0
V2C-1123,C6_CORRECTIVE_RETRIEVAL,False,0,0,0.0
V2C-1127,C6_CORRECTIVE_RETRIEVAL,False,0,0,0.0
V2C-1128,C6_CORRECTIVE_RETRIEVAL,False,0,0,0.0
V2C-1130,C6_CORRECTIVE_RETRIEVAL,False,0,0,0.0
V2C-1133,C6_CORRECTIVE_RETRIEVAL,False,0,0,0.0
V2C-1139,C6_CORRECTIVE_RETRIEVAL,False,0,0,0.0
V2C-1141,C6_CORRECTIVE_RETRIEVAL,False,0,0,0.0
V2C-1154,C6_CORRECTIVE_RETRIEVAL,True,273,95,3467.683
V2C-1155,C6_CORRECTIVE_RETRIEVAL,True,246,96,3467.683
V2C-1156,C6_CORRECTIVE_RETRIEVAL,True,267,92,3467.683
V2C-1158,C6_CORRECTIVE_RETRIEVAL,True,273,95,3467.683
V2C-1160,C6_CORRECTIVE_RETRIEVAL,True,267,128,3467.683
V2C-1162,C6_CORRECTIVE_RETRIEVAL,True,273,95,3467.683
V2C-1163,C6_CORRECTIVE_RETRIEVAL,True,246,96,3373.177
V2C-1164,C6_CORRECTIVE_RETRIEVAL,True,267,92,3373.177
V2C-1171,C6_CORRECTIVE_RETRIEVAL,True,246,96,3373.177
V2C-1173,C6_CORRECTIVE_RETRIEVAL,True,241,93,3373.177
V2C-1175,C6_CORRECTIVE_RETRIEVAL,True,246,96,3373.177
V2C-1178,C6_CORRECTIVE_RETRIEVAL,True,273,95,3373.177
V2C-1187,C6_CORRECTIVE_RETRIEVAL,True,246,96,3373.177
V2C-1190,C6_CORRECTIVE_RETRIEVAL,True,273,95,3373.177
V2C-1194,C6_CORRECTIVE_RETRIEVAL,True,273,95,2543.335
V2C-1199,C6_CORRECTIVE_RETRIEVAL,True,246,96,2543.335
EXT-ADVERSARIAL-0002,C7_GRAPH_STRUCTURED_RAG,True,151,128,3233.655
EXT-ADVERSARIAL-0003,C7_GRAPH_STRUCTURED_RAG,True,173,128,3233.655
EXT-ADVERSARIAL-0005,C7_GRAPH_STRUCTURED_RAG,True,195,112,3233.655
EXT-ADVERSARIAL-0014,C7_GRAPH_STRUCTURED_RAG,True,151,128,3233.655
EXT-ADVERSARIAL-0015,C7_GRAPH_STRUCTURED_RAG,True,195,90,3233.655
EXT-ADVERSARIAL-0018,C7_GRAPH_STRUCTURED_RAG,True,154,128,3233.655
EXT-ADVERSARIAL-0021,C7_GRAPH_STRUCTURED_RAG,True,168,128,3233.655
EXT-ADVERSARIAL-0025,C7_GRAPH_STRUCTURED_RAG,True,192,107,3233.655
EXT-ADVERSARIAL-0026,C7_GRAPH_STRUCTURED_RAG,True,147,128,3192.336
EXT-ADVERSARIAL-0028,C7_GRAPH_STRUCTURED_RAG,True,151,49,3192.336
EXT-ADVERSARIAL-0029,C7_GRAPH_STRUCTURED_RAG,True,181,128,3192.336
EXT-ADVERSARIAL-0031,C7_GRAPH_STRUCTURED_RAG,True,166,128,3192.336
EXT-ADVERSARIAL-0032,C7_GRAPH_STRUCTURED_RAG,True,151,128,3192.336
EXT-ADVERSARIAL-0034,C7_GRAPH_STRUCTURED_RAG,True,155,128,3192.336
EXT-ADVERSARIAL-0039,C7_GRAPH_STRUCTURED_RAG,True,171,72,3192.336
EXT-ADVERSARIAL-0044,C7_GRAPH_STRUCTURED_RAG,True,151,128,3192.336
EXT-ADVERSARIAL-0050,C7_GRAPH_STRUCTURED_RAG,True,152,128,3206.9
EXT-ADVERSARIAL-0051,C7_GRAPH_STRUCTURED_RAG,True,166,128,3206.9
EXT-ADVERSARIAL-0056,C7_GRAPH_STRUCTURED_RAG,True,146,128,3206.9
EXT-ADVERSARIAL-0058,C7_GRAPH_STRUCTURED_RAG,True,155,128,3206.9
EXT-ADVERSARIAL-0061,C7_GRAPH_STRUCTURED_RAG,True,168,128,3206.9
EXT-ADVERSARIAL-0063,C7_GRAPH_STRUCTURED_RAG,True,173,121,3206.9
EXT-ADVERSARIAL-0071,C7_GRAPH_STRUCTURED_RAG,True,166,128,3206.9
EXT-ADVERSARIAL-0073,C7_GRAPH_STRUCTURED_RAG,True,185,128,3206.9
EXT-ADVERSARIAL-0076,C7_GRAPH_STRUCTURED_RAG,True,143,117,3233.655
EXT-ADVERSARIAL-0078,C7_GRAPH_STRUCTURED_RAG,True,152,128,3233.655
EXT-ADVERSARIAL-0082,C7_GRAPH_STRUCTURED_RAG,True,155,128,3233.655
EXT-ADVERSARIAL-0084,C7_GRAPH_STRUCTURED_RAG,True,154,128,3233.655
EXT-ADVERSARIAL-0085,C7_GRAPH_STRUCTURED_RAG,True,195,112,3233.655
EXT-ADVERSARIAL-0089,C7_GRAPH_STRUCTURED_RAG,True,181,128,3233.655
EXT-ADVERSARIAL-0093,C7_GRAPH_STRUCTURED_RAG,True,175,128,3233.655
EXT-ADVERSARIAL-0095,C7_GRAPH_STRUCTURED_RAG,True,195,90,3233.655
EXT-ADVERSARIAL-0097,C7_GRAPH_STRUCTURED_RAG,True,185,128,3206.9
EXT-ADVERSARIAL-0098,C7_GRAPH_STRUCTURED_RAG,True,151,128,3206.9
EXT-AMBIGUOUS-0003,C7_GRAPH_STRUCTURED_RAG,True,153,69,3206.9
EXT-AMBIGUOUS-0004,C7_GRAPH_STRUCTURED_RAG,True,133,68,3206.9
EXT-AMBIGUOUS-0014,C7_GRAPH_STRUCTURED_RAG,True,133,68,3206.9
EXT-AMBIGUOUS-0015,C7_GRAPH_STRUCTURED_RAG,True,153,69,3206.9
EXT-AMBIGUOUS-0024,C7_GRAPH_STRUCTURED_RAG,True,133,68,3206.9
EXT-AMBIGUOUS-0026,C7_GRAPH_STRUCTURED_RAG,True,133,68,3206.9
EXT-AMBIGUOUS-0028,C7_GRAPH_STRUCTURED_RAG,True,133,68,2932.315
EXT-AMBIGUOUS-0033,C7_GRAPH_STRUCTURED_RAG,True,153,69,2932.315
EXT-AMBIGUOUS-0035,C7_GRAPH_STRUCTURED_RAG,True,153,69,2932.315
EXT-AMBIGUOUS-0039,C7_GRAPH_STRUCTURED_RAG,True,153,69,2932.315
EXT-AMBIGUOUS-0041,C7_GRAPH_STRUCTURED_RAG,True,153,69,2932.315
EXT-AMBIGUOUS-0044,C7_GRAPH_STRUCTURED_RAG,True,133,68,2932.315
EXT-AMBIGUOUS-0049,C7_GRAPH_STRUCTURED_RAG,True,153,69,2932.315
EXT-AMBIGUOUS-0050,C7_GRAPH_STRUCTURED_RAG,True,133,68,2932.315
EXT-INVALID_ENTITY-0004,C7_GRAPH_STRUCTURED_RAG,True,151,128,3180.647
EXT-INVALID_ENTITY-0006,C7_GRAPH_STRUCTURED_RAG,True,141,16,3180.647
EXT-INVALID_ENTITY-0009,C7_GRAPH_STRUCTURED_RAG,True,160,128,3180.647
EXT-INVALID_ENTITY-0011,C7_GRAPH_STRUCTURED_RAG,True,153,128,3180.647
EXT-INVALID_ENTITY-0013,C7_GRAPH_STRUCTURED_RAG,True,177,128,3180.647
EXT-INVALID_ENTITY-0022,C7_GRAPH_STRUCTURED_RAG,True,149,33,3180.647
EXT-INVALID_ENTITY-0026,C7_GRAPH_STRUCTURED_RAG,True,143,31,3180.647
EXT-INVALID_ENTITY-0033,C7_GRAPH_STRUCTURED_RAG,True,160,128,3180.647
EXT-INVALID_ENTITY-0034,C7_GRAPH_STRUCTURED_RAG,True,151,128,3194.82
EXT-INVALID_ENTITY-0035,C7_GRAPH_STRUCTURED_RAG,True,182,128,3194.82
EXT-INVALID_ENTITY-0036,C7_GRAPH_STRUCTURED_RAG,True,140,32,3194.82
EXT-INVALID_ENTITY-0037,C7_GRAPH_STRUCTURED_RAG,True,177,128,3194.82
EXT-INVALID_ENTITY-0038,C7_GRAPH_STRUCTURED_RAG,True,146,126,3194.82
EXT-INVALID_ENTITY-0039,C7_GRAPH_STRUCTURED_RAG,True,160,128,3194.82
EXT-INVALID_ENTITY-0040,C7_GRAPH_STRUCTURED_RAG,True,149,91,3194.82
EXT-INVALID_ENTITY-0042,C7_GRAPH_STRUCTURED_RAG,True,150,33,3194.82
EXT-INVALID_ENTITY-0043,C7_GRAPH_STRUCTURED_RAG,True,175,128,3204.367
EXT-INVALID_ENTITY-0045,C7_GRAPH_STRUCTURED_RAG,True,184,114,3204.367
EXT-INVALID_ENTITY-0047,C7_GRAPH_STRUCTURED_RAG,True,174,128,3204.367
EXT-INVALID_ENTITY-0050,C7_GRAPH_STRUCTURED_RAG,True,149,120,3204.367
EXT-INVALID_ENTITY-0053,C7_GRAPH_STRUCTURED_RAG,True,175,128,3204.367
EXT-INVALID_ENTITY-0054,C7_GRAPH_STRUCTURED_RAG,True,150,33,3204.367
EXT-INVALID_ENTITY-0065,C7_GRAPH_STRUCTURED_RAG,True,181,101,3204.367
EXT-INVALID_ENTITY-0066,C7_GRAPH_STRUCTURED_RAG,True,143,31,3204.367
EXT-INVALID_ENTITY-0069,C7_GRAPH_STRUCTURED_RAG,True,160,128,3173.927
EXT-INVALID_ENTITY-0070,C7_GRAPH_STRUCTURED_RAG,True,147,102,3173.927
EXT-INVALID_ENTITY-0073,C7_GRAPH_STRUCTURED_RAG,True,174,128,3173.927
EXT-INVALID_ENTITY-0077,C7_GRAPH_STRUCTURED_RAG,True,175,128,3173.927
EXT-INVALID_ENTITY-0078,C7_GRAPH_STRUCTURED_RAG,True,149,128,3173.927
EXT-INVALID_ENTITY-0079,C7_GRAPH_STRUCTURED_RAG,True,174,26,3173.927
EXT-INVALID_ENTITY-0080,C7_GRAPH_STRUCTURED_RAG,True,149,85,3173.927
EXT-INVALID_ENTITY-0083,C7_GRAPH_STRUCTURED_RAG,True,172,128,3173.927
EXT-INVALID_ENTITY-0084,C7_GRAPH_STRUCTURED_RAG,True,150,33,3180.647
EXT-INVALID_ENTITY-0086,C7_GRAPH_STRUCTURED_RAG,True,141,16,3180.647
EXT-INVALID_ENTITY-0093,C7_GRAPH_STRUCTURED_RAG,True,163,128,3180.647
EXT-INVALID_ENTITY-0098,C7_GRAPH_STRUCTURED_RAG,True,148,128,3180.647
EXT-NUMERIC_PROVENANCE-0008,C7_GRAPH_STRUCTURED_RAG,True,146,128,3180.647
EXT-NUMERIC_PROVENANCE-0009,C7_GRAPH_STRUCTURED_RAG,True,159,63,3180.647
EXT-NUMERIC_PROVENANCE-0012,C7_GRAPH_STRUCTURED_RAG,True,147,31,3180.647
EXT-NUMERIC_PROVENANCE-0013,C7_GRAPH_STRUCTURED_RAG,True,177,128,3180.647
EXT-NUMERIC_PROVENANCE-0015,C7_GRAPH_STRUCTURED_RAG,True,183,84,3202.211
EXT-NUMERIC_PROVENANCE-0016,C7_GRAPH_STRUCTURED_RAG,True,142,32,3202.211
EXT-NUMERIC_PROVENANCE-0017,C7_GRAPH_STRUCTURED_RAG,True,170,128,3202.211
EXT-NUMERIC_PROVENANCE-0018,C7_GRAPH_STRUCTURED_RAG,True,150,128,3202.211
EXT-NUMERIC_PROVENANCE-0019,C7_GRAPH_STRUCTURED_RAG,True,173,128,3202.211
EXT-NUMERIC_PROVENANCE-0020,C7_GRAPH_STRUCTURED_RAG,True,146,30,3202.211
EXT-NUMERIC_PROVENANCE-0021,C7_GRAPH_STRUCTURED_RAG,True,156,32,3202.211
EXT-NUMERIC_PROVENANCE-0029,C7_GRAPH_STRUCTURED_RAG,True,170,128,3202.211
EXT-NUMERIC_PROVENANCE-0031,C7_GRAPH_STRUCTURED_RAG,True,154,128,3192.336
EXT-NUMERIC_PROVENANCE-0033,C7_GRAPH_STRUCTURED_RAG,True,159,128,3192.336
EXT-NUMERIC_PROVENANCE-0035,C7_GRAPH_STRUCTURED_RAG,True,181,101,3192.336
EXT-NUMERIC_PROVENANCE-0038,C7_GRAPH_STRUCTURED_RAG,True,145,128,3192.336
EXT-NUMERIC_PROVENANCE-0039,C7_GRAPH_STRUCTURED_RAG,True,159,63,3192.336
EXT-NUMERIC_PROVENANCE-0047,C7_GRAPH_STRUCTURED_RAG,True,173,128,3192.336
EXT-PAIR-0001-KO,C7_GRAPH_STRUCTURED_RAG,True,152,128,3192.336
EXT-PAIR-0004-EN,C7_GRAPH_STRUCTURED_RAG,True,151,128,3192.336
EXT-PAIR-0004-KO,C7_GRAPH_STRUCTURED_RAG,True,177,128,3180.647
EXT-PAIR-0007-EN,C7_GRAPH_STRUCTURED_RAG,True,148,35,3180.647
EXT-PAIR-0009-EN,C7_GRAPH_STRUCTURED_RAG,True,149,128,3180.647
EXT-PAIR-0010-EN,C7_GRAPH_STRUCTURED_RAG,True,146,30,3180.647
EXT-PAIR-0013-EN,C7_GRAPH_STRUCTURED_RAG,True,151,32,3180.647
EXT-PAIR-0013-KO,C7_GRAPH_STRUCTURED_RAG,True,177,128,3180.647
EXT-PAIR-0021-KO,C7_GRAPH_STRUCTURED_RAG,True,156,32,3180.647
EXT-PAIR-0026-EN,C7_GRAPH_STRUCTURED_RAG,True,140,27,3180.647
EXT-PAIR-0026-KO,C7_GRAPH_STRUCTURED_RAG,True,153,128,3202.211
EXT-PAIR-0027-KO,C7_GRAPH_STRUCTURED_RAG,True,162,128,3202.211
EXT-PAIR-0029-KO,C7_GRAPH_STRUCTURED_RAG,True,171,128,3202.211
EXT-PAIR-0030-EN,C7_GRAPH_STRUCTURED_RAG,True,149,128,3202.211
EXT-PAIR-0034-EN,C7_GRAPH_STRUCTURED_RAG,True,151,128,3202.211
EXT-PAIR-0035-KO,C7_GRAPH_STRUCTURED_RAG,True,183,84,3202.211
EXT-PAIR-0039-KO,C7_GRAPH_STRUCTURED_RAG,True,162,128,3202.211
EXT-PAIR-0040-EN,C7_GRAPH_STRUCTURED_RAG,True,147,81,3202.211
EXT-PAIR-0041-EN,C7_GRAPH_STRUCTURED_RAG,True,142,31,3180.647
EXT-PAIR-0043-KO,C7_GRAPH_STRUCTURED_RAG,True,177,128,3180.647
EXT-PAIR-0047-KO,C7_GRAPH_STRUCTURED_RAG,True,171,128,3180.647
EXT-PAIR-0048-EN,C7_GRAPH_STRUCTURED_RAG,True,147,128,3180.647
EXT-PAIR-0049-KO,C7_GRAPH_STRUCTURED_RAG,True,173,128,3180.647
EXT-PAIR-0055-EN,C7_GRAPH_STRUCTURED_RAG,True,146,128,3180.647
EXT-PAIR-0056-EN,C7_GRAPH_STRUCTURED_RAG,True,140,86,3180.647
EXT-PAIR-0063-KO,C7_GRAPH_STRUCTURED_RAG,True,159,128,3180.647
EXT-PAIR-0064-EN,C7_GRAPH_STRUCTURED_RAG,True,151,128,3194.82
EXT-PAIR-0072-EN,C7_GRAPH_STRUCTURED_RAG,True,148,128,3194.82
EXT-PAIR-0073-KO,C7_GRAPH_STRUCTURED_RAG,True,173,126,3194.82
EXT-PAIR-0078-KO,C7_GRAPH_STRUCTURED_RAG,True,163,128,3194.82
EXT-PAIR-0080-EN,C7_GRAPH_STRUCTURED_RAG,True,147,81,3194.82
EXT-PAIR-0080-KO,C7_GRAPH_STRUCTURED_RAG,True,182,86,3194.82
EXT-PAIR-0082-EN,C7_GRAPH_STRUCTURED_RAG,True,148,34,3194.82
EXT-PAIR-0083-KO,C7_GRAPH_STRUCTURED_RAG,True,174,128,3194.82
EXT-PAIR-0085-EN,C7_GRAPH_STRUCTURED_RAG,True,148,124,3134.643
EXT-PAIR-0088-EN,C7_GRAPH_STRUCTURED_RAG,True,148,128,3134.643
EXT-PAIR-0089-EN,C7_GRAPH_STRUCTURED_RAG,True,144,128,3134.643
EXT-PAIR-0091-EN,C7_GRAPH_STRUCTURED_RAG,True,143,32,3134.643
EXT-PAIR-0091-KO,C7_GRAPH_STRUCTURED_RAG,True,156,28,3134.643
EXT-PAIR-0094-EN,C7_GRAPH_STRUCTURED_RAG,True,151,128,3134.643
EXT-PAIR-0096-EN,C7_GRAPH_STRUCTURED_RAG,True,140,86,3134.643
EXT-PAIR-0099-KO,C7_GRAPH_STRUCTURED_RAG,True,162,128,3134.643
EXT-PAIR-0104-KO,C7_GRAPH_STRUCTURED_RAG,True,171,128,3202.211
EXT-PAIR-0109-KO,C7_GRAPH_STRUCTURED_RAG,True,173,128,3202.211
EXT-PAIR-0115-KO,C7_GRAPH_STRUCTURED_RAG,True,183,84,3202.211
EXT-PAIR-0116-KO,C7_GRAPH_STRUCTURED_RAG,True,155,128,3202.211
EXT-PAIR-0117-EN,C7_GRAPH_STRUCTURED_RAG,True,149,128,3202.211
EXT-PAIR-0121-EN,C7_GRAPH_STRUCTURED_RAG,True,139,128,3202.211
EXT-PAIR-0128-KO,C7_GRAPH_STRUCTURED_RAG,True,171,128,3202.211
EXT-PAIR-0136-KO,C7_GRAPH_STRUCTURED_RAG,True,153,128,3202.211
EXT-PAIR-0140-EN,C7_GRAPH_STRUCTURED_RAG,True,149,128,3204.367
EXT-PAIR-0140-KO,C7_GRAPH_STRUCTURED_RAG,True,184,32,3204.367
EXT-PAIR-0143-EN,C7_GRAPH_STRUCTURED_RAG,True,143,30,3204.367
EXT-PAIR-0144-EN,C7_GRAPH_STRUCTURED_RAG,True,150,128,3204.367
EXT-PAIR-0146-EN,C7_GRAPH_STRUCTURED_RAG,True,140,27,3204.367
EXT-PAIR-0148-EN,C7_GRAPH_STRUCTURED_RAG,True,150,38,3204.367
EXT-PAIR-0148-KO,C7_GRAPH_STRUCTURED_RAG,True,176,29,3204.367
EXT-PAIR-0149-KO,C7_GRAPH_STRUCTURED_RAG,True,171,128,3204.367
EXT-PAIR-0150-KO,C7_GRAPH_STRUCTURED_RAG,True,184,35,3204.367
EXT-PAIR-0152-KO,C7_GRAPH_STRUCTURED_RAG,True,172,128,3204.367
EXT-PAIR-0154-KO,C7_GRAPH_STRUCTURED_RAG,True,177,128,3204.367
EXT-PAIR-0157-KO,C7_GRAPH_STRUCTURED_RAG,True,176,36,3204.367
EXT-PAIR-0159-EN,C7_GRAPH_STRUCTURED_RAG,True,149,128,3204.367
EXT-PAIR-0161-EN,C7_GRAPH_STRUCTURED_RAG,True,142,31,3204.367
EXT-PAIR-0162-EN,C7_GRAPH_STRUCTURED_RAG,True,147,31,3204.367
EXT-PAIR-0166-EN,C7_GRAPH_STRUCTURED_RAG,True,143,32,3204.367
EXT-PAIR-0166-KO,C7_GRAPH_STRUCTURED_RAG,True,156,128,3180.647
EXT-PAIR-0167-EN,C7_GRAPH_STRUCTURED_RAG,True,144,128,3180.647
EXT-PAIR-0169-EN,C7_GRAPH_STRUCTURED_RAG,True,147,33,3180.647
EXT-PAIR-0170-EN,C7_GRAPH_STRUCTURED_RAG,True,146,30,3180.647
EXT-PAIR-0174-KO,C7_GRAPH_STRUCTURED_RAG,True,163,128,3180.647
EXT-PAIR-0175-EN,C7_GRAPH_STRUCTURED_RAG,True,146,128,3180.647
EXT-PAIR-0179-EN,C7_GRAPH_STRUCTURED_RAG,True,144,128,3180.647
EXT-PAIR-0184-KO,C7_GRAPH_STRUCTURED_RAG,True,177,128,3180.647
EXT-PAIR-0191-EN,C7_GRAPH_STRUCTURED_RAG,True,139,128,3202.211
EXT-PAIR-0191-KO,C7_GRAPH_STRUCTURED_RAG,True,152,128,3202.211
EXT-PAIR-0193-EN,C7_GRAPH_STRUCTURED_RAG,True,147,33,3202.211
EXT-PAIR-0194-EN,C7_GRAPH_STRUCTURED_RAG,True,144,128,3202.211
EXT-PAIR-0194-KO,C7_GRAPH_STRUCTURED_RAG,True,171,128,3202.211
EXT-PAIR-0195-EN,C7_GRAPH_STRUCTURED_RAG,True,148,128,3202.211
EXT-PAIR-0195-KO,C7_GRAPH_STRUCTURED_RAG,True,183,84,3202.211
EXT-PARAPHRASE-0003,C7_GRAPH_STRUCTURED_RAG,True,161,128,3202.211
EXT-PARAPHRASE-0004,C7_GRAPH_STRUCTURED_RAG,True,151,128,3202.211
EXT-PARAPHRASE-0005,C7_GRAPH_STRUCTURED_RAG,True,183,27,3202.211
EXT-PARAPHRASE-0020,C7_GRAPH_STRUCTURED_RAG,True,146,30,3202.211
EXT-PARAPHRASE-0026,C7_GRAPH_STRUCTURED_RAG,True,143,31,3202.211
EXT-PARAPHRASE-0028,C7_GRAPH_STRUCTURED_RAG,True,147,33,3202.211
EXT-PARAPHRASE-0030,C7_GRAPH_STRUCTURED_RAG,True,147,81,3202.211
EXT-PARAPHRASE-0034,C7_GRAPH_STRUCTURED_RAG,True,151,128,3202.211
EXT-PARAPHRASE-0039,C7_GRAPH_STRUCTURED_RAG,True,159,63,3202.211
EXT-PARAPHRASE-0069,C7_GRAPH_STRUCTURED_RAG,True,159,63,3167.646
EXT-PARAPHRASE-0076,C7_GRAPH_STRUCTURED_RAG,True,139,111,3167.646
EXT-PARAPHRASE-0080,C7_GRAPH_STRUCTURED_RAG,True,149,128,3167.646
EXT-PARAPHRASE-0091,C7_GRAPH_STRUCTURED_RAG,True,154,128,3167.646
EXT-PARAPHRASE-0097,C7_GRAPH_STRUCTURED_RAG,True,173,28,3167.646
EXT-PARAPHRASE-0101,C7_GRAPH_STRUCTURED_RAG,True,156,32,3167.646
EXT-PARAPHRASE-0114,C7_GRAPH_STRUCTURED_RAG,True,150,128,3167.646
EXT-PARAPHRASE-0121,C7_GRAPH_STRUCTURED_RAG,True,152,128,3167.646
EXT-PARAPHRASE-0150,C7_GRAPH_STRUCTURED_RAG,True,147,81,3125.64
EXT-PARAPHRASE-0154,C7_GRAPH_STRUCTURED_RAG,True,151,128,3125.64
EXT-PARAPHRASE-0158,C7_GRAPH_STRUCTURED_RAG,True,145,128,3125.64
EXT-PARAPHRASE-0159,C7_GRAPH_STRUCTURED_RAG,True,159,63,3125.64
EXT-PARAPHRASE-0162,C7_GRAPH_STRUCTURED_RAG,True,150,128,3125.64
EXT-PARAPHRASE-0166,C7_GRAPH_STRUCTURED_RAG,True,141,31,3125.64
EXT-PARAPHRASE-0172,C7_GRAPH_STRUCTURED_RAG,True,148,34,3125.64
EXT-PARAPHRASE-0176,C7_GRAPH_STRUCTURED_RAG,True,142,32,3125.64
EXT-PARAPHRASE-0183,C7_GRAPH_STRUCTURED_RAG,True,161,128,3291.926
EXT-PARAPHRASE-0191,C7_GRAPH_STRUCTURED_RAG,True,154,128,3291.926
EXT-PARAPHRASE-0194,C7_GRAPH_STRUCTURED_RAG,True,147,94,3291.926
EXT-PARAPHRASE-0197,C7_GRAPH_STRUCTURED_RAG,True,174,128,3291.926
EXT-POLICY_CONFLICT-0001,C7_GRAPH_STRUCTURED_RAG,True,183,128,3291.926
EXT-POLICY_CONFLICT-0010,C7_GRAPH_STRUCTURED_RAG,True,155,128,3291.926
EXT-POLICY_CONFLICT-0012,C7_GRAPH_STRUCTURED_RAG,True,152,128,3291.926
EXT-POLICY_CONFLICT-0015,C7_GRAPH_STRUCTURED_RAG,True,214,101,3291.926
EXT-POLICY_CONFLICT-0017,C7_GRAPH_STRUCTURED_RAG,True,201,128,3267.548
EXT-POLICY_CONFLICT-0019,C7_GRAPH_STRUCTURED_RAG,True,204,128,3267.548
EXT-POLICY_CONFLICT-0022,C7_GRAPH_STRUCTURED_RAG,True,155,23,3267.548
EXT-POLICY_CONFLICT-0027,C7_GRAPH_STRUCTURED_RAG,True,191,128,3267.548
EXT-POLICY_CONFLICT-0030,C7_GRAPH_STRUCTURED_RAG,True,153,128,3267.548
EXT-POLICY_CONFLICT-0034,C7_GRAPH_STRUCTURED_RAG,True,157,128,3267.548
EXT-POLICY_CONFLICT-0043,C7_GRAPH_STRUCTURED_RAG,True,206,128,3267.548
EXT-POLICY_CONFLICT-0044,C7_GRAPH_STRUCTURED_RAG,True,152,34,3267.548
EXT-POLICY_CONFLICT-0055,C7_GRAPH_STRUCTURED_RAG,True,214,101,3291.926
EXT-POLICY_CONFLICT-0056,C7_GRAPH_STRUCTURED_RAG,True,148,32,3291.926
EXT-POLICY_CONFLICT-0057,C7_GRAPH_STRUCTURED_RAG,True,190,128,3291.926
EXT-POLICY_CONFLICT-0060,C7_GRAPH_STRUCTURED_RAG,True,152,128,3291.926
EXT-POLICY_CONFLICT-0061,C7_GRAPH_STRUCTURED_RAG,True,187,128,3291.926
EXT-POLICY_CONFLICT-0062,C7_GRAPH_STRUCTURED_RAG,True,150,128,3291.926
EXT-POLICY_CONFLICT-0065,C7_GRAPH_STRUCTURED_RAG,True,211,128,3291.926
EXT-POLICY_CONFLICT-0066,C7_GRAPH_STRUCTURED_RAG,True,149,31,3291.926
EXT-POLICY_CONFLICT-0071,C7_GRAPH_STRUCTURED_RAG,True,185,128,3288.551
EXT-POLICY_CONFLICT-0073,C7_GRAPH_STRUCTURED_RAG,True,204,128,3288.551
EXT-POLICY_CONFLICT-0075,C7_GRAPH_STRUCTURED_RAG,True,212,128,3288.551
EXT-POLICY_CONFLICT-0080,C7_GRAPH_STRUCTURED_RAG,True,155,128,3288.551
EXT-POLICY_CONFLICT-0081,C7_GRAPH_STRUCTURED_RAG,True,183,128,3288.551
EXT-POLICY_CONFLICT-0086,C7_GRAPH_STRUCTURED_RAG,True,147,30,3288.551
EXT-POLICY_CONFLICT-0091,C7_GRAPH_STRUCTURED_RAG,True,185,22,3288.551
EXT-POLICY_CONFLICT-0094,C7_GRAPH_STRUCTURED_RAG,True,157,128,3288.551
EXT-POLICY_CONFLICT-0095,C7_GRAPH_STRUCTURED_RAG,True,214,101,2779.58
EXT-POLICY_CONFLICT-0098,C7_GRAPH_STRUCTURED_RAG,True,152,128,2779.58
EXT-POLICY_CONFLICT-0099,C7_GRAPH_STRUCTURED_RAG,True,190,90,2779.58
EXT-POLICY_CONFLICT-0100,C7_GRAPH_STRUCTURED_RAG,True,152,128,2779.58
SEC3B-000-EN,C7_GRAPH_STRUCTURED_RAG,True,1002,128,4098.786
SEC3B-000-KO,C7_GRAPH_STRUCTURED_RAG,True,1030,128,4098.786
SEC3B-001-KO,C7_GRAPH_STRUCTURED_RAG,True,1030,128,4098.786
SEC3B-002-EN,C7_GRAPH_STRUCTURED_RAG,True,1040,128,4098.786
SEC3B-005-EN,C7_GRAPH_STRUCTURED_RAG,True,1052,33,4173.549
SEC3B-005-KO,C7_GRAPH_STRUCTURED_RAG,True,1080,128,4173.549
SEC3B-009-KO,C7_GRAPH_STRUCTURED_RAG,True,1046,128,4173.549
SEC3B-010-EN,C7_GRAPH_STRUCTURED_RAG,True,1054,128,4173.549
SEC3B-012-EN,C7_GRAPH_STRUCTURED_RAG,True,1067,128,4199.846
SEC3B-012-KO,C7_GRAPH_STRUCTURED_RAG,True,1095,128,4199.846
SEC3B-013-EN,C7_GRAPH_STRUCTURED_RAG,True,1067,128,4199.846
SEC3B-014-KO,C7_GRAPH_STRUCTURED_RAG,True,1058,128,4199.846
SEC3B-015-EN,C7_GRAPH_STRUCTURED_RAG,True,1030,128,4178.227
SEC3B-016-EN,C7_GRAPH_STRUCTURED_RAG,True,1045,128,4178.227
SEC3B-016-KO,C7_GRAPH_STRUCTURED_RAG,True,1073,128,4178.227
SEC3B-018-EN,C7_GRAPH_STRUCTURED_RAG,True,1083,128,4178.227
SEC3B-020-EN,C7_GRAPH_STRUCTURED_RAG,True,1095,128,4248.644
SEC3B-020-KO,C7_GRAPH_STRUCTURED_RAG,True,1123,128,4248.644
SEC3B-021-KO,C7_GRAPH_STRUCTURED_RAG,True,1123,128,4248.644
SEC3B-023-EN,C7_GRAPH_STRUCTURED_RAG,True,1057,128,4248.644
SEC3B-025-EN,C7_GRAPH_STRUCTURED_RAG,True,1035,128,4230.18
SEC3B-025-KO,C7_GRAPH_STRUCTURED_RAG,True,1063,128,4230.18
SEC3B-026-EN,C7_GRAPH_STRUCTURED_RAG,True,1072,128,4230.18
SEC3B-028-KO,C7_GRAPH_STRUCTURED_RAG,True,1112,128,4230.18
SEC3B-030-EN,C7_GRAPH_STRUCTURED_RAG,True,996,128,4087.151
SEC3B-030-KO,C7_GRAPH_STRUCTURED_RAG,True,1024,128,4087.151
SEC3B-031-EN,C7_GRAPH_STRUCTURED_RAG,True,996,128,4087.151
SEC3B-032-EN,C7_GRAPH_STRUCTURED_RAG,True,1034,128,4087.151
SEC3B-032-KO,C7_GRAPH_STRUCTURED_RAG,True,1062,128,4213.808
SEC3B-034-EN,C7_GRAPH_STRUCTURED_RAG,True,1045,32,4213.808
SEC3B-037-KO,C7_GRAPH_STRUCTURED_RAG,True,1035,128,4213.808
SEC3B-038-KO,C7_GRAPH_STRUCTURED_RAG,True,1103,128,4213.808
SEC3B-039-EN,C7_GRAPH_STRUCTURED_RAG,True,1075,128,4299.758
SEC3B-040-KO,C7_GRAPH_STRUCTURED_RAG,True,1139,128,4299.758
SEC3B-043-EN,C7_GRAPH_STRUCTURED_RAG,True,1123,128,4299.758
SEC3B-043-KO,C7_GRAPH_STRUCTURED_RAG,True,1151,128,4299.758
SEC3B-044-KO,C7_GRAPH_STRUCTURED_RAG,True,1114,128,4233.434
SEC3B-045-EN,C7_GRAPH_STRUCTURED_RAG,True,1086,128,4233.434
SEC3B-048-KO,C7_GRAPH_STRUCTURED_RAG,True,1105,128,4233.434
SEC3B-050-EN,C7_GRAPH_STRUCTURED_RAG,True,1089,128,4233.434
SEC3B-051-KO,C7_GRAPH_STRUCTURED_RAG,True,1117,128,4238.128
SEC3B-052-EN,C7_GRAPH_STRUCTURED_RAG,True,1052,128,4238.128
SEC3B-053-EN,C7_GRAPH_STRUCTURED_RAG,True,1052,128,4238.128
SEC3B-054-KO,C7_GRAPH_STRUCTURED_RAG,True,1051,128,4238.128
SEC3B-059-EN,C7_GRAPH_STRUCTURED_RAG,True,1072,128,4159.469
SEC3B-060-EN,C7_GRAPH_STRUCTURED_RAG,True,1035,128,4159.469
SEC3B-061-EN,C7_GRAPH_STRUCTURED_RAG,True,1035,128,4159.469
SEC3B-069-KO,C7_GRAPH_STRUCTURED_RAG,True,1072,128,4159.469
SEC3B-071-EN,C7_GRAPH_STRUCTURED_RAG,True,1083,33,4246.829
SEC3B-072-EN,C7_GRAPH_STRUCTURED_RAG,True,1094,33,4246.829
SEC3B-073-KO,C7_GRAPH_STRUCTURED_RAG,True,1122,128,4246.829
SEC3B-076-EN,C7_GRAPH_STRUCTURED_RAG,True,1005,128,4246.829
SEC3B-077-EN,C7_GRAPH_STRUCTURED_RAG,True,1005,128,4176.646
SEC3B-078-EN,C7_GRAPH_STRUCTURED_RAG,True,1042,128,4176.646
SEC3B-081-KO,C7_GRAPH_STRUCTURED_RAG,True,1082,128,4176.646
SEC3B-082-EN,C7_GRAPH_STRUCTURED_RAG,True,1045,128,4176.646
SEC3B-084-EN,C7_GRAPH_STRUCTURED_RAG,True,1082,33,4246.829
SEC3B-086-KO,C7_GRAPH_STRUCTURED_RAG,True,1122,128,4246.829
SEC3B-087-KO,C7_GRAPH_STRUCTURED_RAG,True,1122,128,4246.829
SEC3B-088-EN,C7_GRAPH_STRUCTURED_RAG,True,1057,128,4246.829
SEC3B-089-EN,C7_GRAPH_STRUCTURED_RAG,True,1057,128,4129.787
SEC3B-090-EN,C7_GRAPH_STRUCTURED_RAG,True,998,32,4129.787
SEC3B-090-KO,C7_GRAPH_STRUCTURED_RAG,True,1026,128,4129.787
SEC3B-093-EN,C7_GRAPH_STRUCTURED_RAG,True,1036,36,4129.787
SEC3B-093-KO,C7_GRAPH_STRUCTURED_RAG,True,1064,31,4142.83
SEC3B-099-KO,C7_GRAPH_STRUCTURED_RAG,True,1030,128,4142.83
V2C-0004,C7_GRAPH_STRUCTURED_RAG,True,227,100,4142.83
V2C-0010,C7_GRAPH_STRUCTURED_RAG,True,233,96,4142.83
V2C-0016,C7_GRAPH_STRUCTURED_RAG,True,227,96,3254.664
V2C-0018,C7_GRAPH_STRUCTURED_RAG,True,233,96,3254.664
V2C-0020,C7_GRAPH_STRUCTURED_RAG,True,227,96,3254.664
V2C-0026,C7_GRAPH_STRUCTURED_RAG,True,233,95,3254.664
V2C-0027,C7_GRAPH_STRUCTURED_RAG,True,205,97,3254.664
V2C-0030,C7_GRAPH_STRUCTURED_RAG,True,233,96,3254.664
V2C-0032,C7_GRAPH_STRUCTURED_RAG,True,227,96,3254.664
V2C-0034,C7_GRAPH_STRUCTURED_RAG,True,233,96,3254.664
V2C-0048,C7_GRAPH_STRUCTURED_RAG,True,227,96,3251.662
V2C-0056,C7_GRAPH_STRUCTURED_RAG,True,227,88,3251.662
V2C-0061,C7_GRAPH_STRUCTURED_RAG,True,199,91,3251.662
V2C-0066,C7_GRAPH_STRUCTURED_RAG,True,233,96,3251.662
V2C-0072,C7_GRAPH_STRUCTURED_RAG,True,227,96,3251.662
V2C-0078,C7_GRAPH_STRUCTURED_RAG,True,233,96,3251.662
V2C-0084,C7_GRAPH_STRUCTURED_RAG,True,227,96,3251.662
V2C-0087,C7_GRAPH_STRUCTURED_RAG,True,205,94,3251.662
V2C-0116,C7_GRAPH_STRUCTURED_RAG,True,227,90,3233.661
V2C-0127,C7_GRAPH_STRUCTURED_RAG,True,205,94,3233.661
V2C-0128,C7_GRAPH_STRUCTURED_RAG,True,227,96,3233.661
V2C-0137,C7_GRAPH_STRUCTURED_RAG,True,199,91,3233.661
V2C-0148,C7_GRAPH_STRUCTURED_RAG,True,227,96,3233.661
V2C-0156,C7_GRAPH_STRUCTURED_RAG,True,227,90,3233.661
V2C-0172,C7_GRAPH_STRUCTURED_RAG,True,227,96,3233.661
V2C-0176,C7_GRAPH_STRUCTURED_RAG,True,227,90,3233.661
V2C-0181,C7_GRAPH_STRUCTURED_RAG,True,199,91,3355.402
V2C-0184,C7_GRAPH_STRUCTURED_RAG,True,227,96,3355.402
V2C-0197,C7_GRAPH_STRUCTURED_RAG,True,199,91,3355.402
V2C-0201,C7_GRAPH_STRUCTURED_RAG,True,199,128,3355.402
V2C-0202,C7_GRAPH_STRUCTURED_RAG,True,233,96,3355.402
V2C-0207,C7_GRAPH_STRUCTURED_RAG,True,205,94,3355.402
V2C-0210,C7_GRAPH_STRUCTURED_RAG,True,233,96,3355.402
V2C-0219,C7_GRAPH_STRUCTURED_RAG,True,205,94,3355.402
V2C-0221,C7_GRAPH_STRUCTURED_RAG,True,199,102,3270.507
V2C-0223,C7_GRAPH_STRUCTURED_RAG,True,205,97,3270.507
V2C-0229,C7_GRAPH_STRUCTURED_RAG,True,199,91,3270.507
V2C-0263,C7_GRAPH_STRUCTURED_RAG,True,205,100,3270.507
V2C-0265,C7_GRAPH_STRUCTURED_RAG,True,199,92,3270.507
V2C-0274,C7_GRAPH_STRUCTURED_RAG,True,233,96,3270.507
V2C-0276,C7_GRAPH_STRUCTURED_RAG,True,227,96,3270.507
V2C-0297,C7_GRAPH_STRUCTURED_RAG,True,199,91,3270.507
V2C-0298,C7_GRAPH_STRUCTURED_RAG,True,233,96,3251.662
V2C-0300,C7_GRAPH_STRUCTURED_RAG,True,227,96,3251.662
V2C-0328,C7_GRAPH_STRUCTURED_RAG,True,227,96,3251.662
V2C-0342,C7_GRAPH_STRUCTURED_RAG,True,233,95,3251.662
V2C-0348,C7_GRAPH_STRUCTURED_RAG,True,227,96,3251.662
V2C-0351,C7_GRAPH_STRUCTURED_RAG,True,205,94,3251.662
V2C-0354,C7_GRAPH_STRUCTURED_RAG,True,233,95,3251.662
V2C-0357,C7_GRAPH_STRUCTURED_RAG,True,199,91,3251.662
V2C-0360,C7_GRAPH_STRUCTURED_RAG,True,227,96,3251.662
V2C-0365,C7_GRAPH_STRUCTURED_RAG,True,199,91,3251.662
V2C-0369,C7_GRAPH_STRUCTURED_RAG,True,199,91,3251.662
V2C-0370,C7_GRAPH_STRUCTURED_RAG,True,233,96,3251.662
V2C-0374,C7_GRAPH_STRUCTURED_RAG,True,233,95,3251.662
V2C-0380,C7_GRAPH_STRUCTURED_RAG,True,227,90,3251.662
V2C-0384,C7_GRAPH_STRUCTURED_RAG,True,227,96,3251.662
V2C-0396,C7_GRAPH_STRUCTURED_RAG,True,227,90,3251.662
V2C-0399,C7_GRAPH_STRUCTURED_RAG,True,205,94,3355.402
V2C-0400,C7_GRAPH_STRUCTURED_RAG,True,227,96,3355.402
V2C-0401,C7_GRAPH_STRUCTURED_RAG,True,201,128,3355.402
V2C-0403,C7_GRAPH_STRUCTURED_RAG,True,206,96,3355.402
V2C-0409,C7_GRAPH_STRUCTURED_RAG,True,201,93,3355.402
V2C-0415,C7_GRAPH_STRUCTURED_RAG,True,206,128,3355.402
V2C-0418,C7_GRAPH_STRUCTURED_RAG,True,233,96,3355.402
V2C-0424,C7_GRAPH_STRUCTURED_RAG,True,227,96,3355.402
V2C-0427,C7_GRAPH_STRUCTURED_RAG,True,206,98,3355.402
V2C-0430,C7_GRAPH_STRUCTURED_RAG,True,233,96,3355.402
V2C-0431,C7_GRAPH_STRUCTURED_RAG,True,206,128,3355.402
V2C-0458,C7_GRAPH_STRUCTURED_RAG,True,233,95,3355.402
V2C-0462,C7_GRAPH_STRUCTURED_RAG,True,233,95,3355.402
V2C-0478,C7_GRAPH_STRUCTURED_RAG,True,233,95,3355.402
V2C-0487,C7_GRAPH_STRUCTURED_RAG,True,206,98,3355.402
V2C-0502,C7_GRAPH_STRUCTURED_RAG,True,233,96,3355.402
V2C-0505,C7_GRAPH_STRUCTURED_RAG,True,201,94,3251.662
V2C-0512,C7_GRAPH_STRUCTURED_RAG,True,227,96,3251.662
V2C-0528,C7_GRAPH_STRUCTURED_RAG,True,227,96,3251.662
V2C-0530,C7_GRAPH_STRUCTURED_RAG,True,233,96,3251.662
V2C-0532,C7_GRAPH_STRUCTURED_RAG,True,227,96,3251.662
V2C-0533,C7_GRAPH_STRUCTURED_RAG,True,201,93,3251.662
V2C-0536,C7_GRAPH_STRUCTURED_RAG,True,227,96,3251.662
V2C-0560,C7_GRAPH_STRUCTURED_RAG,True,227,96,3251.662
V2C-0575,C7_GRAPH_STRUCTURED_RAG,True,206,128,3355.402
V2C-0589,C7_GRAPH_STRUCTURED_RAG,True,201,93,3355.402
V2C-0604,C7_GRAPH_STRUCTURED_RAG,True,227,96,3355.402
V2C-0606,C7_GRAPH_STRUCTURED_RAG,True,233,96,3355.402
V2C-0611,C7_GRAPH_STRUCTURED_RAG,True,206,128,3355.402
V2C-0615,C7_GRAPH_STRUCTURED_RAG,True,206,128,3355.402
V2C-0617,C7_GRAPH_STRUCTURED_RAG,True,201,93,3355.402
V2C-0621,C7_GRAPH_STRUCTURED_RAG,True,201,128,3355.402
V2C-0630,C7_GRAPH_STRUCTURED_RAG,True,233,96,3355.402
V2C-0632,C7_GRAPH_STRUCTURED_RAG,True,227,96,3355.402
V2C-0635,C7_GRAPH_STRUCTURED_RAG,True,206,128,3355.402
V2C-0653,C7_GRAPH_STRUCTURED_RAG,True,201,93,3355.402
V2C-0658,C7_GRAPH_STRUCTURED_RAG,True,233,95,3355.402
V2C-0670,C7_GRAPH_STRUCTURED_RAG,True,233,96,3355.402
V2C-0674,C7_GRAPH_STRUCTURED_RAG,True,233,96,3355.402
V2C-0681,C7_GRAPH_STRUCTURED_RAG,True,201,128,3355.402
V2C-0698,C7_GRAPH_STRUCTURED_RAG,True,233,96,3355.402
V2C-0700,C7_GRAPH_STRUCTURED_RAG,True,227,96,3355.402
V2C-0701,C7_GRAPH_STRUCTURED_RAG,True,201,128,3355.402
V2C-0708,C7_GRAPH_STRUCTURED_RAG,True,227,96,3355.402
V2C-0714,C7_GRAPH_STRUCTURED_RAG,True,233,95,3355.402
V2C-0717,C7_GRAPH_STRUCTURED_RAG,True,201,93,3355.402
V2C-0718,C7_GRAPH_STRUCTURED_RAG,True,233,96,3355.402
V2C-0722,C7_GRAPH_STRUCTURED_RAG,True,233,96,3355.402
V2C-0729,C7_GRAPH_STRUCTURED_RAG,True,201,93,3355.402
V2C-0735,C7_GRAPH_STRUCTURED_RAG,True,206,128,3355.402
V2C-0738,C7_GRAPH_STRUCTURED_RAG,True,233,95,3355.402
V2C-0744,C7_GRAPH_STRUCTURED_RAG,True,227,96,3355.402
V2C-0745,C7_GRAPH_STRUCTURED_RAG,True,201,93,3355.402
V2C-0757,C7_GRAPH_STRUCTURED_RAG,True,201,93,3355.402
V2C-0761,C7_GRAPH_STRUCTURED_RAG,True,201,128,3355.402
V2C-0767,C7_GRAPH_STRUCTURED_RAG,True,206,96,3355.402
V2C-0772,C7_GRAPH_STRUCTURED_RAG,True,227,96,3355.402
V2C-0773,C7_GRAPH_STRUCTURED_RAG,True,201,93,3355.402
V2C-0787,C7_GRAPH_STRUCTURED_RAG,True,206,98,3355.402
V2C-0790,C7_GRAPH_STRUCTURED_RAG,True,233,96,3355.402
V2C-0795,C7_GRAPH_STRUCTURED_RAG,True,206,128,3355.402
V2C-0796,C7_GRAPH_STRUCTURED_RAG,True,227,90,3355.402
V2C-0797,C7_GRAPH_STRUCTURED_RAG,True,201,93,3355.402
V2C-0801,C7_GRAPH_STRUCTURED_RAG,True,201,95,3355.402
V2C-0803,C7_GRAPH_STRUCTURED_RAG,True,206,96,3355.402
V2C-0811,C7_GRAPH_STRUCTURED_RAG,True,206,128,3355.402
V2C-0813,C7_GRAPH_STRUCTURED_RAG,True,201,93,3355.402
V2C-0815,C7_GRAPH_STRUCTURED_RAG,True,206,128,3355.402
V2C-0827,C7_GRAPH_STRUCTURED_RAG,True,206,98,3355.402
V2C-0835,C7_GRAPH_STRUCTURED_RAG,True,206,128,3355.402
V2C-0839,C7_GRAPH_STRUCTURED_RAG,True,206,96,3355.402
V2C-0842,C7_GRAPH_STRUCTURED_RAG,True,233,96,3355.402
V2C-0844,C7_GRAPH_STRUCTURED_RAG,True,227,96,3355.402
V2C-0847,C7_GRAPH_STRUCTURED_RAG,True,206,98,3355.402
V2C-0850,C7_GRAPH_STRUCTURED_RAG,True,233,96,3355.402
V2C-0851,C7_GRAPH_STRUCTURED_RAG,True,206,128,3355.402
V2C-0859,C7_GRAPH_STRUCTURED_RAG,True,206,96,3355.402
V2C-0862,C7_GRAPH_STRUCTURED_RAG,True,233,96,3355.402
V2C-0863,C7_GRAPH_STRUCTURED_RAG,True,206,96,3355.402
V2C-0867,C7_GRAPH_STRUCTURED_RAG,True,206,96,3355.402
V2C-0881,C7_GRAPH_STRUCTURED_RAG,True,201,128,3355.402
V2C-0886,C7_GRAPH_STRUCTURED_RAG,True,233,96,3355.402
V2C-0900,C7_GRAPH_STRUCTURED_RAG,True,227,96,3355.402
V2C-0901,C7_GRAPH_STRUCTURED_RAG,True,201,93,3355.402
V2C-0902,C7_GRAPH_STRUCTURED_RAG,True,233,96,3355.402
V2C-0903,C7_GRAPH_STRUCTURED_RAG,True,206,96,3355.402
V2C-0904,C7_GRAPH_STRUCTURED_RAG,True,227,96,3355.402
V2C-0907,C7_GRAPH_STRUCTURED_RAG,True,206,96,3355.402
V2C-0908,C7_GRAPH_STRUCTURED_RAG,True,227,96,3355.402
V2C-0909,C7_GRAPH_STRUCTURED_RAG,True,201,93,3355.402
V2C-0911,C7_GRAPH_STRUCTURED_RAG,True,206,128,3355.402
V2C-0912,C7_GRAPH_STRUCTURED_RAG,True,227,96,3355.402
V2C-0913,C7_GRAPH_STRUCTURED_RAG,True,201,93,3355.402
V2C-0914,C7_GRAPH_STRUCTURED_RAG,True,233,96,3355.402
V2C-0915,C7_GRAPH_STRUCTURED_RAG,True,206,128,3355.402
V2C-0916,C7_GRAPH_STRUCTURED_RAG,True,227,90,3355.402
V2C-0917,C7_GRAPH_STRUCTURED_RAG,True,201,93,3257.664
V2C-0918,C7_GRAPH_STRUCTURED_RAG,True,233,96,3257.664
V2C-0919,C7_GRAPH_STRUCTURED_RAG,True,206,98,3257.664
V2C-0921,C7_GRAPH_STRUCTURED_RAG,True,201,93,3257.664
V2C-0922,C7_GRAPH_STRUCTURED_RAG,True,233,96,3257.664
V2C-0923,C7_GRAPH_STRUCTURED_RAG,True,206,96,3257.664
V2C-0925,C7_GRAPH_STRUCTURED_RAG,True,201,94,3257.664
V2C-0926,C7_GRAPH_STRUCTURED_RAG,True,233,96,3257.664
V2C-0927,C7_GRAPH_STRUCTURED_RAG,True,206,98,3355.402
V2C-0928,C7_GRAPH_STRUCTURED_RAG,True,227,96,3355.402
V2C-0929,C7_GRAPH_STRUCTURED_RAG,True,201,93,3355.402
V2C-0930,C7_GRAPH_STRUCTURED_RAG,True,233,96,3355.402
V2C-0931,C7_GRAPH_STRUCTURED_RAG,True,206,128,3355.402
V2C-0932,C7_GRAPH_STRUCTURED_RAG,True,227,96,3355.402
V2C-0935,C7_GRAPH_STRUCTURED_RAG,True,206,128,3355.402
V2C-0936,C7_GRAPH_STRUCTURED_RAG,True,227,96,3355.402
V2C-0937,C7_GRAPH_STRUCTURED_RAG,True,201,93,3251.662
V2C-0938,C7_GRAPH_STRUCTURED_RAG,True,233,95,3251.662
V2C-0940,C7_GRAPH_STRUCTURED_RAG,True,227,96,3251.662
V2C-0941,C7_GRAPH_STRUCTURED_RAG,True,201,93,3251.662
V2C-0942,C7_GRAPH_STRUCTURED_RAG,True,233,96,3251.662
V2C-0944,C7_GRAPH_STRUCTURED_RAG,True,227,96,3251.662
V2C-0945,C7_GRAPH_STRUCTURED_RAG,True,201,93,3251.662
V2C-0947,C7_GRAPH_STRUCTURED_RAG,True,206,96,3251.662
V2C-0949,C7_GRAPH_STRUCTURED_RAG,True,201,93,3355.402
V2C-0950,C7_GRAPH_STRUCTURED_RAG,True,233,96,3355.402
V2C-0953,C7_GRAPH_STRUCTURED_RAG,True,201,93,3355.402
V2C-0954,C7_GRAPH_STRUCTURED_RAG,True,233,95,3355.402
V2C-0955,C7_GRAPH_STRUCTURED_RAG,True,206,128,3355.402
V2C-0957,C7_GRAPH_STRUCTURED_RAG,True,201,93,3355.402
V2C-0958,C7_GRAPH_STRUCTURED_RAG,True,233,94,3355.402
V2C-0960,C7_GRAPH_STRUCTURED_RAG,True,227,96,3355.402
V2C-0961,C7_GRAPH_STRUCTURED_RAG,True,201,128,3355.402
V2C-0965,C7_GRAPH_STRUCTURED_RAG,True,201,93,3355.402
V2C-0966,C7_GRAPH_STRUCTURED_RAG,True,233,96,3355.402
V2C-0969,C7_GRAPH_STRUCTURED_RAG,True,201,93,3355.402
V2C-0970,C7_GRAPH_STRUCTURED_RAG,True,233,96,3355.402
V2C-0972,C7_GRAPH_STRUCTURED_RAG,True,227,96,3355.402
V2C-0973,C7_GRAPH_STRUCTURED_RAG,True,201,93,3355.402
V2C-0974,C7_GRAPH_STRUCTURED_RAG,True,233,95,3355.402
V2C-0976,C7_GRAPH_STRUCTURED_RAG,True,227,96,3257.664
V2C-0977,C7_GRAPH_STRUCTURED_RAG,True,201,93,3257.664
V2C-0978,C7_GRAPH_STRUCTURED_RAG,True,233,95,3257.664
V2C-0979,C7_GRAPH_STRUCTURED_RAG,True,206,98,3257.664
V2C-0980,C7_GRAPH_STRUCTURED_RAG,True,227,96,3257.664
V2C-0981,C7_GRAPH_STRUCTURED_RAG,True,201,93,3257.664
V2C-0982,C7_GRAPH_STRUCTURED_RAG,True,233,95,3257.664
V2C-0988,C7_GRAPH_STRUCTURED_RAG,True,227,96,3257.664
V2C-0989,C7_GRAPH_STRUCTURED_RAG,True,201,93,3355.402
V2C-0990,C7_GRAPH_STRUCTURED_RAG,True,233,96,3355.402
V2C-0991,C7_GRAPH_STRUCTURED_RAG,True,206,128,3355.402
V2C-0994,C7_GRAPH_STRUCTURED_RAG,True,233,95,3355.402
V2C-0996,C7_GRAPH_STRUCTURED_RAG,True,227,90,3355.402
V2C-0999,C7_GRAPH_STRUCTURED_RAG,True,206,105,3355.402
V2C-1000,C7_GRAPH_STRUCTURED_RAG,True,145,112,3355.402
V2C-1001,C7_GRAPH_STRUCTURED_RAG,True,137,23,3355.402
V2C-1002,C7_GRAPH_STRUCTURED_RAG,True,148,128,3093.074
V2C-1003,C7_GRAPH_STRUCTURED_RAG,True,139,128,3093.074
V2C-1010,C7_GRAPH_STRUCTURED_RAG,True,148,128,3093.074
V2C-1011,C7_GRAPH_STRUCTURED_RAG,True,139,128,3093.074
V2C-1012,C7_GRAPH_STRUCTURED_RAG,True,145,27,3093.074
V2C-1013,C7_GRAPH_STRUCTURED_RAG,True,137,23,3093.074
V2C-1014,C7_GRAPH_STRUCTURED_RAG,True,148,128,3093.074
V2C-1015,C7_GRAPH_STRUCTURED_RAG,True,139,128,3093.074
V2C-1016,C7_GRAPH_STRUCTURED_RAG,True,145,28,3093.074
V2C-1017,C7_GRAPH_STRUCTURED_RAG,True,137,23,3093.074
V2C-1019,C7_GRAPH_STRUCTURED_RAG,True,139,128,3093.074
V2C-1020,C7_GRAPH_STRUCTURED_RAG,True,145,23,3093.074
V2C-1022,C7_GRAPH_STRUCTURED_RAG,True,148,128,3093.074
V2C-1024,C7_GRAPH_STRUCTURED_RAG,True,145,23,3093.074
V2C-1025,C7_GRAPH_STRUCTURED_RAG,True,137,23,3093.074
V2C-1026,C7_GRAPH_STRUCTURED_RAG,True,148,128,3093.074
V2C-1028,C7_GRAPH_STRUCTURED_RAG,True,145,27,3093.074
V2C-1030,C7_GRAPH_STRUCTURED_RAG,True,148,128,3093.074
V2C-1032,C7_GRAPH_STRUCTURED_RAG,True,145,27,3093.074
V2C-1033,C7_GRAPH_STRUCTURED_RAG,True,137,23,3093.074
V2C-1035,C7_GRAPH_STRUCTURED_RAG,True,139,128,3093.074
V2C-1036,C7_GRAPH_STRUCTURED_RAG,True,145,23,3093.074
V2C-1037,C7_GRAPH_STRUCTURED_RAG,True,137,23,3093.074
V2C-1039,C7_GRAPH_STRUCTURED_RAG,True,139,128,3093.074
V2C-1040,C7_GRAPH_STRUCTURED_RAG,True,145,23,3137.705
V2C-1043,C7_GRAPH_STRUCTURED_RAG,True,139,128,3137.705
V2C-1045,C7_GRAPH_STRUCTURED_RAG,True,137,23,3137.705
V2C-1046,C7_GRAPH_STRUCTURED_RAG,True,148,128,3137.705
V2C-1047,C7_GRAPH_STRUCTURED_RAG,True,139,128,3137.705
V2C-1049,C7_GRAPH_STRUCTURED_RAG,True,137,23,3137.705
V2C-1050,C7_GRAPH_STRUCTURED_RAG,True,162,25,3137.705
V2C-1055,C7_GRAPH_STRUCTURED_RAG,True,143,25,3137.705
V2C-1057,C7_GRAPH_STRUCTURED_RAG,True,143,25,2978.632
V2C-1061,C7_GRAPH_STRUCTURED_RAG,True,143,25,2978.632
V2C-1065,C7_GRAPH_STRUCTURED_RAG,True,143,25,2978.632
V2C-1070,C7_GRAPH_STRUCTURED_RAG,True,162,25,2978.632
V2C-1074,C7_GRAPH_STRUCTURED_RAG,True,162,76,2978.632
V2C-1076,C7_GRAPH_STRUCTURED_RAG,True,162,25,2978.632
V2C-1077,C7_GRAPH_STRUCTURED_RAG,True,143,25,2978.632
V2C-1079,C7_GRAPH_STRUCTURED_RAG,True,143,25,2978.632
V2C-1080,C7_GRAPH_STRUCTURED_RAG,True,162,90,3020.635
V2C-1082,C7_GRAPH_STRUCTURED_RAG,True,162,25,3020.635
V2C-1087,C7_GRAPH_STRUCTURED_RAG,True,143,25,3020.635
V2C-1088,C7_GRAPH_STRUCTURED_RAG,True,162,25,3020.635
V2C-1091,C7_GRAPH_STRUCTURED_RAG,True,143,25,3020.635
V2C-1093,C7_GRAPH_STRUCTURED_RAG,True,143,25,3020.635
V2C-1095,C7_GRAPH_STRUCTURED_RAG,True,143,25,3020.635
V2C-1096,C7_GRAPH_STRUCTURED_RAG,True,162,25,3020.635
V2C-1104,C7_GRAPH_STRUCTURED_RAG,True,159,128,3137.705
V2C-1107,C7_GRAPH_STRUCTURED_RAG,True,147,128,3137.705
V2C-1109,C7_GRAPH_STRUCTURED_RAG,True,145,128,3137.705
V2C-1110,C7_GRAPH_STRUCTURED_RAG,True,162,128,3137.705
V2C-1115,C7_GRAPH_STRUCTURED_RAG,True,147,128,3137.705
V2C-1116,C7_GRAPH_STRUCTURED_RAG,True,159,128,3137.705
V2C-1118,C7_GRAPH_STRUCTURED_RAG,True,162,128,3137.705
V2C-1119,C7_GRAPH_STRUCTURED_RAG,True,147,128,3137.705
V2C-1120,C7_GRAPH_STRUCTURED_RAG,True,159,128,3137.705
V2C-1123,C7_GRAPH_STRUCTURED_RAG,True,147,128,3137.705
V2C-1127,C7_GRAPH_STRUCTURED_RAG,True,147,128,3137.705
V2C-1128,C7_GRAPH_STRUCTURED_RAG,True,159,128,3137.705
V2C-1130,C7_GRAPH_STRUCTURED_RAG,True,162,128,3137.705
V2C-1133,C7_GRAPH_STRUCTURED_RAG,True,145,128,3137.705
V2C-1139,C7_GRAPH_STRUCTURED_RAG,True,147,128,3137.705
V2C-1141,C7_GRAPH_STRUCTURED_RAG,True,145,128,3137.705
V2C-1154,C7_GRAPH_STRUCTURED_RAG,True,233,96,3355.402
V2C-1155,C7_GRAPH_STRUCTURED_RAG,True,206,128,3355.402
V2C-1156,C7_GRAPH_STRUCTURED_RAG,True,227,90,3355.402
V2C-1158,C7_GRAPH_STRUCTURED_RAG,True,233,86,3355.402
V2C-1160,C7_GRAPH_STRUCTURED_RAG,True,227,90,3355.402
V2C-1162,C7_GRAPH_STRUCTURED_RAG,True,233,96,3355.402
V2C-1163,C7_GRAPH_STRUCTURED_RAG,True,206,96,3355.402
V2C-1164,C7_GRAPH_STRUCTURED_RAG,True,227,95,3355.402
V2C-1171,C7_GRAPH_STRUCTURED_RAG,True,206,128,3355.402
V2C-1173,C7_GRAPH_STRUCTURED_RAG,True,201,93,3355.402
V2C-1175,C7_GRAPH_STRUCTURED_RAG,True,206,128,3355.402
V2C-1178,C7_GRAPH_STRUCTURED_RAG,True,233,96,3355.402
V2C-1187,C7_GRAPH_STRUCTURED_RAG,True,206,96,3355.402
V2C-1190,C7_GRAPH_STRUCTURED_RAG,True,233,96,3355.402
V2C-1194,C7_GRAPH_STRUCTURED_RAG,True,233,96,3355.402
V2C-1199,C7_GRAPH_STRUCTURED_RAG,True,206,96,3355.402
EXT-ADVERSARIAL-0002,C8_FINAL_UIR_B6,False,0,0,0.0
EXT-ADVERSARIAL-0003,C8_FINAL_UIR_B6,False,0,0,0.0
EXT-ADVERSARIAL-0005,C8_FINAL_UIR_B6,False,0,0,0.0
EXT-ADVERSARIAL-0014,C8_FINAL_UIR_B6,False,0,0,0.0
EXT-ADVERSARIAL-0015,C8_FINAL_UIR_B6,False,0,0,0.0
EXT-ADVERSARIAL-0018,C8_FINAL_UIR_B6,False,0,0,0.0
EXT-ADVERSARIAL-0021,C8_FINAL_UIR_B6,False,0,0,0.0
EXT-ADVERSARIAL-0025,C8_FINAL_UIR_B6,False,0,0,0.0
EXT-ADVERSARIAL-0026,C8_FINAL_UIR_B6,False,0,0,0.0
EXT-ADVERSARIAL-0028,C8_FINAL_UIR_B6,False,0,0,0.0
EXT-ADVERSARIAL-0029,C8_FINAL_UIR_B6,False,0,0,0.0
EXT-ADVERSARIAL-0031,C8_FINAL_UIR_B6,False,0,0,0.0
EXT-ADVERSARIAL-0032,C8_FINAL_UIR_B6,False,0,0,0.0
EXT-ADVERSARIAL-0034,C8_FINAL_UIR_B6,False,0,0,0.0
EXT-ADVERSARIAL-0039,C8_FINAL_UIR_B6,False,0,0,0.0
EXT-ADVERSARIAL-0044,C8_FINAL_UIR_B6,False,0,0,0.0
EXT-ADVERSARIAL-0050,C8_FINAL_UIR_B6,False,0,0,0.0
EXT-ADVERSARIAL-0051,C8_FINAL_UIR_B6,False,0,0,0.0
EXT-ADVERSARIAL-0056,C8_FINAL_UIR_B6,False,0,0,0.0
EXT-ADVERSARIAL-0058,C8_FINAL_UIR_B6,False,0,0,0.0
EXT-ADVERSARIAL-0061,C8_FINAL_UIR_B6,False,0,0,0.0
EXT-ADVERSARIAL-0063,C8_FINAL_UIR_B6,False,0,0,0.0
EXT-ADVERSARIAL-0071,C8_FINAL_UIR_B6,False,0,0,0.0
EXT-ADVERSARIAL-0073,C8_FINAL_UIR_B6,False,0,0,0.0
EXT-ADVERSARIAL-0076,C8_FINAL_UIR_B6,False,0,0,0.0
EXT-ADVERSARIAL-0078,C8_FINAL_UIR_B6,False,0,0,0.0
EXT-ADVERSARIAL-0082,C8_FINAL_UIR_B6,False,0,0,0.0
EXT-ADVERSARIAL-0084,C8_FINAL_UIR_B6,False,0,0,0.0
EXT-ADVERSARIAL-0085,C8_FINAL_UIR_B6,False,0,0,0.0
EXT-ADVERSARIAL-0089,C8_FINAL_UIR_B6,False,0,0,0.0
EXT-ADVERSARIAL-0093,C8_FINAL_UIR_B6,False,0,0,0.0
EXT-ADVERSARIAL-0095,C8_FINAL_UIR_B6,False,0,0,0.0
EXT-ADVERSARIAL-0097,C8_FINAL_UIR_B6,False,0,0,0.0
EXT-ADVERSARIAL-0098,C8_FINAL_UIR_B6,False,0,0,0.0
EXT-AMBIGUOUS-0003,C8_FINAL_UIR_B6,False,0,0,0.0
EXT-AMBIGUOUS-0004,C8_FINAL_UIR_B6,False,0,0,0.0
EXT-AMBIGUOUS-0014,C8_FINAL_UIR_B6,False,0,0,0.0
EXT-AMBIGUOUS-0015,C8_FINAL_UIR_B6,False,0,0,0.0
EXT-AMBIGUOUS-0024,C8_FINAL_UIR_B6,False,0,0,0.0
EXT-AMBIGUOUS-0026,C8_FINAL_UIR_B6,False,0,0,0.0
EXT-AMBIGUOUS-0028,C8_FINAL_UIR_B6,False,0,0,0.0
EXT-AMBIGUOUS-0033,C8_FINAL_UIR_B6,False,0,0,0.0
EXT-AMBIGUOUS-0035,C8_FINAL_UIR_B6,False,0,0,0.0
EXT-AMBIGUOUS-0039,C8_FINAL_UIR_B6,False,0,0,0.0
EXT-AMBIGUOUS-0041,C8_FINAL_UIR_B6,False,0,0,0.0
EXT-AMBIGUOUS-0044,C8_FINAL_UIR_B6,False,0,0,0.0
EXT-AMBIGUOUS-0049,C8_FINAL_UIR_B6,False,0,0,0.0
EXT-AMBIGUOUS-0050,C8_FINAL_UIR_B6,False,0,0,0.0
EXT-INVALID_ENTITY-0004,C8_FINAL_UIR_B6,False,0,0,0.0
EXT-INVALID_ENTITY-0006,C8_FINAL_UIR_B6,False,0,0,0.0
EXT-INVALID_ENTITY-0009,C8_FINAL_UIR_B6,False,0,0,0.0
EXT-INVALID_ENTITY-0011,C8_FINAL_UIR_B6,False,0,0,0.0
EXT-INVALID_ENTITY-0013,C8_FINAL_UIR_B6,False,0,0,0.0
EXT-INVALID_ENTITY-0022,C8_FINAL_UIR_B6,False,0,0,0.0
EXT-INVALID_ENTITY-0026,C8_FINAL_UIR_B6,False,0,0,0.0
EXT-INVALID_ENTITY-0033,C8_FINAL_UIR_B6,False,0,0,0.0
EXT-INVALID_ENTITY-0034,C8_FINAL_UIR_B6,False,0,0,0.0
EXT-INVALID_ENTITY-0035,C8_FINAL_UIR_B6,False,0,0,0.0
EXT-INVALID_ENTITY-0036,C8_FINAL_UIR_B6,False,0,0,0.0
EXT-INVALID_ENTITY-0037,C8_FINAL_UIR_B6,False,0,0,0.0
EXT-INVALID_ENTITY-0038,C8_FINAL_UIR_B6,False,0,0,0.0
EXT-INVALID_ENTITY-0039,C8_FINAL_UIR_B6,False,0,0,0.0
EXT-INVALID_ENTITY-0040,C8_FINAL_UIR_B6,False,0,0,0.0
EXT-INVALID_ENTITY-0042,C8_FINAL_UIR_B6,False,0,0,0.0
EXT-INVALID_ENTITY-0043,C8_FINAL_UIR_B6,False,0,0,0.0
EXT-INVALID_ENTITY-0045,C8_FINAL_UIR_B6,False,0,0,0.0
EXT-INVALID_ENTITY-0047,C8_FINAL_UIR_B6,False,0,0,0.0
EXT-INVALID_ENTITY-0050,C8_FINAL_UIR_B6,False,0,0,0.0
EXT-INVALID_ENTITY-0053,C8_FINAL_UIR_B6,False,0,0,0.0
EXT-INVALID_ENTITY-0054,C8_FINAL_UIR_B6,False,0,0,0.0
EXT-INVALID_ENTITY-0065,C8_FINAL_UIR_B6,False,0,0,0.0
EXT-INVALID_ENTITY-0066,C8_FINAL_UIR_B6,False,0,0,0.0
EXT-INVALID_ENTITY-0069,C8_FINAL_UIR_B6,False,0,0,0.0
EXT-INVALID_ENTITY-0070,C8_FINAL_UIR_B6,False,0,0,0.0
EXT-INVALID_ENTITY-0073,C8_FINAL_UIR_B6,False,0,0,0.0
EXT-INVALID_ENTITY-0077,C8_FINAL_UIR_B6,False,0,0,0.0
EXT-INVALID_ENTITY-0078,C8_FINAL_UIR_B6,False,0,0,0.0
EXT-INVALID_ENTITY-0079,C8_FINAL_UIR_B6,False,0,0,0.0
EXT-INVALID_ENTITY-0080,C8_FINAL_UIR_B6,False,0,0,0.0
EXT-INVALID_ENTITY-0083,C8_FINAL_UIR_B6,False,0,0,0.0
EXT-INVALID_ENTITY-0084,C8_FINAL_UIR_B6,False,0,0,0.0
EXT-INVALID_ENTITY-0086,C8_FINAL_UIR_B6,False,0,0,0.0
EXT-INVALID_ENTITY-0093,C8_FINAL_UIR_B6,False,0,0,0.0
EXT-INVALID_ENTITY-0098,C8_FINAL_UIR_B6,False,0,0,0.0
EXT-NUMERIC_PROVENANCE-0008,C8_FINAL_UIR_B6,False,0,0,0.0
EXT-NUMERIC_PROVENANCE-0009,C8_FINAL_UIR_B6,False,0,0,0.0
EXT-NUMERIC_PROVENANCE-0012,C8_FINAL_UIR_B6,False,0,0,0.0
EXT-NUMERIC_PROVENANCE-0013,C8_FINAL_UIR_B6,False,0,0,0.0
EXT-NUMERIC_PROVENANCE-0015,C8_FINAL_UIR_B6,False,0,0,0.0
EXT-NUMERIC_PROVENANCE-0016,C8_FINAL_UIR_B6,False,0,0,0.0
EXT-NUMERIC_PROVENANCE-0017,C8_FINAL_UIR_B6,False,0,0,0.0
EXT-NUMERIC_PROVENANCE-0018,C8_FINAL_UIR_B6,False,0,0,0.0
EXT-NUMERIC_PROVENANCE-0019,C8_FINAL_UIR_B6,False,0,0,0.0
EXT-NUMERIC_PROVENANCE-0020,C8_FINAL_UIR_B6,False,0,0,0.0
EXT-NUMERIC_PROVENANCE-0021,C8_FINAL_UIR_B6,False,0,0,0.0
EXT-NUMERIC_PROVENANCE-0029,C8_FINAL_UIR_B6,False,0,0,0.0
EXT-NUMERIC_PROVENANCE-0031,C8_FINAL_UIR_B6,False,0,0,0.0
EXT-NUMERIC_PROVENANCE-0033,C8_FINAL_UIR_B6,False,0,0,0.0
EXT-NUMERIC_PROVENANCE-0035,C8_FINAL_UIR_B6,False,0,0,0.0
EXT-NUMERIC_PROVENANCE-0038,C8_FINAL_UIR_B6,False,0,0,0.0
EXT-NUMERIC_PROVENANCE-0039,C8_FINAL_UIR_B6,False,0,0,0.0
EXT-NUMERIC_PROVENANCE-0047,C8_FINAL_UIR_B6,False,0,0,0.0
EXT-PAIR-0001-KO,C8_FINAL_UIR_B6,False,0,0,0.0
EXT-PAIR-0004-EN,C8_FINAL_UIR_B6,False,0,0,0.0
EXT-PAIR-0004-KO,C8_FINAL_UIR_B6,False,0,0,0.0
EXT-PAIR-0007-EN,C8_FINAL_UIR_B6,False,0,0,0.0
EXT-PAIR-0009-EN,C8_FINAL_UIR_B6,False,0,0,0.0
EXT-PAIR-0010-EN,C8_FINAL_UIR_B6,False,0,0,0.0
EXT-PAIR-0013-EN,C8_FINAL_UIR_B6,False,0,0,0.0
EXT-PAIR-0013-KO,C8_FINAL_UIR_B6,False,0,0,0.0
EXT-PAIR-0021-KO,C8_FINAL_UIR_B6,False,0,0,0.0
EXT-PAIR-0026-EN,C8_FINAL_UIR_B6,False,0,0,0.0
EXT-PAIR-0026-KO,C8_FINAL_UIR_B6,False,0,0,0.0
EXT-PAIR-0027-KO,C8_FINAL_UIR_B6,False,0,0,0.0
EXT-PAIR-0029-KO,C8_FINAL_UIR_B6,False,0,0,0.0
EXT-PAIR-0030-EN,C8_FINAL_UIR_B6,False,0,0,0.0
EXT-PAIR-0034-EN,C8_FINAL_UIR_B6,False,0,0,0.0
EXT-PAIR-0035-KO,C8_FINAL_UIR_B6,False,0,0,0.0
EXT-PAIR-0039-KO,C8_FINAL_UIR_B6,False,0,0,0.0
EXT-PAIR-0040-EN,C8_FINAL_UIR_B6,False,0,0,0.0
EXT-PAIR-0041-EN,C8_FINAL_UIR_B6,False,0,0,0.0
EXT-PAIR-0043-KO,C8_FINAL_UIR_B6,False,0,0,0.0
EXT-PAIR-0047-KO,C8_FINAL_UIR_B6,False,0,0,0.0
EXT-PAIR-0048-EN,C8_FINAL_UIR_B6,False,0,0,0.0
EXT-PAIR-0049-KO,C8_FINAL_UIR_B6,False,0,0,0.0
EXT-PAIR-0055-EN,C8_FINAL_UIR_B6,False,0,0,0.0
EXT-PAIR-0056-EN,C8_FINAL_UIR_B6,False,0,0,0.0
EXT-PAIR-0063-KO,C8_FINAL_UIR_B6,False,0,0,0.0
EXT-PAIR-0064-EN,C8_FINAL_UIR_B6,False,0,0,0.0
EXT-PAIR-0072-EN,C8_FINAL_UIR_B6,False,0,0,0.0
EXT-PAIR-0073-KO,C8_FINAL_UIR_B6,False,0,0,0.0
EXT-PAIR-0078-KO,C8_FINAL_UIR_B6,False,0,0,0.0
EXT-PAIR-0080-EN,C8_FINAL_UIR_B6,False,0,0,0.0
EXT-PAIR-0080-KO,C8_FINAL_UIR_B6,False,0,0,0.0
EXT-PAIR-0082-EN,C8_FINAL_UIR_B6,False,0,0,0.0
EXT-PAIR-0083-KO,C8_FINAL_UIR_B6,False,0,0,0.0
EXT-PAIR-0085-EN,C8_FINAL_UIR_B6,False,0,0,0.0
EXT-PAIR-0088-EN,C8_FINAL_UIR_B6,False,0,0,0.0
EXT-PAIR-0089-EN,C8_FINAL_UIR_B6,False,0,0,0.0
EXT-PAIR-0091-EN,C8_FINAL_UIR_B6,False,0,0,0.0
EXT-PAIR-0091-KO,C8_FINAL_UIR_B6,False,0,0,0.0
EXT-PAIR-0094-EN,C8_FINAL_UIR_B6,False,0,0,0.0
EXT-PAIR-0096-EN,C8_FINAL_UIR_B6,False,0,0,0.0
EXT-PAIR-0099-KO,C8_FINAL_UIR_B6,False,0,0,0.0
EXT-PAIR-0104-KO,C8_FINAL_UIR_B6,False,0,0,0.0
EXT-PAIR-0109-KO,C8_FINAL_UIR_B6,False,0,0,0.0
EXT-PAIR-0115-KO,C8_FINAL_UIR_B6,False,0,0,0.0
EXT-PAIR-0116-KO,C8_FINAL_UIR_B6,False,0,0,0.0
EXT-PAIR-0117-EN,C8_FINAL_UIR_B6,False,0,0,0.0
EXT-PAIR-0121-EN,C8_FINAL_UIR_B6,False,0,0,0.0
EXT-PAIR-0128-KO,C8_FINAL_UIR_B6,False,0,0,0.0
EXT-PAIR-0136-KO,C8_FINAL_UIR_B6,False,0,0,0.0
EXT-PAIR-0140-EN,C8_FINAL_UIR_B6,False,0,0,0.0
EXT-PAIR-0140-KO,C8_FINAL_UIR_B6,False,0,0,0.0
EXT-PAIR-0143-EN,C8_FINAL_UIR_B6,False,0,0,0.0
EXT-PAIR-0144-EN,C8_FINAL_UIR_B6,False,0,0,0.0
EXT-PAIR-0146-EN,C8_FINAL_UIR_B6,False,0,0,0.0
EXT-PAIR-0148-EN,C8_FINAL_UIR_B6,False,0,0,0.0
EXT-PAIR-0148-KO,C8_FINAL_UIR_B6,False,0,0,0.0
EXT-PAIR-0149-KO,C8_FINAL_UIR_B6,False,0,0,0.0
EXT-PAIR-0150-KO,C8_FINAL_UIR_B6,False,0,0,0.0
EXT-PAIR-0152-KO,C8_FINAL_UIR_B6,False,0,0,0.0
EXT-PAIR-0154-KO,C8_FINAL_UIR_B6,False,0,0,0.0
EXT-PAIR-0157-KO,C8_FINAL_UIR_B6,False,0,0,0.0
EXT-PAIR-0159-EN,C8_FINAL_UIR_B6,False,0,0,0.0
EXT-PAIR-0161-EN,C8_FINAL_UIR_B6,False,0,0,0.0
EXT-PAIR-0162-EN,C8_FINAL_UIR_B6,False,0,0,0.0
EXT-PAIR-0166-EN,C8_FINAL_UIR_B6,False,0,0,0.0
EXT-PAIR-0166-KO,C8_FINAL_UIR_B6,False,0,0,0.0
EXT-PAIR-0167-EN,C8_FINAL_UIR_B6,False,0,0,0.0
EXT-PAIR-0169-EN,C8_FINAL_UIR_B6,False,0,0,0.0
EXT-PAIR-0170-EN,C8_FINAL_UIR_B6,False,0,0,0.0
EXT-PAIR-0174-KO,C8_FINAL_UIR_B6,False,0,0,0.0
EXT-PAIR-0175-EN,C8_FINAL_UIR_B6,False,0,0,0.0
EXT-PAIR-0179-EN,C8_FINAL_UIR_B6,False,0,0,0.0
EXT-PAIR-0184-KO,C8_FINAL_UIR_B6,False,0,0,0.0
EXT-PAIR-0191-EN,C8_FINAL_UIR_B6,False,0,0,0.0
EXT-PAIR-0191-KO,C8_FINAL_UIR_B6,False,0,0,0.0
EXT-PAIR-0193-EN,C8_FINAL_UIR_B6,False,0,0,0.0
EXT-PAIR-0194-EN,C8_FINAL_UIR_B6,False,0,0,0.0
EXT-PAIR-0194-KO,C8_FINAL_UIR_B6,False,0,0,0.0
EXT-PAIR-0195-EN,C8_FINAL_UIR_B6,False,0,0,0.0
EXT-PAIR-0195-KO,C8_FINAL_UIR_B6,False,0,0,0.0
EXT-PARAPHRASE-0003,C8_FINAL_UIR_B6,False,0,0,0.0
EXT-PARAPHRASE-0004,C8_FINAL_UIR_B6,False,0,0,0.0
EXT-PARAPHRASE-0005,C8_FINAL_UIR_B6,False,0,0,0.0
EXT-PARAPHRASE-0020,C8_FINAL_UIR_B6,False,0,0,0.0
EXT-PARAPHRASE-0026,C8_FINAL_UIR_B6,False,0,0,0.0
EXT-PARAPHRASE-0028,C8_FINAL_UIR_B6,False,0,0,0.0
EXT-PARAPHRASE-0030,C8_FINAL_UIR_B6,False,0,0,0.0
EXT-PARAPHRASE-0034,C8_FINAL_UIR_B6,False,0,0,0.0
EXT-PARAPHRASE-0039,C8_FINAL_UIR_B6,False,0,0,0.0
EXT-PARAPHRASE-0069,C8_FINAL_UIR_B6,False,0,0,0.0
EXT-PARAPHRASE-0076,C8_FINAL_UIR_B6,False,0,0,0.0
EXT-PARAPHRASE-0080,C8_FINAL_UIR_B6,False,0,0,0.0
EXT-PARAPHRASE-0091,C8_FINAL_UIR_B6,False,0,0,0.0
EXT-PARAPHRASE-0097,C8_FINAL_UIR_B6,False,0,0,0.0
EXT-PARAPHRASE-0101,C8_FINAL_UIR_B6,False,0,0,0.0
EXT-PARAPHRASE-0114,C8_FINAL_UIR_B6,False,0,0,0.0
EXT-PARAPHRASE-0121,C8_FINAL_UIR_B6,False,0,0,0.0
EXT-PARAPHRASE-0150,C8_FINAL_UIR_B6,False,0,0,0.0
EXT-PARAPHRASE-0154,C8_FINAL_UIR_B6,False,0,0,0.0
EXT-PARAPHRASE-0158,C8_FINAL_UIR_B6,False,0,0,0.0
EXT-PARAPHRASE-0159,C8_FINAL_UIR_B6,False,0,0,0.0
EXT-PARAPHRASE-0162,C8_FINAL_UIR_B6,False,0,0,0.0
EXT-PARAPHRASE-0166,C8_FINAL_UIR_B6,False,0,0,0.0
EXT-PARAPHRASE-0172,C8_FINAL_UIR_B6,False,0,0,0.0
EXT-PARAPHRASE-0176,C8_FINAL_UIR_B6,False,0,0,0.0
EXT-PARAPHRASE-0183,C8_FINAL_UIR_B6,False,0,0,0.0
EXT-PARAPHRASE-0191,C8_FINAL_UIR_B6,False,0,0,0.0
EXT-PARAPHRASE-0194,C8_FINAL_UIR_B6,False,0,0,0.0
EXT-PARAPHRASE-0197,C8_FINAL_UIR_B6,False,0,0,0.0
EXT-POLICY_CONFLICT-0001,C8_FINAL_UIR_B6,False,0,0,0.0
EXT-POLICY_CONFLICT-0010,C8_FINAL_UIR_B6,False,0,0,0.0
EXT-POLICY_CONFLICT-0012,C8_FINAL_UIR_B6,False,0,0,0.0
EXT-POLICY_CONFLICT-0015,C8_FINAL_UIR_B6,False,0,0,0.0
EXT-POLICY_CONFLICT-0017,C8_FINAL_UIR_B6,False,0,0,0.0
EXT-POLICY_CONFLICT-0019,C8_FINAL_UIR_B6,False,0,0,0.0
EXT-POLICY_CONFLICT-0022,C8_FINAL_UIR_B6,False,0,0,0.0
EXT-POLICY_CONFLICT-0027,C8_FINAL_UIR_B6,False,0,0,0.0
EXT-POLICY_CONFLICT-0030,C8_FINAL_UIR_B6,False,0,0,0.0
EXT-POLICY_CONFLICT-0034,C8_FINAL_UIR_B6,False,0,0,0.0
EXT-POLICY_CONFLICT-0043,C8_FINAL_UIR_B6,False,0,0,0.0
EXT-POLICY_CONFLICT-0044,C8_FINAL_UIR_B6,False,0,0,0.0
EXT-POLICY_CONFLICT-0055,C8_FINAL_UIR_B6,False,0,0,0.0
EXT-POLICY_CONFLICT-0056,C8_FINAL_UIR_B6,False,0,0,0.0
EXT-POLICY_CONFLICT-0057,C8_FINAL_UIR_B6,False,0,0,0.0
EXT-POLICY_CONFLICT-0060,C8_FINAL_UIR_B6,False,0,0,0.0
EXT-POLICY_CONFLICT-0061,C8_FINAL_UIR_B6,False,0,0,0.0
EXT-POLICY_CONFLICT-0062,C8_FINAL_UIR_B6,False,0,0,0.0
EXT-POLICY_CONFLICT-0065,C8_FINAL_UIR_B6,False,0,0,0.0
EXT-POLICY_CONFLICT-0066,C8_FINAL_UIR_B6,False,0,0,0.0
EXT-POLICY_CONFLICT-0071,C8_FINAL_UIR_B6,False,0,0,0.0
EXT-POLICY_CONFLICT-0073,C8_FINAL_UIR_B6,False,0,0,0.0
EXT-POLICY_CONFLICT-0075,C8_FINAL_UIR_B6,False,0,0,0.0
EXT-POLICY_CONFLICT-0080,C8_FINAL_UIR_B6,False,0,0,0.0
EXT-POLICY_CONFLICT-0081,C8_FINAL_UIR_B6,False,0,0,0.0
EXT-POLICY_CONFLICT-0086,C8_FINAL_UIR_B6,False,0,0,0.0
EXT-POLICY_CONFLICT-0091,C8_FINAL_UIR_B6,False,0,0,0.0
EXT-POLICY_CONFLICT-0094,C8_FINAL_UIR_B6,False,0,0,0.0
EXT-POLICY_CONFLICT-0095,C8_FINAL_UIR_B6,False,0,0,0.0
EXT-POLICY_CONFLICT-0098,C8_FINAL_UIR_B6,False,0,0,0.0
EXT-POLICY_CONFLICT-0099,C8_FINAL_UIR_B6,False,0,0,0.0
EXT-POLICY_CONFLICT-0100,C8_FINAL_UIR_B6,False,0,0,0.0
SEC3B-000-EN,C8_FINAL_UIR_B6,True,403,31,3828.957
SEC3B-000-KO,C8_FINAL_UIR_B6,True,431,45,3828.957
SEC3B-001-KO,C8_FINAL_UIR_B6,True,431,29,3828.957
SEC3B-002-EN,C8_FINAL_UIR_B6,True,415,35,3828.957
SEC3B-005-EN,C8_FINAL_UIR_B6,True,418,49,3828.957
SEC3B-005-KO,C8_FINAL_UIR_B6,True,446,45,3828.957
SEC3B-009-KO,C8_FINAL_UIR_B6,True,431,45,3828.957
SEC3B-010-EN,C8_FINAL_UIR_B6,True,415,49,3828.957
SEC3B-012-EN,C8_FINAL_UIR_B6,True,418,49,3828.957
SEC3B-012-KO,C8_FINAL_UIR_B6,True,446,46,3828.957
SEC3B-013-EN,C8_FINAL_UIR_B6,True,418,35,3828.957
SEC3B-014-KO,C8_FINAL_UIR_B6,True,435,32,3828.957
SEC3B-015-EN,C8_FINAL_UIR_B6,True,407,31,3828.957
SEC3B-016-EN,C8_FINAL_UIR_B6,True,396,48,3828.957
SEC3B-016-KO,C8_FINAL_UIR_B6,True,424,44,3828.957
SEC3B-018-EN,C8_FINAL_UIR_B6,True,408,48,3828.957
SEC3B-020-EN,C8_FINAL_UIR_B6,True,411,34,3828.957
SEC3B-020-KO,C8_FINAL_UIR_B6,True,439,43,3828.957
SEC3B-021-KO,C8_FINAL_UIR_B6,True,439,43,3828.957
SEC3B-023-EN,C8_FINAL_UIR_B6,True,400,49,3828.957
SEC3B-025-EN,C8_FINAL_UIR_B6,True,403,49,3828.957
SEC3B-025-KO,C8_FINAL_UIR_B6,True,431,45,3828.957
SEC3B-026-EN,C8_FINAL_UIR_B6,True,415,33,3828.957
SEC3B-028-KO,C8_FINAL_UIR_B6,True,446,46,3828.957
SEC3B-030-EN,C8_FINAL_UIR_B6,True,396,43,3799.181
SEC3B-030-KO,C8_FINAL_UIR_B6,True,424,44,3799.181
SEC3B-031-EN,C8_FINAL_UIR_B6,True,396,43,3799.181
SEC3B-032-EN,C8_FINAL_UIR_B6,True,408,48,3799.181
SEC3B-032-KO,C8_FINAL_UIR_B6,True,436,29,3799.181
SEC3B-034-EN,C8_FINAL_UIR_B6,True,411,48,3799.181
SEC3B-037-KO,C8_FINAL_UIR_B6,True,428,29,3799.181
SEC3B-038-KO,C8_FINAL_UIR_B6,True,438,30,3799.181
SEC3B-039-EN,C8_FINAL_UIR_B6,True,410,44,3854.245
SEC3B-040-KO,C8_FINAL_UIR_B6,True,450,47,3854.245
SEC3B-043-EN,C8_FINAL_UIR_B6,True,425,49,3854.245
SEC3B-043-KO,C8_FINAL_UIR_B6,True,453,45,3854.245
SEC3B-044-KO,C8_FINAL_UIR_B6,True,442,33,3854.245
SEC3B-045-EN,C8_FINAL_UIR_B6,True,414,38,3854.245
SEC3B-048-KO,C8_FINAL_UIR_B6,True,436,43,3854.245
SEC3B-050-EN,C8_FINAL_UIR_B6,True,411,34,3854.245
SEC3B-051-KO,C8_FINAL_UIR_B6,True,439,44,3802.793
SEC3B-052-EN,C8_FINAL_UIR_B6,True,400,30,3802.793
SEC3B-053-EN,C8_FINAL_UIR_B6,True,400,30,3802.793
SEC3B-054-KO,C8_FINAL_UIR_B6,True,424,30,3802.793
SEC3B-059-EN,C8_FINAL_UIR_B6,True,411,34,3802.793
SEC3B-060-EN,C8_FINAL_UIR_B6,True,400,30,3802.793
SEC3B-061-EN,C8_FINAL_UIR_B6,True,400,30,3802.793
SEC3B-069-KO,C8_FINAL_UIR_B6,True,431,45,3802.793
SEC3B-071-EN,C8_FINAL_UIR_B6,True,415,33,3828.957
SEC3B-072-EN,C8_FINAL_UIR_B6,True,418,47,3828.957
SEC3B-073-KO,C8_FINAL_UIR_B6,True,446,43,3828.957
SEC3B-076-EN,C8_FINAL_UIR_B6,True,396,43,3828.957
SEC3B-077-EN,C8_FINAL_UIR_B6,True,396,43,3828.957
SEC3B-078-EN,C8_FINAL_UIR_B6,True,408,48,3828.957
SEC3B-081-KO,C8_FINAL_UIR_B6,True,439,44,3828.957
SEC3B-082-EN,C8_FINAL_UIR_B6,True,403,32,3828.957
SEC3B-084-EN,C8_FINAL_UIR_B6,True,415,49,3828.957
SEC3B-086-KO,C8_FINAL_UIR_B6,True,446,30,3828.957
SEC3B-087-KO,C8_FINAL_UIR_B6,True,446,30,3828.957
SEC3B-088-EN,C8_FINAL_UIR_B6,True,407,30,3828.957
SEC3B-089-EN,C8_FINAL_UIR_B6,True,407,30,3828.957
SEC3B-090-EN,C8_FINAL_UIR_B6,True,397,31,3828.957
SEC3B-090-KO,C8_FINAL_UIR_B6,True,425,44,3828.957
SEC3B-093-EN,C8_FINAL_UIR_B6,True,409,51,3828.957
SEC3B-093-KO,C8_FINAL_UIR_B6,True,437,45,3795.569
SEC3B-099-KO,C8_FINAL_UIR_B6,True,424,44,3795.569
V2C-0004,C8_FINAL_UIR_B6,True,192,32,3795.569
V2C-0010,C8_FINAL_UIR_B6,True,198,35,3795.569
V2C-0016,C8_FINAL_UIR_B6,True,192,32,3795.569
V2C-0018,C8_FINAL_UIR_B6,True,198,35,3795.569
V2C-0020,C8_FINAL_UIR_B6,True,192,32,3795.569
V2C-0026,C8_FINAL_UIR_B6,True,198,34,3795.569
V2C-0027,C8_FINAL_UIR_B6,True,170,41,2981.638
V2C-0030,C8_FINAL_UIR_B6,True,198,34,2981.638
V2C-0032,C8_FINAL_UIR_B6,True,192,32,2981.638
V2C-0034,C8_FINAL_UIR_B6,True,198,34,2981.638
V2C-0048,C8_FINAL_UIR_B6,True,192,32,2981.638
V2C-0056,C8_FINAL_UIR_B6,True,192,32,2981.638
V2C-0061,C8_FINAL_UIR_B6,True,164,40,2981.638
V2C-0066,C8_FINAL_UIR_B6,True,198,35,2981.638
V2C-0072,C8_FINAL_UIR_B6,True,192,32,2981.638
V2C-0078,C8_FINAL_UIR_B6,True,198,34,2981.638
V2C-0084,C8_FINAL_UIR_B6,True,192,32,2981.638
V2C-0087,C8_FINAL_UIR_B6,True,170,41,2981.638
V2C-0116,C8_FINAL_UIR_B6,True,192,32,2981.638
V2C-0127,C8_FINAL_UIR_B6,True,170,41,2981.638
V2C-0128,C8_FINAL_UIR_B6,True,192,32,2981.638
V2C-0137,C8_FINAL_UIR_B6,True,164,40,2981.638
V2C-0148,C8_FINAL_UIR_B6,True,192,32,2960.635
V2C-0156,C8_FINAL_UIR_B6,True,192,32,2960.635
V2C-0172,C8_FINAL_UIR_B6,True,192,32,2960.635
V2C-0176,C8_FINAL_UIR_B6,True,192,32,2960.635
V2C-0181,C8_FINAL_UIR_B6,True,164,40,2960.635
V2C-0184,C8_FINAL_UIR_B6,True,192,32,2960.635
V2C-0197,C8_FINAL_UIR_B6,True,164,40,2960.635
V2C-0201,C8_FINAL_UIR_B6,True,164,40,2960.635
V2C-0202,C8_FINAL_UIR_B6,True,198,37,2999.639
V2C-0207,C8_FINAL_UIR_B6,True,170,42,2999.639
V2C-0210,C8_FINAL_UIR_B6,True,198,35,2999.639
V2C-0219,C8_FINAL_UIR_B6,True,170,47,2999.639
V2C-0221,C8_FINAL_UIR_B6,True,164,40,2999.639
V2C-0223,C8_FINAL_UIR_B6,True,170,47,2999.639
V2C-0229,C8_FINAL_UIR_B6,True,164,40,2999.639
V2C-0263,C8_FINAL_UIR_B6,True,170,47,2999.639
V2C-0265,C8_FINAL_UIR_B6,True,164,40,2978.638
V2C-0274,C8_FINAL_UIR_B6,True,198,39,2978.638
V2C-0276,C8_FINAL_UIR_B6,True,192,32,2978.638
V2C-0297,C8_FINAL_UIR_B6,True,164,40,2978.638
V2C-0298,C8_FINAL_UIR_B6,True,198,34,2978.638
V2C-0300,C8_FINAL_UIR_B6,True,192,32,2978.638
V2C-0328,C8_FINAL_UIR_B6,True,192,32,2978.638
V2C-0342,C8_FINAL_UIR_B6,True,198,37,2978.638
V2C-0348,C8_FINAL_UIR_B6,True,192,32,2981.638
V2C-0351,C8_FINAL_UIR_B6,True,170,41,2981.638
V2C-0354,C8_FINAL_UIR_B6,True,198,33,2981.638
V2C-0357,C8_FINAL_UIR_B6,True,164,40,2981.638
V2C-0360,C8_FINAL_UIR_B6,True,192,32,2981.638
V2C-0365,C8_FINAL_UIR_B6,True,164,40,2981.638
V2C-0369,C8_FINAL_UIR_B6,True,164,40,2981.638
V2C-0370,C8_FINAL_UIR_B6,True,198,35,2981.638
V2C-0374,C8_FINAL_UIR_B6,True,198,35,2993.889
V2C-0380,C8_FINAL_UIR_B6,True,192,32,2993.889
V2C-0384,C8_FINAL_UIR_B6,True,192,32,2993.889
V2C-0396,C8_FINAL_UIR_B6,True,192,32,2993.889
V2C-0399,C8_FINAL_UIR_B6,True,170,42,2993.889
V2C-0400,C8_FINAL_UIR_B6,True,192,32,2993.889
V2C-0401,C8_FINAL_UIR_B6,True,166,35,2993.889
V2C-0403,C8_FINAL_UIR_B6,True,171,45,2993.889
V2C-0409,C8_FINAL_UIR_B6,True,166,43,2993.889
V2C-0415,C8_FINAL_UIR_B6,True,171,35,2993.889
V2C-0418,C8_FINAL_UIR_B6,True,198,36,2993.889
V2C-0424,C8_FINAL_UIR_B6,True,192,32,2993.889
V2C-0427,C8_FINAL_UIR_B6,True,171,45,2993.889
V2C-0430,C8_FINAL_UIR_B6,True,198,35,2993.889
V2C-0431,C8_FINAL_UIR_B6,True,171,44,2993.889
V2C-0458,C8_FINAL_UIR_B6,True,198,34,2993.889
V2C-0462,C8_FINAL_UIR_B6,True,198,37,2993.889
V2C-0478,C8_FINAL_UIR_B6,True,198,34,2993.889
V2C-0487,C8_FINAL_UIR_B6,True,171,45,2993.889
V2C-0502,C8_FINAL_UIR_B6,True,198,35,2993.889
V2C-0505,C8_FINAL_UIR_B6,True,166,42,2993.889
V2C-0512,C8_FINAL_UIR_B6,True,192,32,2993.889
V2C-0528,C8_FINAL_UIR_B6,True,192,32,2993.889
V2C-0530,C8_FINAL_UIR_B6,True,198,35,2993.889
V2C-0532,C8_FINAL_UIR_B6,True,192,32,2992.231
V2C-0533,C8_FINAL_UIR_B6,True,166,43,2992.231
V2C-0536,C8_FINAL_UIR_B6,True,192,32,2992.231
V2C-0560,C8_FINAL_UIR_B6,True,192,33,2992.231
V2C-0575,C8_FINAL_UIR_B6,True,171,41,2992.231
V2C-0589,C8_FINAL_UIR_B6,True,166,43,2992.231
V2C-0604,C8_FINAL_UIR_B6,True,192,32,2992.231
V2C-0606,C8_FINAL_UIR_B6,True,198,35,2992.231
V2C-0611,C8_FINAL_UIR_B6,True,171,44,2996.639
V2C-0615,C8_FINAL_UIR_B6,True,171,46,2996.639
V2C-0617,C8_FINAL_UIR_B6,True,166,43,2996.639
V2C-0621,C8_FINAL_UIR_B6,True,166,35,2996.639
V2C-0630,C8_FINAL_UIR_B6,True,198,35,2996.639
V2C-0632,C8_FINAL_UIR_B6,True,192,32,2996.639
V2C-0635,C8_FINAL_UIR_B6,True,171,41,2996.639
V2C-0653,C8_FINAL_UIR_B6,True,166,42,2996.639
V2C-0658,C8_FINAL_UIR_B6,True,198,37,2992.231
V2C-0670,C8_FINAL_UIR_B6,True,198,35,2992.231
V2C-0674,C8_FINAL_UIR_B6,True,198,35,2992.231
V2C-0681,C8_FINAL_UIR_B6,True,166,43,2992.231
V2C-0698,C8_FINAL_UIR_B6,True,198,37,2992.231
V2C-0700,C8_FINAL_UIR_B6,True,192,32,2992.231
V2C-0701,C8_FINAL_UIR_B6,True,166,43,2992.231
V2C-0708,C8_FINAL_UIR_B6,True,192,32,2992.231
V2C-0714,C8_FINAL_UIR_B6,True,198,33,2992.231
V2C-0717,C8_FINAL_UIR_B6,True,166,42,2992.231
V2C-0718,C8_FINAL_UIR_B6,True,198,36,2992.231
V2C-0722,C8_FINAL_UIR_B6,True,198,37,2992.231
V2C-0729,C8_FINAL_UIR_B6,True,166,43,2992.231
V2C-0735,C8_FINAL_UIR_B6,True,171,41,2992.231
V2C-0738,C8_FINAL_UIR_B6,True,198,37,2992.231
V2C-0744,C8_FINAL_UIR_B6,True,192,32,2992.231
V2C-0745,C8_FINAL_UIR_B6,True,166,42,2993.889
V2C-0757,C8_FINAL_UIR_B6,True,166,42,2993.889
V2C-0761,C8_FINAL_UIR_B6,True,166,43,2993.889
V2C-0767,C8_FINAL_UIR_B6,True,171,45,2993.889
V2C-0772,C8_FINAL_UIR_B6,True,192,32,2993.889
V2C-0773,C8_FINAL_UIR_B6,True,166,43,2993.889
V2C-0787,C8_FINAL_UIR_B6,True,171,45,2993.889
V2C-0790,C8_FINAL_UIR_B6,True,198,35,2993.889
V2C-0795,C8_FINAL_UIR_B6,True,171,41,2992.605
V2C-0796,C8_FINAL_UIR_B6,True,192,32,2992.605
V2C-0797,C8_FINAL_UIR_B6,True,166,42,2992.605
V2C-0801,C8_FINAL_UIR_B6,True,166,35,2992.605
V2C-0803,C8_FINAL_UIR_B6,True,171,35,2992.605
V2C-0811,C8_FINAL_UIR_B6,True,171,49,2992.605
V2C-0813,C8_FINAL_UIR_B6,True,166,43,2992.605
V2C-0815,C8_FINAL_UIR_B6,True,171,41,2992.605
V2C-0827,C8_FINAL_UIR_B6,True,171,45,2999.639
V2C-0835,C8_FINAL_UIR_B6,True,171,41,2999.639
V2C-0839,C8_FINAL_UIR_B6,True,171,45,2999.639
V2C-0842,C8_FINAL_UIR_B6,True,198,37,2999.639
V2C-0844,C8_FINAL_UIR_B6,True,192,32,2999.639
V2C-0847,C8_FINAL_UIR_B6,True,171,45,2999.639
V2C-0850,C8_FINAL_UIR_B6,True,198,35,2999.639
V2C-0851,C8_FINAL_UIR_B6,True,171,47,2999.639
V2C-0859,C8_FINAL_UIR_B6,True,171,45,2993.889
V2C-0862,C8_FINAL_UIR_B6,True,198,37,2993.889
V2C-0863,C8_FINAL_UIR_B6,True,171,45,2993.889
V2C-0867,C8_FINAL_UIR_B6,True,171,45,2993.889
V2C-0881,C8_FINAL_UIR_B6,True,166,43,2993.889
V2C-0886,C8_FINAL_UIR_B6,True,198,35,2993.889
V2C-0900,C8_FINAL_UIR_B6,True,192,32,2993.889
V2C-0901,C8_FINAL_UIR_B6,True,166,43,2993.889
V2C-0902,C8_FINAL_UIR_B6,True,198,37,3005.639
V2C-0903,C8_FINAL_UIR_B6,True,171,35,3005.639
V2C-0904,C8_FINAL_UIR_B6,True,192,32,3005.639
V2C-0907,C8_FINAL_UIR_B6,True,171,35,3005.639
V2C-0908,C8_FINAL_UIR_B6,True,192,32,3005.639
V2C-0909,C8_FINAL_UIR_B6,True,166,43,3005.639
V2C-0911,C8_FINAL_UIR_B6,True,171,49,3005.639
V2C-0912,C8_FINAL_UIR_B6,True,192,32,3005.639
V2C-0913,C8_FINAL_UIR_B6,True,166,42,2991.903
V2C-0914,C8_FINAL_UIR_B6,True,198,33,2991.903
V2C-0915,C8_FINAL_UIR_B6,True,171,35,2991.903
V2C-0916,C8_FINAL_UIR_B6,True,192,32,2991.903
V2C-0917,C8_FINAL_UIR_B6,True,166,42,2991.903
V2C-0918,C8_FINAL_UIR_B6,True,198,36,2991.903
V2C-0919,C8_FINAL_UIR_B6,True,171,42,2991.903
V2C-0921,C8_FINAL_UIR_B6,True,166,42,2991.903
V2C-0922,C8_FINAL_UIR_B6,True,198,37,2996.639
V2C-0923,C8_FINAL_UIR_B6,True,171,46,2996.639
V2C-0925,C8_FINAL_UIR_B6,True,166,42,2996.639
V2C-0926,C8_FINAL_UIR_B6,True,198,35,2996.639
V2C-0927,C8_FINAL_UIR_B6,True,171,35,2996.639
V2C-0928,C8_FINAL_UIR_B6,True,192,32,2996.639
V2C-0929,C8_FINAL_UIR_B6,True,166,43,2996.639
V2C-0930,C8_FINAL_UIR_B6,True,198,35,2996.639
V2C-0931,C8_FINAL_UIR_B6,True,171,47,2999.639
V2C-0932,C8_FINAL_UIR_B6,True,192,32,2999.639
V2C-0935,C8_FINAL_UIR_B6,True,171,41,2999.639
V2C-0936,C8_FINAL_UIR_B6,True,192,32,2999.639
V2C-0937,C8_FINAL_UIR_B6,True,166,42,2999.639
V2C-0938,C8_FINAL_UIR_B6,True,198,34,2999.639
V2C-0940,C8_FINAL_UIR_B6,True,192,32,2999.639
V2C-0941,C8_FINAL_UIR_B6,True,166,43,2999.639
V2C-0942,C8_FINAL_UIR_B6,True,198,37,2993.889
V2C-0944,C8_FINAL_UIR_B6,True,192,32,2993.889
V2C-0945,C8_FINAL_UIR_B6,True,166,42,2993.889
V2C-0947,C8_FINAL_UIR_B6,True,171,45,2993.889
V2C-0949,C8_FINAL_UIR_B6,True,166,43,2993.889
V2C-0950,C8_FINAL_UIR_B6,True,198,35,2993.889
V2C-0953,C8_FINAL_UIR_B6,True,166,42,2993.889
V2C-0954,C8_FINAL_UIR_B6,True,198,33,2993.889
V2C-0955,C8_FINAL_UIR_B6,True,171,41,2992.231
V2C-0957,C8_FINAL_UIR_B6,True,166,42,2992.231
V2C-0958,C8_FINAL_UIR_B6,True,198,37,2992.231
V2C-0960,C8_FINAL_UIR_B6,True,192,33,2992.231
V2C-0961,C8_FINAL_UIR_B6,True,166,43,2992.231
V2C-0965,C8_FINAL_UIR_B6,True,166,43,2992.231
V2C-0966,C8_FINAL_UIR_B6,True,198,35,2992.231
V2C-0969,C8_FINAL_UIR_B6,True,166,43,2992.231
V2C-0970,C8_FINAL_UIR_B6,True,198,35,2993.889
V2C-0972,C8_FINAL_UIR_B6,True,192,32,2993.889
V2C-0973,C8_FINAL_UIR_B6,True,166,42,2993.889
V2C-0974,C8_FINAL_UIR_B6,True,198,33,2993.889
V2C-0976,C8_FINAL_UIR_B6,True,192,32,2993.889
V2C-0977,C8_FINAL_UIR_B6,True,166,42,2993.889
V2C-0978,C8_FINAL_UIR_B6,True,198,34,2993.889
V2C-0979,C8_FINAL_UIR_B6,True,171,45,2993.889
V2C-0980,C8_FINAL_UIR_B6,True,192,32,2999.639
V2C-0981,C8_FINAL_UIR_B6,True,166,42,2999.639
V2C-0982,C8_FINAL_UIR_B6,True,198,37,2999.639
V2C-0988,C8_FINAL_UIR_B6,True,192,32,2999.639
V2C-0989,C8_FINAL_UIR_B6,True,166,43,2999.639
V2C-0990,C8_FINAL_UIR_B6,True,198,35,2999.639
V2C-0991,C8_FINAL_UIR_B6,True,171,47,2999.639
V2C-0994,C8_FINAL_UIR_B6,True,198,35,2999.639
V2C-0996,C8_FINAL_UIR_B6,True,192,32,2993.889
V2C-0999,C8_FINAL_UIR_B6,True,171,45,2993.889
V2C-1000,C8_FINAL_UIR_B6,False,0,0,0.0
V2C-1001,C8_FINAL_UIR_B6,False,0,0,0.0
V2C-1002,C8_FINAL_UIR_B6,False,0,0,0.0
V2C-1003,C8_FINAL_UIR_B6,False,0,0,0.0
V2C-1010,C8_FINAL_UIR_B6,False,0,0,0.0
V2C-1011,C8_FINAL_UIR_B6,False,0,0,0.0
V2C-1012,C8_FINAL_UIR_B6,False,0,0,0.0
V2C-1013,C8_FINAL_UIR_B6,False,0,0,0.0
V2C-1014,C8_FINAL_UIR_B6,False,0,0,0.0
V2C-1015,C8_FINAL_UIR_B6,False,0,0,0.0
V2C-1016,C8_FINAL_UIR_B6,False,0,0,0.0
V2C-1017,C8_FINAL_UIR_B6,False,0,0,0.0
V2C-1019,C8_FINAL_UIR_B6,False,0,0,0.0
V2C-1020,C8_FINAL_UIR_B6,False,0,0,0.0
V2C-1022,C8_FINAL_UIR_B6,False,0,0,0.0
V2C-1024,C8_FINAL_UIR_B6,False,0,0,0.0
V2C-1025,C8_FINAL_UIR_B6,False,0,0,0.0
V2C-1026,C8_FINAL_UIR_B6,False,0,0,0.0
V2C-1028,C8_FINAL_UIR_B6,False,0,0,0.0
V2C-1030,C8_FINAL_UIR_B6,False,0,0,0.0
V2C-1032,C8_FINAL_UIR_B6,False,0,0,0.0
V2C-1033,C8_FINAL_UIR_B6,False,0,0,0.0
V2C-1035,C8_FINAL_UIR_B6,False,0,0,0.0
V2C-1036,C8_FINAL_UIR_B6,False,0,0,0.0
V2C-1037,C8_FINAL_UIR_B6,False,0,0,0.0
V2C-1039,C8_FINAL_UIR_B6,False,0,0,0.0
V2C-1040,C8_FINAL_UIR_B6,False,0,0,0.0
V2C-1043,C8_FINAL_UIR_B6,False,0,0,0.0
V2C-1045,C8_FINAL_UIR_B6,False,0,0,0.0
V2C-1046,C8_FINAL_UIR_B6,False,0,0,0.0
V2C-1047,C8_FINAL_UIR_B6,False,0,0,0.0
V2C-1049,C8_FINAL_UIR_B6,False,0,0,0.0
V2C-1050,C8_FINAL_UIR_B6,False,0,0,0.0
V2C-1055,C8_FINAL_UIR_B6,False,0,0,0.0
V2C-1057,C8_FINAL_UIR_B6,False,0,0,0.0
V2C-1061,C8_FINAL_UIR_B6,False,0,0,0.0
V2C-1065,C8_FINAL_UIR_B6,False,0,0,0.0
V2C-1070,C8_FINAL_UIR_B6,False,0,0,0.0
V2C-1074,C8_FINAL_UIR_B6,False,0,0,0.0
V2C-1076,C8_FINAL_UIR_B6,False,0,0,0.0
V2C-1077,C8_FINAL_UIR_B6,False,0,0,0.0
V2C-1079,C8_FINAL_UIR_B6,False,0,0,0.0
V2C-1080,C8_FINAL_UIR_B6,False,0,0,0.0
V2C-1082,C8_FINAL_UIR_B6,False,0,0,0.0
V2C-1087,C8_FINAL_UIR_B6,False,0,0,0.0
V2C-1088,C8_FINAL_UIR_B6,False,0,0,0.0
V2C-1091,C8_FINAL_UIR_B6,False,0,0,0.0
V2C-1093,C8_FINAL_UIR_B6,False,0,0,0.0
V2C-1095,C8_FINAL_UIR_B6,False,0,0,0.0
V2C-1096,C8_FINAL_UIR_B6,False,0,0,0.0
V2C-1104,C8_FINAL_UIR_B6,False,0,0,0.0
V2C-1107,C8_FINAL_UIR_B6,False,0,0,0.0
V2C-1109,C8_FINAL_UIR_B6,False,0,0,0.0
V2C-1110,C8_FINAL_UIR_B6,False,0,0,0.0
V2C-1115,C8_FINAL_UIR_B6,False,0,0,0.0
V2C-1116,C8_FINAL_UIR_B6,False,0,0,0.0
V2C-1118,C8_FINAL_UIR_B6,False,0,0,0.0
V2C-1119,C8_FINAL_UIR_B6,False,0,0,0.0
V2C-1120,C8_FINAL_UIR_B6,False,0,0,0.0
V2C-1123,C8_FINAL_UIR_B6,False,0,0,0.0
V2C-1127,C8_FINAL_UIR_B6,False,0,0,0.0
V2C-1128,C8_FINAL_UIR_B6,False,0,0,0.0
V2C-1130,C8_FINAL_UIR_B6,False,0,0,0.0
V2C-1133,C8_FINAL_UIR_B6,False,0,0,0.0
V2C-1139,C8_FINAL_UIR_B6,False,0,0,0.0
V2C-1141,C8_FINAL_UIR_B6,False,0,0,0.0
V2C-1154,C8_FINAL_UIR_B6,True,198,33,2993.889
V2C-1155,C8_FINAL_UIR_B6,True,171,44,2993.889
V2C-1156,C8_FINAL_UIR_B6,True,192,32,2993.889
V2C-1158,C8_FINAL_UIR_B6,True,198,38,2993.889
V2C-1160,C8_FINAL_UIR_B6,True,192,35,2993.889
V2C-1162,C8_FINAL_UIR_B6,True,198,35,2993.889
V2C-1163,C8_FINAL_UIR_B6,True,171,45,2999.639
V2C-1164,C8_FINAL_UIR_B6,True,192,32,2999.639
V2C-1171,C8_FINAL_UIR_B6,True,171,47,2999.639
V2C-1173,C8_FINAL_UIR_B6,True,166,42,2999.639
V2C-1175,C8_FINAL_UIR_B6,True,171,35,2999.639
V2C-1178,C8_FINAL_UIR_B6,True,198,34,2999.639
V2C-1187,C8_FINAL_UIR_B6,True,171,45,2999.639
V2C-1190,C8_FINAL_UIR_B6,True,198,35,2999.639
V2C-1194,C8_FINAL_UIR_B6,True,198,33,2450.225
V2C-1199,C8_FINAL_UIR_B6,True,171,45,2450.225
